# orbit_id	orbit_size	representative_state_index	value
0	2	0	82
1	2	1	-70
2	2	2	18
3	2	3	32
4	2	4	-62
5	2	5	-782
6	4	6	-110
7	4	7	719
8	4	8	320
9	4	9	-323
10	4	10	-81
11	2	16	308
12	4	17	-130
13	4	18	44
14	4	19	339
15	4	20	-426
16	4	21	-102
17	2	27	-768
18	4	28	27
19	4	29	353
20	4	30	-106
21	4	31	-341
22	4	32	475
23	2	38	284
24	4	39	-155
25	4	40	291
26	4	41	-30
27	4	42	38
28	4	43	-226
29	2	49	958
30	4	50	-738
31	4	51	183
32	4	52	260
33	4	53	-416
34	4	54	133
35	2	60	82
36	2	61	-70
37	2	62	18
38	2	63	32
39	2	64	-62
40	2	65	-782
41	4	66	-110
42	4	67	719
43	4	68	320
44	4	69	-323
45	4	70	-81
46	2	76	308
47	4	77	-130
48	4	78	44
49	4	79	339
50	4	80	-426
51	4	81	-102
52	2	87	-768
53	4	88	27
54	4	89	353
55	4	90	-106
56	4	91	-341
57	4	92	475
58	2	98	284
59	4	99	-155
60	4	100	291
61	4	101	-30
62	4	102	38
63	4	103	-226
64	2	109	958
65	4	110	-738
66	4	111	183
67	4	112	260
68	4	113	-416
69	4	114	133
70	2	120	82
71	2	121	-70
72	2	122	18
73	2	123	32
74	2	124	-62
75	2	125	-782
76	4	126	-110
77	4	127	719
78	4	128	320
79	4	129	-323
80	4	130	-81
81	2	136	308
82	4	137	-130
83	4	138	44
84	4	139	339
85	4	140	-426
86	4	141	-102
87	2	147	-768
88	4	148	27
89	4	149	353
90	4	150	-106
91	4	151	-341
92	4	152	475
93	2	158	284
94	4	159	-155
95	4	160	291
96	4	161	-30
97	4	162	38
98	4	163	-226
99	2	169	958
100	4	170	-738
101	4	171	183
102	4	172	260
103	4	173	-416
104	4	174	133
105	2	180	-841
106	2	181	969
107	2	182	207
108	2	183	-727
109	2	184	392
110	2	185	-264
111	4	186	-498
112	4	187	-274
113	4	188	-681
114	4	189	-62
115	4	190	107
116	2	196	920
117	4	197	-140
118	4	198	-43
119	4	199	-10
120	4	200	495
121	4	201	197
122	2	207	1061
123	4	208	-116
124	4	209	-783
125	4	210	-876
126	4	211	-53
127	4	212	358
128	2	218	-1224
129	4	219	362
130	4	220	119
131	4	221	-527
132	4	222	568
133	4	223	78
134	2	229	-493
135	4	230	-52
136	4	231	110
137	4	232	-33
138	4	233	905
139	4	234	849
140	4	240	106
141	4	241	-223
142	4	242	-188
143	4	243	254
144	4	244	50
145	4	245	-88
146	4	246	62
147	4	247	25
148	4	248	-210
149	4	249	102
150	4	250	-210
151	4	251	-130
152	4	252	549
153	4	253	584
154	4	254	-47
155	4	255	-124
156	4	256	202
157	4	257	339
158	4	258	41
159	4	259	-627
160	4	260	132
161	4	261	-275
162	4	262	393
163	4	263	43
164	4	264	-64
165	4	265	-143
166	4	266	-60
167	4	267	184
168	4	268	61
169	4	269	500
170	4	270	167
171	4	271	-437
172	4	272	-6
173	4	273	253
174	4	274	339
175	4	275	-432
176	4	276	297
177	4	277	-126
178	4	278	-238
179	4	279	-426
180	4	280	-419
181	4	281	-23
182	4	282	-128
183	4	283	2
184	4	284	466
185	4	285	355
186	4	286	-238
187	4	287	308
188	4	288	-139
189	4	289	-59
190	4	290	33
191	4	291	-261
192	4	292	400
193	4	293	-54
194	4	294	-141
195	4	295	344
196	4	296	-670
197	4	297	-129
198	4	298	-101
199	4	299	-172
200	4	300	586
201	4	301	-777
202	4	302	-309
203	4	303	671
204	4	304	-171
205	4	305	507
206	4	306	343
207	4	307	127
208	4	308	406
209	4	309	95
210	4	310	532
211	4	311	-94
212	4	312	-102
213	4	313	-160
214	4	314	-53
215	4	315	669
216	4	316	-645
217	4	317	133
218	4	318	176
219	4	319	311
220	4	320	-774
221	4	321	-33
222	4	322	61
223	4	323	239
224	4	324	-222
225	4	325	-297
226	4	326	-58
227	4	327	-223
228	4	328	-205
229	4	329	-312
230	4	330	841
231	4	331	768
232	4	332	300
233	4	333	-1045
234	4	334	64
235	4	335	601
236	4	336	755
237	4	337	338
238	4	338	536
239	4	339	-504
240	4	340	-122
241	4	341	-333
242	4	342	-629
243	4	343	263
244	4	344	-401
245	4	345	-188
246	4	346	1124
247	4	347	-439
248	4	348	213
249	4	349	-175
250	4	350	-152
251	4	351	-145
252	4	352	-804
253	4	353	-718
254	4	354	-732
255	4	355	-785
256	4	356	291
257	4	357	18
258	4	358	68
259	4	359	567
260	4	360	-312
261	4	361	550
262	4	362	385
263	4	363	-578
264	4	364	-45
265	4	365	105
266	4	366	328
267	4	367	84
268	4	368	-37
269	4	369	-254
270	4	370	122
271	4	371	-247
272	4	372	-5
273	4	373	-222
274	4	374	-582
275	4	375	-670
276	4	376	-171
277	4	377	-31
278	4	378	-96
279	4	379	458
280	4	380	-312
281	4	381	-164
282	4	382	-77
283	4	383	604
284	4	384	-185
285	4	385	318
286	4	386	-54
287	4	387	-107
288	4	388	-711
289	4	389	-625
290	4	390	374
291	4	391	110
292	4	392	35
293	4	393	-369
294	4	394	-450
295	4	395	-569
296	4	396	-185
297	4	397	732
298	4	398	172
299	4	399	162
300	4	400	298
301	4	401	-395
302	4	402	-172
303	4	403	554
304	4	404	-735
305	4	405	156
306	4	406	421
307	4	407	-34
308	4	408	488
309	4	409	2
310	4	410	338
311	4	411	-449
312	4	412	-143
313	4	413	138
314	4	414	-434
315	4	415	766
316	4	416	523
317	4	417	431
318	4	418	597
319	4	419	176
320	2	600	-841
321	2	601	969
322	2	602	207
323	2	603	-727
324	2	604	392
325	2	605	-264
326	4	606	-498
327	4	607	-274
328	4	608	-681
329	4	609	-62
330	4	610	107
331	2	616	920
332	4	617	-140
333	4	618	-43
334	4	619	-10
335	4	620	495
336	4	621	197
337	2	627	1061
338	4	628	-116
339	4	629	-783
340	4	630	-876
341	4	631	-53
342	4	632	358
343	2	638	-1224
344	4	639	362
345	4	640	119
346	4	641	-527
347	4	642	568
348	4	643	78
349	2	649	-493
350	4	650	-52
351	4	651	110
352	4	652	-33
353	4	653	905
354	4	654	849
355	4	660	-312
356	4	661	550
357	4	662	385
358	4	663	-578
359	4	664	-45
360	4	665	105
361	4	666	-670
362	4	667	-582
363	4	668	-222
364	4	669	-5
365	4	670	-247
366	4	671	122
367	4	672	-254
368	4	673	-37
369	4	674	84
370	4	675	328
371	4	676	-171
372	4	677	-54
373	4	678	318
374	4	679	-185
375	4	680	604
376	4	681	-77
377	4	682	-164
378	4	683	-312
379	4	684	458
380	4	685	-96
381	4	686	-31
382	4	687	-107
383	4	688	732
384	4	689	-185
385	4	690	-569
386	4	691	-450
387	4	692	-369
388	4	693	35
389	4	694	110
390	4	695	374
391	4	696	-625
392	4	697	-711
393	4	698	172
394	4	699	488
395	4	700	-34
396	4	701	421
397	4	702	156
398	4	703	-735
399	4	704	554
400	4	705	-172
401	4	706	-395
402	4	707	298
403	4	708	162
404	4	709	2
405	4	710	176
406	4	711	597
407	4	712	431
408	4	713	523
409	4	714	766
410	4	715	-434
411	4	716	138
412	4	717	-143
413	4	718	-449
414	4	719	338
415	4	720	106
416	4	721	-223
417	4	722	-188
418	4	723	254
419	4	724	50
420	4	725	-88
421	4	726	62
422	4	727	25
423	4	728	-210
424	4	729	102
425	4	730	-210
426	4	731	-130
427	4	732	549
428	4	733	584
429	4	734	-47
430	4	735	-124
431	4	736	202
432	4	737	339
433	4	738	41
434	4	739	-627
435	4	740	132
436	4	741	-275
437	4	742	393
438	4	743	43
439	4	744	-64
440	4	745	-143
441	4	746	-60
442	4	747	184
443	4	748	61
444	4	749	500
445	4	750	167
446	4	751	-437
447	4	752	-6
448	4	753	253
449	4	754	339
450	4	755	-432
451	4	756	297
452	4	757	-126
453	4	758	-238
454	4	759	-426
455	4	760	-419
456	4	761	-23
457	4	762	-128
458	4	763	2
459	4	764	466
460	4	765	355
461	4	766	-238
462	4	767	308
463	4	768	-139
464	4	769	-59
465	4	770	33
466	4	771	-261
467	4	772	400
468	4	773	-54
469	4	774	-141
470	4	775	344
471	4	776	-670
472	4	777	-129
473	4	778	-101
474	4	779	-172
475	4	780	586
476	4	781	-777
477	4	782	-309
478	4	783	671
479	4	784	-171
480	4	785	507
481	4	786	669
482	4	787	-53
483	4	788	-160
484	4	789	-102
485	4	790	-94
486	4	791	532
487	4	792	95
488	4	793	406
489	4	794	127
490	4	795	343
491	4	796	-645
492	4	797	-58
493	4	798	-297
494	4	799	-222
495	4	800	239
496	4	801	61
497	4	802	-33
498	4	803	-774
499	4	804	311
500	4	805	176
501	4	806	133
502	4	807	-223
503	4	808	338
504	4	809	755
505	4	810	601
506	4	811	64
507	4	812	-1045
508	4	813	300
509	4	814	768
510	4	815	841
511	4	816	-312
512	4	817	-205
513	4	818	536
514	4	819	213
515	4	820	-439
516	4	821	1124
517	4	822	-188
518	4	823	-401
519	4	824	263
520	4	825	-629
521	4	826	-333
522	4	827	-122
523	4	828	-504
524	4	829	-175
525	4	830	567
526	4	831	68
527	4	832	18
528	4	833	291
529	4	834	-785
530	4	835	-732
531	4	836	-718
532	4	837	-804
533	4	838	-145
534	4	839	-152
535	2	1020	-841
536	2	1021	969
537	2	1022	207
538	2	1023	-727
539	2	1024	392
540	2	1025	-264
541	4	1026	-498
542	4	1027	-274
543	4	1028	-681
544	4	1029	-62
545	4	1030	107
546	2	1036	920
547	4	1037	-140
548	4	1038	-43
549	4	1039	-10
550	4	1040	495
551	4	1041	197
552	2	1047	1061
553	4	1048	-116
554	4	1049	-783
555	4	1050	-876
556	4	1051	-53
557	4	1052	358
558	2	1058	-1224
559	4	1059	362
560	4	1060	119
561	4	1061	-527
562	4	1062	568
563	4	1063	78
564	2	1069	-493
565	4	1070	-52
566	4	1071	110
567	4	1072	-33
568	4	1073	905
569	4	1074	849
570	4	1080	586
571	4	1081	-777
572	4	1082	-309
573	4	1083	671
574	4	1084	-171
575	4	1085	507
576	4	1086	669
577	4	1087	-53
578	4	1088	-160
579	4	1089	-102
580	4	1090	-94
581	4	1091	532
582	4	1092	95
583	4	1093	406
584	4	1094	127
585	4	1095	343
586	4	1096	-645
587	4	1097	-58
588	4	1098	-297
589	4	1099	-222
590	4	1100	239
591	4	1101	61
592	4	1102	-33
593	4	1103	-774
594	4	1104	311
595	4	1105	176
596	4	1106	133
597	4	1107	-223
598	4	1108	338
599	4	1109	755
600	4	1110	601
601	4	1111	64
602	4	1112	-1045
603	4	1113	300
604	4	1114	768
605	4	1115	841
606	4	1116	-312
607	4	1117	-205
608	4	1118	536
609	4	1119	213
610	4	1120	-439
611	4	1121	1124
612	4	1122	-188
613	4	1123	-401
614	4	1124	263
615	4	1125	-629
616	4	1126	-333
617	4	1127	-122
618	4	1128	-504
619	4	1129	-175
620	4	1130	567
621	4	1131	68
622	4	1132	18
623	4	1133	291
624	4	1134	-785
625	4	1135	-732
626	4	1136	-718
627	4	1137	-804
628	4	1138	-145
629	4	1139	-152
630	4	1140	-312
631	4	1141	550
632	4	1142	385
633	4	1143	-578
634	4	1144	-45
635	4	1145	105
636	4	1146	328
637	4	1147	84
638	4	1148	-37
639	4	1149	-254
640	4	1150	122
641	4	1151	-247
642	4	1152	-5
643	4	1153	-222
644	4	1154	-582
645	4	1155	-670
646	4	1156	-171
647	4	1157	-31
648	4	1158	-96
649	4	1159	458
650	4	1160	-312
651	4	1161	-164
652	4	1162	-77
653	4	1163	604
654	4	1164	-185
655	4	1165	318
656	4	1166	-54
657	4	1167	-107
658	4	1168	-711
659	4	1169	-625
660	4	1170	374
661	4	1171	110
662	4	1172	35
663	4	1173	-369
664	4	1174	-450
665	4	1175	-569
666	4	1176	-185
667	4	1177	732
668	4	1178	172
669	4	1179	162
670	4	1180	298
671	4	1181	-395
672	4	1182	-172
673	4	1183	554
674	4	1184	-735
675	4	1185	156
676	4	1186	421
677	4	1187	-34
678	4	1188	488
679	4	1189	2
680	4	1190	338
681	4	1191	-449
682	4	1192	-143
683	4	1193	138
684	4	1194	-434
685	4	1195	766
686	4	1196	523
687	4	1197	431
688	4	1198	597
689	4	1199	176
690	4	1200	106
691	4	1201	-223
692	4	1202	-188
693	4	1203	254
694	4	1204	50
695	4	1205	-88
696	4	1206	62
697	4	1207	25
698	4	1208	-210
699	4	1209	102
700	4	1210	-210
701	4	1211	-130
702	4	1212	549
703	4	1213	584
704	4	1214	-47
705	4	1215	-124
706	4	1216	202
707	4	1217	339
708	4	1218	41
709	4	1219	-627
710	4	1220	132
711	4	1221	-275
712	4	1222	393
713	4	1223	43
714	4	1224	-64
715	4	1225	-143
716	4	1226	-60
717	4	1227	184
718	4	1228	61
719	4	1229	500
720	4	1230	167
721	4	1231	-437
722	4	1232	-6
723	4	1233	253
724	4	1234	339
725	4	1235	-432
726	4	1236	297
727	4	1237	-126
728	4	1238	-238
729	4	1239	-426
730	4	1240	-419
731	4	1241	-23
732	4	1242	-128
733	4	1243	2
734	4	1244	466
735	4	1245	355
736	4	1246	-238
737	4	1247	308
738	4	1248	-139
739	4	1249	-59
740	4	1250	33
741	4	1251	-261
742	4	1252	400
743	4	1253	-54
744	4	1254	-141
745	4	1255	344
746	4	1256	-670
747	4	1257	-129
748	4	1258	-101
749	4	1259	-172
750	2	1440	82
751	2	1441	-70
752	2	1442	18
753	2	1443	32
754	2	1444	-62
755	2	1445	-782
756	4	1446	-110
757	4	1447	719
758	4	1448	320
759	4	1449	-323
760	4	1450	-81
761	2	1456	308
762	4	1457	-130
763	4	1458	44
764	4	1459	339
765	4	1460	-426
766	4	1461	-102
767	2	1467	-768
768	4	1468	27
769	4	1469	353
770	4	1470	-106
771	4	1471	-341
772	4	1472	475
773	2	1478	284
774	4	1479	-155
775	4	1480	291
776	4	1481	-30
777	4	1482	38
778	4	1483	-226
779	2	1489	958
780	4	1490	-738
781	4	1491	183
782	4	1492	260
783	4	1493	-416
784	4	1494	133
785	2	1500	82
786	2	1501	-70
787	2	1502	18
788	2	1503	32
789	2	1504	-62
790	2	1505	-782
791	4	1506	-110
792	4	1507	719
793	4	1508	320
794	4	1509	-323
795	4	1510	-81
796	2	1516	308
797	4	1517	-130
798	4	1518	44
799	4	1519	339
800	4	1520	-426
801	4	1521	-102
802	2	1527	-768
803	4	1528	27
804	4	1529	353
805	4	1530	-106
806	4	1531	-341
807	4	1532	475
808	2	1538	284
809	4	1539	-155
810	4	1540	291
811	4	1541	-30
812	4	1542	38
813	4	1543	-226
814	2	1549	958
815	4	1550	-738
816	4	1551	183
817	4	1552	260
818	4	1553	-416
819	4	1554	133
820	2	1560	82
821	2	1561	-70
822	2	1562	18
823	2	1563	32
824	2	1564	-62
825	2	1565	-782
826	4	1566	-110
827	4	1567	719
828	4	1568	320
829	4	1569	-323
830	4	1570	-81
831	2	1576	308
832	4	1577	-130
833	4	1578	44
834	4	1579	339
835	4	1580	-426
836	4	1581	-102
837	2	1587	-768
838	4	1588	27
839	4	1589	353
840	4	1590	-106
841	4	1591	-341
842	4	1592	475
843	2	1598	284
844	4	1599	-155
845	4	1600	291
846	4	1601	-30
847	4	1602	38
848	4	1603	-226
849	2	1609	958
850	4	1610	-738
851	4	1611	183
852	4	1612	260
853	4	1613	-416
854	4	1614	133
855	2	1620	-841
856	2	1621	969
857	2	1622	207
858	2	1623	-727
859	2	1624	392
860	2	1625	-264
861	4	1626	-498
862	4	1627	-274
863	4	1628	-681
864	4	1629	-62
865	4	1630	107
866	2	1636	920
867	4	1637	-140
868	4	1638	-43
869	4	1639	-10
870	4	1640	495
871	4	1641	197
872	2	1647	1061
873	4	1648	-116
874	4	1649	-783
875	4	1650	-876
876	4	1651	-53
877	4	1652	358
878	2	1658	-1224
879	4	1659	362
880	4	1660	119
881	4	1661	-527
882	4	1662	568
883	4	1663	78
884	2	1669	-493
885	4	1670	-52
886	4	1671	110
887	4	1672	-33
888	4	1673	905
889	4	1674	849
890	4	1680	106
891	4	1681	-223
892	4	1682	-188
893	4	1683	254
894	4	1684	50
895	4	1685	-88
896	4	1686	62
897	4	1687	25
898	4	1688	-210
899	4	1689	102
900	4	1690	-210
901	4	1691	-130
902	4	1692	549
903	4	1693	584
904	4	1694	-47
905	4	1695	-124
906	4	1696	202
907	4	1697	339
908	4	1698	41
909	4	1699	-627
910	4	1700	132
911	4	1701	-275
912	4	1702	393
913	4	1703	43
914	4	1704	-64
915	4	1705	-143
916	4	1706	-60
917	4	1707	184
918	4	1708	61
919	4	1709	500
920	4	1710	167
921	4	1711	-437
922	4	1712	-6
923	4	1713	253
924	4	1714	339
925	4	1715	-432
926	4	1716	297
927	4	1717	-126
928	4	1718	-238
929	4	1719	-426
930	4	1720	-419
931	4	1721	-23
932	4	1722	-128
933	4	1723	2
934	4	1724	466
935	4	1725	355
936	4	1726	-238
937	4	1727	308
938	4	1728	-139
939	4	1729	-59
940	4	1730	33
941	4	1731	-261
942	4	1732	400
943	4	1733	-54
944	4	1734	-141
945	4	1735	344
946	4	1736	-670
947	4	1737	-129
948	4	1738	-101
949	4	1739	-172
950	4	1740	586
951	4	1741	-777
952	4	1742	-309
953	4	1743	671
954	4	1744	-171
955	4	1745	507
956	4	1746	343
957	4	1747	127
958	4	1748	406
959	4	1749	95
960	4	1750	532
961	4	1751	-94
962	4	1752	-102
963	4	1753	-160
964	4	1754	-53
965	4	1755	669
966	4	1756	-645
967	4	1757	133
968	4	1758	176
969	4	1759	311
970	4	1760	-774
971	4	1761	-33
972	4	1762	61
973	4	1763	239
974	4	1764	-222
975	4	1765	-297
976	4	1766	-58
977	4	1767	-223
978	4	1768	-205
979	4	1769	-312
980	4	1770	841
981	4	1771	768
982	4	1772	300
983	4	1773	-1045
984	4	1774	64
985	4	1775	601
986	4	1776	755
987	4	1777	338
988	4	1778	536
989	4	1779	-504
990	4	1780	-122
991	4	1781	-333
992	4	1782	-629
993	4	1783	263
994	4	1784	-401
995	4	1785	-188
996	4	1786	1124
997	4	1787	-439
998	4	1788	213
999	4	1789	-175
1000	4	1790	-152
1001	4	1791	-145
1002	4	1792	-804
1003	4	1793	-718
1004	4	1794	-732
1005	4	1795	-785
1006	4	1796	291
1007	4	1797	18
1008	4	1798	68
1009	4	1799	567
1010	4	1800	-312
1011	4	1801	550
1012	4	1802	385
1013	4	1803	-578
1014	4	1804	-45
1015	4	1805	105
1016	4	1806	328
1017	4	1807	84
1018	4	1808	-37
1019	4	1809	-254
1020	4	1810	122
1021	4	1811	-247
1022	4	1812	-5
1023	4	1813	-222
1024	4	1814	-582
1025	4	1815	-670
1026	4	1816	-171
1027	4	1817	-31
1028	4	1818	-96
1029	4	1819	458
1030	4	1820	-312
1031	4	1821	-164
1032	4	1822	-77
1033	4	1823	604
1034	4	1824	-185
1035	4	1825	318
1036	4	1826	-54
1037	4	1827	-107
1038	4	1828	-711
1039	4	1829	-625
1040	4	1830	374
1041	4	1831	110
1042	4	1832	35
1043	4	1833	-369
1044	4	1834	-450
1045	4	1835	-569
1046	4	1836	-185
1047	4	1837	732
1048	4	1838	172
1049	4	1839	162
1050	4	1840	298
1051	4	1841	-395
1052	4	1842	-172
1053	4	1843	554
1054	4	1844	-735
1055	4	1845	156
1056	4	1846	421
1057	4	1847	-34
1058	4	1848	488
1059	4	1849	2
1060	4	1850	338
1061	4	1851	-449
1062	4	1852	-143
1063	4	1853	138
1064	4	1854	-434
1065	4	1855	766
1066	4	1856	523
1067	4	1857	431
1068	4	1858	597
1069	4	1859	176
1070	2	2040	-841
1071	2	2041	969
1072	2	2042	207
1073	2	2043	-727
1074	2	2044	392
1075	2	2045	-264
1076	4	2046	-498
1077	4	2047	-274
1078	4	2048	-681
1079	4	2049	-62
1080	4	2050	107
1081	2	2056	920
1082	4	2057	-140
1083	4	2058	-43
1084	4	2059	-10
1085	4	2060	495
1086	4	2061	197
1087	2	2067	1061
1088	4	2068	-116
1089	4	2069	-783
1090	4	2070	-876
1091	4	2071	-53
1092	4	2072	358
1093	2	2078	-1224
1094	4	2079	362
1095	4	2080	119
1096	4	2081	-527
1097	4	2082	568
1098	4	2083	78
1099	2	2089	-493
1100	4	2090	-52
1101	4	2091	110
1102	4	2092	-33
1103	4	2093	905
1104	4	2094	849
1105	4	2100	-312
1106	4	2101	550
1107	4	2102	385
1108	4	2103	-578
1109	4	2104	-45
1110	4	2105	105
1111	4	2106	-670
1112	4	2107	-582
1113	4	2108	-222
1114	4	2109	-5
1115	4	2110	-247
1116	4	2111	122
1117	4	2112	-254
1118	4	2113	-37
1119	4	2114	84
1120	4	2115	328
1121	4	2116	-171
1122	4	2117	-54
1123	4	2118	318
1124	4	2119	-185
1125	4	2120	604
1126	4	2121	-77
1127	4	2122	-164
1128	4	2123	-312
1129	4	2124	458
1130	4	2125	-96
1131	4	2126	-31
1132	4	2127	-107
1133	4	2128	732
1134	4	2129	-185
1135	4	2130	-569
1136	4	2131	-450
1137	4	2132	-369
1138	4	2133	35
1139	4	2134	110
1140	4	2135	374
1141	4	2136	-625
1142	4	2137	-711
1143	4	2138	172
1144	4	2139	488
1145	4	2140	-34
1146	4	2141	421
1147	4	2142	156
1148	4	2143	-735
1149	4	2144	554
1150	4	2145	-172
1151	4	2146	-395
1152	4	2147	298
1153	4	2148	162
1154	4	2149	2
1155	4	2150	176
1156	4	2151	597
1157	4	2152	431
1158	4	2153	523
1159	4	2154	766
1160	4	2155	-434
1161	4	2156	138
1162	4	2157	-143
1163	4	2158	-449
1164	4	2159	338
1165	4	2160	106
1166	4	2161	-223
1167	4	2162	-188
1168	4	2163	254
1169	4	2164	50
1170	4	2165	-88
1171	4	2166	62
1172	4	2167	25
1173	4	2168	-210
1174	4	2169	102
1175	4	2170	-210
1176	4	2171	-130
1177	4	2172	549
1178	4	2173	584
1179	4	2174	-47
1180	4	2175	-124
1181	4	2176	202
1182	4	2177	339
1183	4	2178	41
1184	4	2179	-627
1185	4	2180	132
1186	4	2181	-275
1187	4	2182	393
1188	4	2183	43
1189	4	2184	-64
1190	4	2185	-143
1191	4	2186	-60
1192	4	2187	184
1193	4	2188	61
1194	4	2189	500
1195	4	2190	167
1196	4	2191	-437
1197	4	2192	-6
1198	4	2193	253
1199	4	2194	339
1200	4	2195	-432
1201	4	2196	297
1202	4	2197	-126
1203	4	2198	-238
1204	4	2199	-426
1205	4	2200	-419
1206	4	2201	-23
1207	4	2202	-128
1208	4	2203	2
1209	4	2204	466
1210	4	2205	355
1211	4	2206	-238
1212	4	2207	308
1213	4	2208	-139
1214	4	2209	-59
1215	4	2210	33
1216	4	2211	-261
1217	4	2212	400
1218	4	2213	-54
1219	4	2214	-141
1220	4	2215	344
1221	4	2216	-670
1222	4	2217	-129
1223	4	2218	-101
1224	4	2219	-172
1225	4	2220	586
1226	4	2221	-777
1227	4	2222	-309
1228	4	2223	671
1229	4	2224	-171
1230	4	2225	507
1231	4	2226	669
1232	4	2227	-53
1233	4	2228	-160
1234	4	2229	-102
1235	4	2230	-94
1236	4	2231	532
1237	4	2232	95
1238	4	2233	406
1239	4	2234	127
1240	4	2235	343
1241	4	2236	-645
1242	4	2237	-58
1243	4	2238	-297
1244	4	2239	-222
1245	4	2240	239
1246	4	2241	61
1247	4	2242	-33
1248	4	2243	-774
1249	4	2244	311
1250	4	2245	176
1251	4	2246	133
1252	4	2247	-223
1253	4	2248	338
1254	4	2249	755
1255	4	2250	601
1256	4	2251	64
1257	4	2252	-1045
1258	4	2253	300
1259	4	2254	768
1260	4	2255	841
1261	4	2256	-312
1262	4	2257	-205
1263	4	2258	536
1264	4	2259	213
1265	4	2260	-439
1266	4	2261	1124
1267	4	2262	-188
1268	4	2263	-401
1269	4	2264	263
1270	4	2265	-629
1271	4	2266	-333
1272	4	2267	-122
1273	4	2268	-504
1274	4	2269	-175
1275	4	2270	567
1276	4	2271	68
1277	4	2272	18
1278	4	2273	291
1279	4	2274	-785
1280	4	2275	-732
1281	4	2276	-718
1282	4	2277	-804
1283	4	2278	-145
1284	4	2279	-152
1285	2	2460	-841
1286	2	2461	969
1287	2	2462	207
1288	2	2463	-727
1289	2	2464	392
1290	2	2465	-264
1291	4	2466	-498
1292	4	2467	-274
1293	4	2468	-681
1294	4	2469	-62
1295	4	2470	107
1296	2	2476	920
1297	4	2477	-140
1298	4	2478	-43
1299	4	2479	-10
1300	4	2480	495
1301	4	2481	197
1302	2	2487	1061
1303	4	2488	-116
1304	4	2489	-783
1305	4	2490	-876
1306	4	2491	-53
1307	4	2492	358
1308	2	2498	-1224
1309	4	2499	362
1310	4	2500	119
1311	4	2501	-527
1312	4	2502	568
1313	4	2503	78
1314	2	2509	-493
1315	4	2510	-52
1316	4	2511	110
1317	4	2512	-33
1318	4	2513	905
1319	4	2514	849
1320	4	2520	586
1321	4	2521	-777
1322	4	2522	-309
1323	4	2523	671
1324	4	2524	-171
1325	4	2525	507
1326	4	2526	669
1327	4	2527	-53
1328	4	2528	-160
1329	4	2529	-102
1330	4	2530	-94
1331	4	2531	532
1332	4	2532	95
1333	4	2533	406
1334	4	2534	127
1335	4	2535	343
1336	4	2536	-645
1337	4	2537	-58
1338	4	2538	-297
1339	4	2539	-222
1340	4	2540	239
1341	4	2541	61
1342	4	2542	-33
1343	4	2543	-774
1344	4	2544	311
1345	4	2545	176
1346	4	2546	133
1347	4	2547	-223
1348	4	2548	338
1349	4	2549	755
1350	4	2550	601
1351	4	2551	64
1352	4	2552	-1045
1353	4	2553	300
1354	4	2554	768
1355	4	2555	841
1356	4	2556	-312
1357	4	2557	-205
1358	4	2558	536
1359	4	2559	213
1360	4	2560	-439
1361	4	2561	1124
1362	4	2562	-188
1363	4	2563	-401
1364	4	2564	263
1365	4	2565	-629
1366	4	2566	-333
1367	4	2567	-122
1368	4	2568	-504
1369	4	2569	-175
1370	4	2570	567
1371	4	2571	68
1372	4	2572	18
1373	4	2573	291
1374	4	2574	-785
1375	4	2575	-732
1376	4	2576	-718
1377	4	2577	-804
1378	4	2578	-145
1379	4	2579	-152
1380	4	2580	-312
1381	4	2581	550
1382	4	2582	385
1383	4	2583	-578
1384	4	2584	-45
1385	4	2585	105
1386	4	2586	328
1387	4	2587	84
1388	4	2588	-37
1389	4	2589	-254
1390	4	2590	122
1391	4	2591	-247
1392	4	2592	-5
1393	4	2593	-222
1394	4	2594	-582
1395	4	2595	-670
1396	4	2596	-171
1397	4	2597	-31
1398	4	2598	-96
1399	4	2599	458
1400	4	2600	-312
1401	4	2601	-164
1402	4	2602	-77
1403	4	2603	604
1404	4	2604	-185
1405	4	2605	318
1406	4	2606	-54
1407	4	2607	-107
1408	4	2608	-711
1409	4	2609	-625
1410	4	2610	374
1411	4	2611	110
1412	4	2612	35
1413	4	2613	-369
1414	4	2614	-450
1415	4	2615	-569
1416	4	2616	-185
1417	4	2617	732
1418	4	2618	172
1419	4	2619	162
1420	4	2620	298
1421	4	2621	-395
1422	4	2622	-172
1423	4	2623	554
1424	4	2624	-735
1425	4	2625	156
1426	4	2626	421
1427	4	2627	-34
1428	4	2628	488
1429	4	2629	2
1430	4	2630	338
1431	4	2631	-449
1432	4	2632	-143
1433	4	2633	138
1434	4	2634	-434
1435	4	2635	766
1436	4	2636	523
1437	4	2637	431
1438	4	2638	597
1439	4	2639	176
1440	4	2640	106
1441	4	2641	-223
1442	4	2642	-188
1443	4	2643	254
1444	4	2644	50
1445	4	2645	-88
1446	4	2646	62
1447	4	2647	25
1448	4	2648	-210
1449	4	2649	102
1450	4	2650	-210
1451	4	2651	-130
1452	4	2652	549
1453	4	2653	584
1454	4	2654	-47
1455	4	2655	-124
1456	4	2656	202
1457	4	2657	339
1458	4	2658	41
1459	4	2659	-627
1460	4	2660	132
1461	4	2661	-275
1462	4	2662	393
1463	4	2663	43
1464	4	2664	-64
1465	4	2665	-143
1466	4	2666	-60
1467	4	2667	184
1468	4	2668	61
1469	4	2669	500
1470	4	2670	167
1471	4	2671	-437
1472	4	2672	-6
1473	4	2673	253
1474	4	2674	339
1475	4	2675	-432
1476	4	2676	297
1477	4	2677	-126
1478	4	2678	-238
1479	4	2679	-426
1480	4	2680	-419
1481	4	2681	-23
1482	4	2682	-128
1483	4	2683	2
1484	4	2684	466
1485	4	2685	355
1486	4	2686	-238
1487	4	2687	308
1488	4	2688	-139
1489	4	2689	-59
1490	4	2690	33
1491	4	2691	-261
1492	4	2692	400
1493	4	2693	-54
1494	4	2694	-141
1495	4	2695	344
1496	4	2696	-670
1497	4	2697	-129
1498	4	2698	-101
1499	4	2699	-172
1500	2	2880	186
1501	2	2881	-530
1502	2	2882	-557
1503	2	2883	672
1504	2	2884	230
1505	2	2885	623
1506	4	2886	194
1507	4	2887	-41
1508	4	2888	481
1509	4	2889	-140
1510	4	2890	-269
1511	2	2896	-1071
1512	4	2897	268
1513	4	2898	259
1514	4	2899	524
1515	4	2900	-11
1516	4	2901	-363
1517	2	2907	-724
1518	4	2908	620
1519	4	2909	191
1520	4	2910	733
1521	4	2911	-2
1522	4	2912	-85
1523	2	2918	1109
1524	4	2919	106
1525	4	2920	-164
1526	4	2921	59
1527	4	2922	-614
1528	4	2923	-707
1529	2	2929	62
1530	4	2930	78
1531	4	2931	-297
1532	4	2932	168
1533	4	2933	-416
1534	4	2934	-573
1535	2	2940	186
1536	2	2941	-530
1537	2	2942	-557
1538	2	2943	672
1539	2	2944	230
1540	2	2945	623
1541	4	2946	194
1542	4	2947	-41
1543	4	2948	481
1544	4	2949	-140
1545	4	2950	-269
1546	2	2956	-1071
1547	4	2957	268
1548	4	2958	259
1549	4	2959	524
1550	4	2960	-11
1551	4	2961	-363
1552	2	2967	-724
1553	4	2968	620
1554	4	2969	191
1555	4	2970	733
1556	4	2971	-2
1557	4	2972	-85
1558	2	2978	1109
1559	4	2979	106
1560	4	2980	-164
1561	4	2981	59
1562	4	2982	-614
1563	4	2983	-707
1564	2	2989	62
1565	4	2990	78
1566	4	2991	-297
1567	4	2992	168
1568	4	2993	-416
1569	4	2994	-573
1570	2	3000	186
1571	2	3001	-530
1572	2	3002	-557
1573	2	3003	672
1574	2	3004	230
1575	2	3005	623
1576	4	3006	194
1577	4	3007	-41
1578	4	3008	481
1579	4	3009	-140
1580	4	3010	-269
1581	2	3016	-1071
1582	4	3017	268
1583	4	3018	259
1584	4	3019	524
1585	4	3020	-11
1586	4	3021	-363
1587	2	3027	-724
1588	4	3028	620
1589	4	3029	191
1590	4	3030	733
1591	4	3031	-2
1592	4	3032	-85
1593	2	3038	1109
1594	4	3039	106
1595	4	3040	-164
1596	4	3041	59
1597	4	3042	-614
1598	4	3043	-707
1599	2	3049	62
1600	4	3050	78
1601	4	3051	-297
1602	4	3052	168
1603	4	3053	-416
1604	4	3054	-573
1605	2	3060	460
1606	2	3061	-251
1607	2	3062	337
1608	2	3063	-53
1609	2	3064	-493
1610	2	3065	-322
1611	4	3066	364
1612	4	3067	508
1613	4	3068	-156
1614	4	3069	-296
1615	4	3070	410
1616	2	3076	140
1617	4	3077	-268
1618	4	3078	-270
1619	4	3079	47
1620	4	3080	-606
1621	4	3081	192
1622	2	3087	-295
1623	4	3088	-402
1624	4	3089	58
1625	4	3090	152
1626	4	3091	230
1627	4	3092	-159
1628	2	3098	96
1629	4	3099	-154
1630	4	3100	24
1631	4	3101	473
1632	4	3102	72
1633	4	3103	219
1634	2	3109	381
1635	4	3110	-216
1636	4	3111	431
1637	4	3112	-396
1638	4	3113	61
1639	4	3114	-319
1640	4	3120	-43
1641	4	3121	95
1642	4	3122	84
1643	4	3123	-111
1644	4	3124	-25
1645	4	3125	-383
1646	4	3126	-640
1647	4	3127	-443
1648	4	3128	-312
1649	4	3129	37
1650	4	3130	-19
1651	4	3131	672
1652	4	3132	-65
1653	4	3133	-217
1654	4	3134	644
1655	4	3135	511
1656	4	3136	582
1657	4	3137	-585
1658	4	3138	127
1659	4	3139	-506
1660	4	3140	740
1661	4	3141	304
1662	4	3142	107
1663	4	3143	-849
1664	4	3144	199
1665	4	3145	-198
1666	4	3146	76
1667	4	3147	322
1668	4	3148	382
1669	4	3149	142
1670	4	3150	-831
1671	4	3151	92
1672	4	3152	-332
1673	4	3153	480
1674	4	3154	140
1675	4	3155	507
1676	4	3156	-331
1677	4	3157	-923
1678	4	3158	-559
1679	4	3159	138
1680	4	3160	275
1681	4	3161	730
1682	4	3162	436
1683	4	3163	-359
1684	4	3164	883
1685	4	3165	-191
1686	4	3166	-754
1687	4	3167	-104
1688	4	3168	-275
1689	4	3169	38
1690	4	3170	-192
1691	4	3171	611
1692	4	3172	-45
1693	4	3173	397
1694	4	3174	910
1695	4	3175	-629
1696	4	3176	46
1697	4	3177	-502
1698	4	3178	-259
1699	4	3179	-23
1700	4	3180	-305
1701	4	3181	431
1702	4	3182	205
1703	4	3183	-393
1704	4	3184	62
1705	4	3185	58
1706	4	3186	-674
1707	4	3187	194
1708	4	3188	251
1709	4	3189	-89
1710	4	3190	-408
1711	4	3191	26
1712	4	3192	11
1713	4	3193	-271
1714	4	3194	-421
1715	4	3195	110
1716	4	3196	-13
1717	4	3197	197
1718	4	3198	392
1719	4	3199	-88
1720	4	3200	-66
1721	4	3201	99
1722	4	3202	-520
1723	4	3203	546
1724	4	3204	413
1725	4	3205	-274
1726	4	3206	-171
1727	4	3207	72
1728	4	3208	525
1729	4	3209	-278
1730	4	3210	-457
1731	4	3211	-937
1732	4	3212	203
1733	4	3213	207
1734	4	3214	362
1735	4	3215	-266
1736	4	3216	-436
1737	4	3217	-126
1738	4	3218	-37
1739	4	3219	590
1740	4	3220	-345
1741	4	3221	-463
1742	4	3222	41
1743	4	3223	-580
1744	4	3224	132
1745	4	3225	334
1746	4	3226	-87
1747	4	3227	685
1748	4	3228	111
1749	4	3229	-80
1750	4	3230	135
1751	4	3231	71
1752	4	3232	831
1753	4	3233	114
1754	4	3234	699
1755	4	3235	97
1756	4	3236	339
1757	4	3237	-240
1758	4	3238	-270
1759	4	3239	-248
1760	4	3240	25
1761	4	3241	-136
1762	4	3242	-179
1763	4	3243	195
1764	4	3244	95
1765	4	3245	175
1766	4	3246	-482
1767	4	3247	-437
1768	4	3248	351
1769	4	3249	60
1770	4	3250	-554
1771	4	3251	142
1772	4	3252	481
1773	4	3253	-127
1774	4	3254	-4
1775	4	3255	618
1776	4	3256	-104
1777	4	3257	-160
1778	4	3258	317
1779	4	3259	-548
1780	4	3260	422
1781	4	3261	243
1782	4	3262	-63
1783	4	3263	-175
1784	4	3264	-41
1785	4	3265	-353
1786	4	3266	644
1787	4	3267	115
1788	4	3268	31
1789	4	3269	188
1790	4	3270	-267
1791	4	3271	145
1792	4	3272	-290
1793	4	3273	-24
1794	4	3274	-29
1795	4	3275	429
1796	4	3276	465
1797	4	3277	-108
1798	4	3278	-7
1799	4	3279	-248
1800	4	3280	117
1801	4	3281	287
1802	4	3282	-31
1803	4	3283	6
1804	4	3284	405
1805	4	3285	-46
1806	4	3286	-246
1807	4	3287	-487
1808	4	3288	-267
1809	4	3289	-179
1810	4	3290	181
1811	4	3291	-231
1812	4	3292	253
1813	4	3293	-505
1814	4	3294	463
1815	4	3295	-647
1816	4	3296	-38
1817	4	3297	-70
1818	4	3298	-57
1819	4	3299	285
1820	2	3480	460
1821	2	3481	-251
1822	2	3482	337
1823	2	3483	-53
1824	2	3484	-493
1825	2	3485	-322
1826	4	3486	364
1827	4	3487	508
1828	4	3488	-156
1829	4	3489	-296
1830	4	3490	410
1831	2	3496	140
1832	4	3497	-268
1833	4	3498	-270
1834	4	3499	47
1835	4	3500	-606
1836	4	3501	192
1837	2	3507	-295
1838	4	3508	-402
1839	4	3509	58
1840	4	3510	152
1841	4	3511	230
1842	4	3512	-159
1843	2	3518	96
1844	4	3519	-154
1845	4	3520	24
1846	4	3521	473
1847	4	3522	72
1848	4	3523	219
1849	2	3529	381
1850	4	3530	-216
1851	4	3531	431
1852	4	3532	-396
1853	4	3533	61
1854	4	3534	-319
1855	4	3540	25
1856	4	3541	-136
1857	4	3542	-179
1858	4	3543	195
1859	4	3544	95
1860	4	3545	175
1861	4	3546	618
1862	4	3547	-4
1863	4	3548	-127
1864	4	3549	481
1865	4	3550	142
1866	4	3551	-554
1867	4	3552	60
1868	4	3553	351
1869	4	3554	-437
1870	4	3555	-482
1871	4	3556	-104
1872	4	3557	644
1873	4	3558	-353
1874	4	3559	-41
1875	4	3560	-175
1876	4	3561	-63
1877	4	3562	243
1878	4	3563	422
1879	4	3564	-548
1880	4	3565	317
1881	4	3566	-160
1882	4	3567	115
1883	4	3568	-108
1884	4	3569	465
1885	4	3570	429
1886	4	3571	-29
1887	4	3572	-24
1888	4	3573	-290
1889	4	3574	145
1890	4	3575	-267
1891	4	3576	188
1892	4	3577	31
1893	4	3578	-7
1894	4	3579	-267
1895	4	3580	-487
1896	4	3581	-246
1897	4	3582	-46
1898	4	3583	405
1899	4	3584	6
1900	4	3585	-31
1901	4	3586	287
1902	4	3587	117
1903	4	3588	-248
1904	4	3589	-179
1905	4	3590	285
1906	4	3591	-57
1907	4	3592	-70
1908	4	3593	-38
1909	4	3594	-647
1910	4	3595	463
1911	4	3596	-505
1912	4	3597	253
1913	4	3598	-231
1914	4	3599	181
1915	4	3600	-43
1916	4	3601	95
1917	4	3602	84
1918	4	3603	-111
1919	4	3604	-25
1920	4	3605	-383
1921	4	3606	-640
1922	4	3607	-443
1923	4	3608	-312
1924	4	3609	37
1925	4	3610	-19
1926	4	3611	672
1927	4	3612	-65
1928	4	3613	-217
1929	4	3614	644
1930	4	3615	511
1931	4	3616	582
1932	4	3617	-585
1933	4	3618	127
1934	4	3619	-506
1935	4	3620	740
1936	4	3621	304
1937	4	3622	107
1938	4	3623	-849
1939	4	3624	199
1940	4	3625	-198
1941	4	3626	76
1942	4	3627	322
1943	4	3628	382
1944	4	3629	142
1945	4	3630	-831
1946	4	3631	92
1947	4	3632	-332
1948	4	3633	480
1949	4	3634	140
1950	4	3635	507
1951	4	3636	-331
1952	4	3637	-923
1953	4	3638	-559
1954	4	3639	138
1955	4	3640	275
1956	4	3641	730
1957	4	3642	436
1958	4	3643	-359
1959	4	3644	883
1960	4	3645	-191
1961	4	3646	-754
1962	4	3647	-104
1963	4	3648	-275
1964	4	3649	38
1965	4	3650	-192
1966	4	3651	611
1967	4	3652	-45
1968	4	3653	397
1969	4	3654	910
1970	4	3655	-629
1971	4	3656	46
1972	4	3657	-502
1973	4	3658	-259
1974	4	3659	-23
1975	4	3660	-305
1976	4	3661	431
1977	4	3662	205
1978	4	3663	-393
1979	4	3664	62
1980	4	3665	58
1981	4	3666	110
1982	4	3667	-421
1983	4	3668	-271
1984	4	3669	11
1985	4	3670	26
1986	4	3671	-408
1987	4	3672	-89
1988	4	3673	251
1989	4	3674	194
1990	4	3675	-674
1991	4	3676	-13
1992	4	3677	-171
1993	4	3678	-274
1994	4	3679	413
1995	4	3680	546
1996	4	3681	-520
1997	4	3682	99
1998	4	3683	-66
1999	4	3684	-88
2000	4	3685	392
2001	4	3686	197
2002	4	3687	72
2003	4	3688	-126
2004	4	3689	-436
2005	4	3690	-266
2006	4	3691	362
2007	4	3692	207
2008	4	3693	203
2009	4	3694	-937
2010	4	3695	-457
2011	4	3696	-278
2012	4	3697	525
2013	4	3698	-37
2014	4	3699	111
2015	4	3700	685
2016	4	3701	-87
2017	4	3702	334
2018	4	3703	132
2019	4	3704	-580
2020	4	3705	41
2021	4	3706	-463
2022	4	3707	-345
2023	4	3708	590
2024	4	3709	-80
2025	4	3710	-248
2026	4	3711	-270
2027	4	3712	-240
2028	4	3713	339
2029	4	3714	97
2030	4	3715	699
2031	4	3716	114
2032	4	3717	831
2033	4	3718	71
2034	4	3719	135
2035	2	3900	460
2036	2	3901	-251
2037	2	3902	337
2038	2	3903	-53
2039	2	3904	-493
2040	2	3905	-322
2041	4	3906	364
2042	4	3907	508
2043	4	3908	-156
2044	4	3909	-296
2045	4	3910	410
2046	2	3916	140
2047	4	3917	-268
2048	4	3918	-270
2049	4	3919	47
2050	4	3920	-606
2051	4	3921	192
2052	2	3927	-295
2053	4	3928	-402
2054	4	3929	58
2055	4	3930	152
2056	4	3931	230
2057	4	3932	-159
2058	2	3938	96
2059	4	3939	-154
2060	4	3940	24
2061	4	3941	473
2062	4	3942	72
2063	4	3943	219
2064	2	3949	381
2065	4	3950	-216
2066	4	3951	431
2067	4	3952	-396
2068	4	3953	61
2069	4	3954	-319
2070	4	3960	-305
2071	4	3961	431
2072	4	3962	205
2073	4	3963	-393
2074	4	3964	62
2075	4	3965	58
2076	4	3966	110
2077	4	3967	-421
2078	4	3968	-271
2079	4	3969	11
2080	4	3970	26
2081	4	3971	-408
2082	4	3972	-89
2083	4	3973	251
2084	4	3974	194
2085	4	3975	-674
2086	4	3976	-13
2087	4	3977	-171
2088	4	3978	-274
2089	4	3979	413
2090	4	3980	546
2091	4	3981	-520
2092	4	3982	99
2093	4	3983	-66
2094	4	3984	-88
2095	4	3985	392
2096	4	3986	197
2097	4	3987	72
2098	4	3988	-126
2099	4	3989	-436
2100	4	3990	-266
2101	4	3991	362
2102	4	3992	207
2103	4	3993	203
2104	4	3994	-937
2105	4	3995	-457
2106	4	3996	-278
2107	4	3997	525
2108	4	3998	-37
2109	4	3999	111
2110	4	4000	685
2111	4	4001	-87
2112	4	4002	334
2113	4	4003	132
2114	4	4004	-580
2115	4	4005	41
2116	4	4006	-463
2117	4	4007	-345
2118	4	4008	590
2119	4	4009	-80
2120	4	4010	-248
2121	4	4011	-270
2122	4	4012	-240
2123	4	4013	339
2124	4	4014	97
2125	4	4015	699
2126	4	4016	114
2127	4	4017	831
2128	4	4018	71
2129	4	4019	135
2130	4	4020	25
2131	4	4021	-136
2132	4	4022	-179
2133	4	4023	195
2134	4	4024	95
2135	4	4025	175
2136	4	4026	-482
2137	4	4027	-437
2138	4	4028	351
2139	4	4029	60
2140	4	4030	-554
2141	4	4031	142
2142	4	4032	481
2143	4	4033	-127
2144	4	4034	-4
2145	4	4035	618
2146	4	4036	-104
2147	4	4037	-160
2148	4	4038	317
2149	4	4039	-548
2150	4	4040	422
2151	4	4041	243
2152	4	4042	-63
2153	4	4043	-175
2154	4	4044	-41
2155	4	4045	-353
2156	4	4046	644
2157	4	4047	115
2158	4	4048	31
2159	4	4049	188
2160	4	4050	-267
2161	4	4051	145
2162	4	4052	-290
2163	4	4053	-24
2164	4	4054	-29
2165	4	4055	429
2166	4	4056	465
2167	4	4057	-108
2168	4	4058	-7
2169	4	4059	-248
2170	4	4060	117
2171	4	4061	287
2172	4	4062	-31
2173	4	4063	6
2174	4	4064	405
2175	4	4065	-46
2176	4	4066	-246
2177	4	4067	-487
2178	4	4068	-267
2179	4	4069	-179
2180	4	4070	181
2181	4	4071	-231
2182	4	4072	253
2183	4	4073	-505
2184	4	4074	463
2185	4	4075	-647
2186	4	4076	-38
2187	4	4077	-70
2188	4	4078	-57
2189	4	4079	285
2190	4	4080	-43
2191	4	4081	95
2192	4	4082	84
2193	4	4083	-111
2194	4	4084	-25
2195	4	4085	-383
2196	4	4086	-640
2197	4	4087	-443
2198	4	4088	-312
2199	4	4089	37
2200	4	4090	-19
2201	4	4091	672
2202	4	4092	-65
2203	4	4093	-217
2204	4	4094	644
2205	4	4095	511
2206	4	4096	582
2207	4	4097	-585
2208	4	4098	127
2209	4	4099	-506
2210	4	4100	740
2211	4	4101	304
2212	4	4102	107
2213	4	4103	-849
2214	4	4104	199
2215	4	4105	-198
2216	4	4106	76
2217	4	4107	322
2218	4	4108	382
2219	4	4109	142
2220	4	4110	-831
2221	4	4111	92
2222	4	4112	-332
2223	4	4113	480
2224	4	4114	140
2225	4	4115	507
2226	4	4116	-331
2227	4	4117	-923
2228	4	4118	-559
2229	4	4119	138
2230	4	4120	275
2231	4	4121	730
2232	4	4122	436
2233	4	4123	-359
2234	4	4124	883
2235	4	4125	-191
2236	4	4126	-754
2237	4	4127	-104
2238	4	4128	-275
2239	4	4129	38
2240	4	4130	-192
2241	4	4131	611
2242	4	4132	-45
2243	4	4133	397
2244	4	4134	910
2245	4	4135	-629
2246	4	4136	46
2247	4	4137	-502
2248	4	4138	-259
2249	4	4139	-23
2250	4	4320	-94
2251	4	4321	-14
2252	4	4322	-175
2253	4	4323	117
2254	4	4324	166
2255	4	4325	189
2256	4	4326	-83
2257	4	4327	-322
2258	4	4328	-541
2259	4	4329	-111
2260	4	4330	53
2261	4	4331	314
2262	4	4332	-146
2263	4	4333	-344
2264	4	4334	42
2265	4	4335	755
2266	4	4336	33
2267	4	4337	210
2268	4	4338	78
2269	4	4339	-366
2270	4	4340	131
2271	4	4341	394
2272	4	4342	473
2273	4	4343	-324
2274	4	4344	252
2275	4	4345	-459
2276	4	4346	66
2277	4	4347	358
2278	4	4348	228
2279	4	4349	82
2280	4	4350	-9
2281	4	4351	194
2282	4	4352	-455
2283	4	4353	-308
2284	4	4354	847
2285	4	4355	479
2286	4	4356	-111
2287	4	4357	-827
2288	4	4358	-242
2289	4	4359	-224
2290	4	4360	-653
2291	4	4361	481
2292	4	4362	-43
2293	4	4363	-297
2294	4	4364	737
2295	4	4365	-12
2296	4	4366	109
2297	4	4367	-161
2298	4	4368	-294
2299	4	4369	-338
2300	4	4370	255
2301	4	4371	601
2302	4	4372	-153
2303	4	4373	403
2304	4	4374	57
2305	4	4375	-763
2306	4	4376	162
2307	4	4377	-718
2308	4	4378	-73
2309	4	4379	389
2310	4	4380	-94
2311	4	4381	-14
2312	4	4382	-175
2313	4	4383	117
2314	4	4384	166
2315	4	4385	189
2316	4	4386	-83
2317	4	4387	-322
2318	4	4388	-541
2319	4	4389	-111
2320	4	4390	53
2321	4	4391	314
2322	4	4392	-146
2323	4	4393	-344
2324	4	4394	42
2325	4	4395	755
2326	4	4396	33
2327	4	4397	210
2328	4	4398	78
2329	4	4399	-366
2330	4	4400	131
2331	4	4401	394
2332	4	4402	473
2333	4	4403	-324
2334	4	4404	252
2335	4	4405	-459
2336	4	4406	66
2337	4	4407	358
2338	4	4408	228
2339	4	4409	82
2340	4	4410	-9
2341	4	4411	194
2342	4	4412	-455
2343	4	4413	-308
2344	4	4414	847
2345	4	4415	479
2346	4	4416	-111
2347	4	4417	-827
2348	4	4418	-242
2349	4	4419	-224
2350	4	4420	-653
2351	4	4421	481
2352	4	4422	-43
2353	4	4423	-297
2354	4	4424	737
2355	4	4425	-12
2356	4	4426	109
2357	4	4427	-161
2358	4	4428	-294
2359	4	4429	-338
2360	4	4430	255
2361	4	4431	601
2362	4	4432	-153
2363	4	4433	403
2364	4	4434	57
2365	4	4435	-763
2366	4	4436	162
2367	4	4437	-718
2368	4	4438	-73
2369	4	4439	389
2370	4	4440	-94
2371	4	4441	-14
2372	4	4442	-175
2373	4	4443	117
2374	4	4444	166
2375	4	4445	189
2376	4	4446	-83
2377	4	4447	-322
2378	4	4448	-541
2379	4	4449	-111
2380	4	4450	53
2381	4	4451	314
2382	4	4452	-146
2383	4	4453	-344
2384	4	4454	42
2385	4	4455	755
2386	4	4456	33
2387	4	4457	210
2388	4	4458	78
2389	4	4459	-366
2390	4	4460	131
2391	4	4461	394
2392	4	4462	473
2393	4	4463	-324
2394	4	4464	252
2395	4	4465	-459
2396	4	4466	66
2397	4	4467	358
2398	4	4468	228
2399	4	4469	82
2400	4	4470	-9
2401	4	4471	194
2402	4	4472	-455
2403	4	4473	-308
2404	4	4474	847
2405	4	4475	479
2406	4	4476	-111
2407	4	4477	-827
2408	4	4478	-242
2409	4	4479	-224
2410	4	4480	-653
2411	4	4481	481
2412	4	4482	-43
2413	4	4483	-297
2414	4	4484	737
2415	4	4485	-12
2416	4	4486	109
2417	4	4487	-161
2418	4	4488	-294
2419	4	4489	-338
2420	4	4490	255
2421	4	4491	601
2422	4	4492	-153
2423	4	4493	403
2424	4	4494	57
2425	4	4495	-763
2426	4	4496	162
2427	4	4497	-718
2428	4	4498	-73
2429	4	4499	389
2430	4	4500	-25
2431	4	4501	43
2432	4	4502	29
2433	4	4503	-44
2434	4	4504	-2
2435	4	4505	401
2436	4	4506	217
2437	4	4507	-414
2438	4	4508	-280
2439	4	4509	-336
2440	4	4510	-249
2441	4	4511	-255
2442	4	4512	191
2443	4	4513	895
2444	4	4514	208
2445	4	4515	-487
2446	4	4516	-650
2447	4	4517	-67
2448	4	4518	10
2449	4	4519	239
2450	4	4520	648
2451	4	4521	-1003
2452	4	4522	87
2453	4	4523	-325
2454	4	4524	517
2455	4	4525	375
2456	4	4526	198
2457	4	4527	-403
2458	4	4528	293
2459	4	4529	-176
2460	4	4530	368
2461	4	4531	-83
2462	4	4532	-190
2463	4	4533	378
2464	4	4534	-521
2465	4	4535	-182
2466	4	4536	-313
2467	4	4537	695
2468	4	4538	651
2469	4	4539	140
2470	4	4540	364
2471	4	4541	318
2472	4	4542	-234
2473	4	4543	-500
2474	4	4544	-577
2475	4	4545	-119
2476	4	4546	-634
2477	4	4547	-71
2478	4	4548	729
2479	4	4549	1
2480	4	4550	-11
2481	4	4551	-547
2482	4	4552	205
2483	4	4553	366
2484	4	4554	-362
2485	4	4555	414
2486	4	4556	-445
2487	4	4557	480
2488	4	4558	27
2489	4	4559	22
2490	4	4560	-166
2491	4	4561	113
2492	4	4562	-86
2493	4	4563	-16
2494	4	4564	156
2495	4	4565	277
2496	4	4566	-138
2497	4	4567	-581
2498	4	4568	197
2499	4	4569	624
2500	4	4570	218
2501	4	4571	-420
2502	4	4572	161
2503	4	4573	-122
2504	4	4574	-511
2505	4	4575	-215
2506	4	4576	-66
2507	4	4577	130
2508	4	4578	160
2509	4	4579	-24
2510	4	4580	190
2511	4	4581	-59
2512	4	4582	-15
2513	4	4583	669
2514	4	4584	-696
2515	4	4585	233
2516	4	4586	33
2517	4	4587	341
2518	4	4588	-118
2519	4	4589	-292
2520	4	4590	35
2521	4	4591	406
2522	4	4592	256
2523	4	4593	-633
2524	4	4594	-471
2525	4	4595	28
2526	4	4596	295
2527	4	4597	223
2528	4	4598	-170
2529	4	4599	-173
2530	4	4600	211
2531	4	4601	-572
2532	4	4602	-120
2533	4	4603	503
2534	4	4604	-123
2535	4	4605	-161
2536	4	4606	274
2537	4	4607	-272
2538	4	4608	217
2539	4	4609	-381
2540	4	4610	157
2541	4	4611	-237
2542	4	4612	-386
2543	4	4613	-304
2544	4	4614	64
2545	4	4615	115
2546	4	4616	256
2547	4	4617	551
2548	4	4618	-313
2549	4	4619	750
2550	4	4620	134
2551	4	4621	-106
2552	4	4622	44
2553	4	4623	38
2554	4	4624	-110
2555	4	4625	35
2556	4	4626	134
2557	4	4627	-60
2558	4	4628	441
2559	4	4629	-351
2560	4	4630	-714
2561	4	4631	-257
2562	4	4632	56
2563	4	4633	398
2564	4	4634	612
2565	4	4635	136
2566	4	4636	-516
2567	4	4637	-242
2568	4	4638	-197
2569	4	4639	237
2570	4	4640	271
2571	4	4641	-184
2572	4	4642	-167
2573	4	4643	-788
2574	4	4644	251
2575	4	4645	34
2576	4	4646	891
2577	4	4647	-778
2578	4	4648	-162
2579	4	4649	347
2580	4	4650	-103
2581	4	4651	285
2582	4	4652	-285
2583	4	4653	341
2584	4	4654	-807
2585	4	4655	274
2586	4	4656	443
2587	4	4657	475
2588	4	4658	800
2589	4	4659	-171
2590	4	4660	648
2591	4	4661	663
2592	4	4662	186
2593	4	4663	-55
2594	4	4664	-440
2595	4	4665	-190
2596	4	4666	-378
2597	4	4667	-726
2598	4	4668	-101
2599	4	4669	459
2600	4	4670	-202
2601	4	4671	-328
2602	4	4672	265
2603	4	4673	-547
2604	4	4674	-19
2605	4	4675	-253
2606	4	4676	-461
2607	4	4677	657
2608	4	4678	317
2609	4	4679	-173
2610	4	4680	-254
2611	4	4681	604
2612	4	4682	566
2613	4	4683	-723
2614	4	4684	-193
2615	4	4685	-173
2616	4	4686	261
2617	4	4687	504
2618	4	4688	-270
2619	4	4689	-398
2620	4	4690	-178
2621	4	4691	-121
2622	4	4692	-343
2623	4	4693	90
2624	4	4694	-247
2625	4	4695	-440
2626	4	4696	-110
2627	4	4697	333
2628	4	4698	-221
2629	4	4699	230
2630	4	4700	-397
2631	4	4701	-52
2632	4	4702	-135
2633	4	4703	75
2634	4	4704	403
2635	4	4705	123
2636	4	4706	-365
2637	4	4707	-458
2638	4	4708	7
2639	4	4709	61
2640	4	4710	64
2641	4	4711	-878
2642	4	4712	-279
2643	4	4713	173
2644	4	4714	342
2645	4	4715	-513
2646	4	4716	-655
2647	4	4717	-183
2648	4	4718	351
2649	4	4719	488
2650	4	4720	-417
2651	4	4721	126
2652	4	4722	97
2653	4	4723	-253
2654	4	4724	-29
2655	4	4725	241
2656	4	4726	139
2657	4	4727	768
2658	4	4728	-5
2659	4	4729	390
2660	4	4730	325
2661	4	4731	325
2662	4	4732	652
2663	4	4733	572
2664	4	4734	-201
2665	4	4735	589
2666	4	4736	-93
2667	4	4737	-136
2668	4	4738	242
2669	4	4739	-418
2670	4	4740	161
2671	4	4741	-510
2672	4	4742	-565
2673	4	4743	665
2674	4	4744	250
2675	4	4745	28
2676	4	4746	323
2677	4	4747	641
2678	4	4748	-43
2679	4	4749	84
2680	4	4750	898
2681	4	4751	167
2682	4	4752	-352
2683	4	4753	-411
2684	4	4754	-305
2685	4	4755	-38
2686	4	4756	214
2687	4	4757	233
2688	4	4758	72
2689	4	4759	497
2690	4	4760	-860
2691	4	4761	203
2692	4	4762	47
2693	4	4763	748
2694	4	4764	-71
2695	4	4765	29
2696	4	4766	-755
2697	4	4767	393
2698	4	4768	21
2699	4	4769	-338
2700	4	4770	640
2701	4	4771	230
2702	4	4772	717
2703	4	4773	-354
2704	4	4774	648
2705	4	4775	-14
2706	4	4776	7
2707	4	4777	235
2708	4	4778	-375
2709	4	4779	-34
2710	4	4780	-545
2711	4	4781	-906
2712	4	4782	-440
2713	4	4783	31
2714	4	4784	-453
2715	4	4785	-9
2716	4	4786	750
2717	4	4787	324
2718	4	4788	84
2719	4	4789	-260
2720	4	4790	-255
2721	4	4791	72
2722	4	4792	-697
2723	4	4793	22
2724	4	4794	-595
2725	4	4795	32
2726	4	4796	463
2727	4	4797	-504
2728	4	4798	-65
2729	4	4799	-177
2730	4	4800	-46
2731	4	4801	445
2732	4	4802	645
2733	4	4803	-673
2734	4	4804	-370
2735	4	4805	-421
2736	4	4806	-455
2737	4	4807	-60
2738	4	4808	223
2739	4	4809	283
2740	4	4810	-14
2741	4	4811	249
2742	4	4812	135
2743	4	4813	-645
2744	4	4814	14
2745	4	4815	37
2746	4	4816	666
2747	4	4817	-527
2748	4	4818	-129
2749	4	4819	-358
2750	4	4820	64
2751	4	4821	492
2752	4	4822	-252
2753	4	4823	9
2754	4	4824	-606
2755	4	4825	-203
2756	4	4826	76
2757	4	4827	395
2758	4	4828	-522
2759	4	4829	-247
2760	4	4830	-945
2761	4	4831	100
2762	4	4832	37
2763	4	4833	8
2764	4	4834	-451
2765	4	4835	-267
2766	4	4836	-47
2767	4	4837	-361
2768	4	4838	-656
2769	4	4839	185
2770	4	4840	605
2771	4	4841	-28
2772	4	4842	664
2773	4	4843	697
2774	4	4844	445
2775	4	4845	291
2776	4	4846	-45
2777	4	4847	-108
2778	4	4848	-151
2779	4	4849	16
2780	4	4850	-31
2781	4	4851	140
2782	4	4852	-53
2783	4	4853	-109
2784	4	4854	865
2785	4	4855	142
2786	4	4856	551
2787	4	4857	125
2788	4	4858	148
2789	4	4859	32
2790	4	4860	291
2791	4	4861	-573
2792	4	4862	-457
2793	4	4863	637
2794	4	4864	102
2795	4	4865	-336
2796	4	4866	-258
2797	4	4867	291
2798	4	4868	273
2799	4	4869	206
2800	4	4870	-14
2801	4	4871	324
2802	4	4872	297
2803	4	4873	138
2804	4	4874	188
2805	4	4875	252
2806	4	4876	430
2807	4	4877	-69
2808	4	4878	227
2809	4	4879	-456
2810	4	4880	-47
2811	4	4881	210
2812	4	4882	-38
2813	4	4883	-65
2814	4	4884	-50
2815	4	4885	-131
2816	4	4886	-143
2817	4	4887	153
2818	4	4888	253
2819	4	4889	563
2820	4	4890	-51
2821	4	4891	-255
2822	4	4892	199
2823	4	4893	394
2824	4	4894	413
2825	4	4895	195
2826	4	4896	380
2827	4	4897	-256
2828	4	4898	-360
2829	4	4899	-212
2830	4	4900	-212
2831	4	4901	-83
2832	4	4902	-109
2833	4	4903	-126
2834	4	4904	440
2835	4	4905	-39
2836	4	4906	-215
2837	4	4907	246
2838	4	4908	-478
2839	4	4909	113
2840	4	4910	-239
2841	4	4911	-25
2842	4	4912	166
2843	4	4913	-404
2844	4	4914	191
2845	4	4915	-276
2846	4	4916	-433
2847	4	4917	-455
2848	4	4918	-283
2849	4	4919	-424
2850	4	4920	-25
2851	4	4921	43
2852	4	4922	29
2853	4	4923	-44
2854	4	4924	-2
2855	4	4925	401
2856	4	4926	217
2857	4	4927	-414
2858	4	4928	-280
2859	4	4929	-336
2860	4	4930	-249
2861	4	4931	-255
2862	4	4932	191
2863	4	4933	895
2864	4	4934	208
2865	4	4935	-487
2866	4	4936	-650
2867	4	4937	-67
2868	4	4938	10
2869	4	4939	239
2870	4	4940	648
2871	4	4941	-1003
2872	4	4942	87
2873	4	4943	-325
2874	4	4944	517
2875	4	4945	375
2876	4	4946	198
2877	4	4947	-403
2878	4	4948	293
2879	4	4949	-176
2880	4	4950	368
2881	4	4951	-83
2882	4	4952	-190
2883	4	4953	378
2884	4	4954	-521
2885	4	4955	-182
2886	4	4956	-313
2887	4	4957	695
2888	4	4958	651
2889	4	4959	140
2890	4	4960	364
2891	4	4961	318
2892	4	4962	-234
2893	4	4963	-500
2894	4	4964	-577
2895	4	4965	-119
2896	4	4966	-634
2897	4	4967	-71
2898	4	4968	729
2899	4	4969	1
2900	4	4970	-11
2901	4	4971	-547
2902	4	4972	205
2903	4	4973	366
2904	4	4974	-362
2905	4	4975	414
2906	4	4976	-445
2907	4	4977	480
2908	4	4978	27
2909	4	4979	22
2910	4	4980	161
2911	4	4981	-510
2912	4	4982	-565
2913	4	4983	665
2914	4	4984	250
2915	4	4985	28
2916	4	4986	323
2917	4	4987	641
2918	4	4988	-43
2919	4	4989	84
2920	4	4990	898
2921	4	4991	167
2922	4	4992	-352
2923	4	4993	-411
2924	4	4994	-305
2925	4	4995	-38
2926	4	4996	214
2927	4	4997	233
2928	4	4998	72
2929	4	4999	497
2930	4	5000	-860
2931	4	5001	203
2932	4	5002	47
2933	4	5003	748
2934	4	5004	-71
2935	4	5005	29
2936	4	5006	-755
2937	4	5007	393
2938	4	5008	21
2939	4	5009	-338
2940	4	5010	640
2941	4	5011	230
2942	4	5012	717
2943	4	5013	-354
2944	4	5014	648
2945	4	5015	-14
2946	4	5016	7
2947	4	5017	235
2948	4	5018	-375
2949	4	5019	-34
2950	4	5020	-545
2951	4	5021	-906
2952	4	5022	-440
2953	4	5023	31
2954	4	5024	-453
2955	4	5025	-9
2956	4	5026	750
2957	4	5027	324
2958	4	5028	84
2959	4	5029	-260
2960	4	5030	-255
2961	4	5031	72
2962	4	5032	-697
2963	4	5033	22
2964	4	5034	-595
2965	4	5035	32
2966	4	5036	463
2967	4	5037	-504
2968	4	5038	-65
2969	4	5039	-177
2970	4	5040	-166
2971	4	5041	113
2972	4	5042	-86
2973	4	5043	-16
2974	4	5044	156
2975	4	5045	277
2976	4	5046	-138
2977	4	5047	-581
2978	4	5048	197
2979	4	5049	624
2980	4	5050	218
2981	4	5051	-420
2982	4	5052	161
2983	4	5053	-122
2984	4	5054	-511
2985	4	5055	-215
2986	4	5056	-66
2987	4	5057	130
2988	4	5058	160
2989	4	5059	-24
2990	4	5060	190
2991	4	5061	-59
2992	4	5062	-15
2993	4	5063	669
2994	4	5064	-696
2995	4	5065	233
2996	4	5066	33
2997	4	5067	341
2998	4	5068	-118
2999	4	5069	-292
3000	4	5070	35
3001	4	5071	406
3002	4	5072	256
3003	4	5073	-633
3004	4	5074	-471
3005	4	5075	28
3006	4	5076	295
3007	4	5077	223
3008	4	5078	-170
3009	4	5079	-173
3010	4	5080	211
3011	4	5081	-572
3012	4	5082	-120
3013	4	5083	503
3014	4	5084	-123
3015	4	5085	-161
3016	4	5086	274
3017	4	5087	-272
3018	4	5088	217
3019	4	5089	-381
3020	4	5090	157
3021	4	5091	-237
3022	4	5092	-386
3023	4	5093	-304
3024	4	5094	64
3025	4	5095	115
3026	4	5096	256
3027	4	5097	551
3028	4	5098	-313
3029	4	5099	750
3030	4	5100	-46
3031	4	5101	445
3032	4	5102	645
3033	4	5103	-673
3034	4	5104	-370
3035	4	5105	-421
3036	4	5106	-455
3037	4	5107	-60
3038	4	5108	223
3039	4	5109	283
3040	4	5110	-14
3041	4	5111	249
3042	4	5112	135
3043	4	5113	-645
3044	4	5114	14
3045	4	5115	37
3046	4	5116	666
3047	4	5117	-527
3048	4	5118	-129
3049	4	5119	-358
3050	4	5120	64
3051	4	5121	492
3052	4	5122	-252
3053	4	5123	9
3054	4	5124	-606
3055	4	5125	-203
3056	4	5126	76
3057	4	5127	395
3058	4	5128	-522
3059	4	5129	-247
3060	4	5130	-945
3061	4	5131	100
3062	4	5132	37
3063	4	5133	8
3064	4	5134	-451
3065	4	5135	-267
3066	4	5136	-47
3067	4	5137	-361
3068	4	5138	-656
3069	4	5139	185
3070	4	5140	605
3071	4	5141	-28
3072	4	5142	664
3073	4	5143	697
3074	4	5144	445
3075	4	5145	291
3076	4	5146	-45
3077	4	5147	-108
3078	4	5148	-151
3079	4	5149	16
3080	4	5150	-31
3081	4	5151	140
3082	4	5152	-53
3083	4	5153	-109
3084	4	5154	865
3085	4	5155	142
3086	4	5156	551
3087	4	5157	125
3088	4	5158	148
3089	4	5159	32
3090	4	5160	134
3091	4	5161	-106
3092	4	5162	44
3093	4	5163	38
3094	4	5164	-110
3095	4	5165	35
3096	4	5166	134
3097	4	5167	-60
3098	4	5168	441
3099	4	5169	-351
3100	4	5170	-714
3101	4	5171	-257
3102	4	5172	56
3103	4	5173	398
3104	4	5174	612
3105	4	5175	136
3106	4	5176	-516
3107	4	5177	-242
3108	4	5178	-197
3109	4	5179	237
3110	4	5180	271
3111	4	5181	-184
3112	4	5182	-167
3113	4	5183	-788
3114	4	5184	251
3115	4	5185	34
3116	4	5186	891
3117	4	5187	-778
3118	4	5188	-162
3119	4	5189	347
3120	4	5190	-103
3121	4	5191	285
3122	4	5192	-285
3123	4	5193	341
3124	4	5194	-807
3125	4	5195	274
3126	4	5196	443
3127	4	5197	475
3128	4	5198	800
3129	4	5199	-171
3130	4	5200	648
3131	4	5201	663
3132	4	5202	186
3133	4	5203	-55
3134	4	5204	-440
3135	4	5205	-190
3136	4	5206	-378
3137	4	5207	-726
3138	4	5208	-101
3139	4	5209	459
3140	4	5210	-202
3141	4	5211	-328
3142	4	5212	265
3143	4	5213	-547
3144	4	5214	-19
3145	4	5215	-253
3146	4	5216	-461
3147	4	5217	657
3148	4	5218	317
3149	4	5219	-173
3150	4	5220	291
3151	4	5221	-573
3152	4	5222	-457
3153	4	5223	637
3154	4	5224	102
3155	4	5225	-336
3156	4	5226	-258
3157	4	5227	291
3158	4	5228	273
3159	4	5229	206
3160	4	5230	-14
3161	4	5231	324
3162	4	5232	297
3163	4	5233	138
3164	4	5234	188
3165	4	5235	252
3166	4	5236	430
3167	4	5237	-69
3168	4	5238	227
3169	4	5239	-456
3170	4	5240	-47
3171	4	5241	210
3172	4	5242	-38
3173	4	5243	-65
3174	4	5244	-50
3175	4	5245	-131
3176	4	5246	-143
3177	4	5247	153
3178	4	5248	253
3179	4	5249	563
3180	4	5250	-51
3181	4	5251	-255
3182	4	5252	199
3183	4	5253	394
3184	4	5254	413
3185	4	5255	195
3186	4	5256	380
3187	4	5257	-256
3188	4	5258	-360
3189	4	5259	-212
3190	4	5260	-212
3191	4	5261	-83
3192	4	5262	-109
3193	4	5263	-126
3194	4	5264	440
3195	4	5265	-39
3196	4	5266	-215
3197	4	5267	246
3198	4	5268	-478
3199	4	5269	113
3200	4	5270	-239
3201	4	5271	-25
3202	4	5272	166
3203	4	5273	-404
3204	4	5274	191
3205	4	5275	-276
3206	4	5276	-433
3207	4	5277	-455
3208	4	5278	-283
3209	4	5279	-424
3210	4	5280	-254
3211	4	5281	604
3212	4	5282	566
3213	4	5283	-723
3214	4	5284	-193
3215	4	5285	-173
3216	4	5286	261
3217	4	5287	504
3218	4	5288	-270
3219	4	5289	-398
3220	4	5290	-178
3221	4	5291	-121
3222	4	5292	-343
3223	4	5293	90
3224	4	5294	-247
3225	4	5295	-440
3226	4	5296	-110
3227	4	5297	333
3228	4	5298	-221
3229	4	5299	230
3230	4	5300	-397
3231	4	5301	-52
3232	4	5302	-135
3233	4	5303	75
3234	4	5304	403
3235	4	5305	123
3236	4	5306	-365
3237	4	5307	-458
3238	4	5308	7
3239	4	5309	61
3240	4	5310	64
3241	4	5311	-878
3242	4	5312	-279
3243	4	5313	173
3244	4	5314	342
3245	4	5315	-513
3246	4	5316	-655
3247	4	5317	-183
3248	4	5318	351
3249	4	5319	488
3250	4	5320	-417
3251	4	5321	126
3252	4	5322	97
3253	4	5323	-253
3254	4	5324	-29
3255	4	5325	241
3256	4	5326	139
3257	4	5327	768
3258	4	5328	-5
3259	4	5329	390
3260	4	5330	325
3261	4	5331	325
3262	4	5332	652
3263	4	5333	572
3264	4	5334	-201
3265	4	5335	589
3266	4	5336	-93
3267	4	5337	-136
3268	4	5338	242
3269	4	5339	-418
3270	4	5340	-25
3271	4	5341	43
3272	4	5342	29
3273	4	5343	-44
3274	4	5344	-2
3275	4	5345	401
3276	4	5346	217
3277	4	5347	-414
3278	4	5348	-280
3279	4	5349	-336
3280	4	5350	-249
3281	4	5351	-255
3282	4	5352	191
3283	4	5353	895
3284	4	5354	208
3285	4	5355	-487
3286	4	5356	-650
3287	4	5357	-67
3288	4	5358	10
3289	4	5359	239
3290	4	5360	648
3291	4	5361	-1003
3292	4	5362	87
3293	4	5363	-325
3294	4	5364	517
3295	4	5365	375
3296	4	5366	198
3297	4	5367	-403
3298	4	5368	293
3299	4	5369	-176
3300	4	5370	368
3301	4	5371	-83
3302	4	5372	-190
3303	4	5373	378
3304	4	5374	-521
3305	4	5375	-182
3306	4	5376	-313
3307	4	5377	695
3308	4	5378	651
3309	4	5379	140
3310	4	5380	364
3311	4	5381	318
3312	4	5382	-234
3313	4	5383	-500
3314	4	5384	-577
3315	4	5385	-119
3316	4	5386	-634
3317	4	5387	-71
3318	4	5388	729
3319	4	5389	1
3320	4	5390	-11
3321	4	5391	-547
3322	4	5392	205
3323	4	5393	366
3324	4	5394	-362
3325	4	5395	414
3326	4	5396	-445
3327	4	5397	480
3328	4	5398	27
3329	4	5399	22
3330	4	5400	-46
3331	4	5401	445
3332	4	5402	645
3333	4	5403	-673
3334	4	5404	-370
3335	4	5405	-421
3336	4	5406	-455
3337	4	5407	-60
3338	4	5408	223
3339	4	5409	283
3340	4	5410	-14
3341	4	5411	249
3342	4	5412	135
3343	4	5413	-645
3344	4	5414	14
3345	4	5415	37
3346	4	5416	666
3347	4	5417	-527
3348	4	5418	-129
3349	4	5419	-358
3350	4	5420	64
3351	4	5421	492
3352	4	5422	-252
3353	4	5423	9
3354	4	5424	-606
3355	4	5425	-203
3356	4	5426	76
3357	4	5427	395
3358	4	5428	-522
3359	4	5429	-247
3360	4	5430	-945
3361	4	5431	100
3362	4	5432	37
3363	4	5433	8
3364	4	5434	-451
3365	4	5435	-267
3366	4	5436	-47
3367	4	5437	-361
3368	4	5438	-656
3369	4	5439	185
3370	4	5440	605
3371	4	5441	-28
3372	4	5442	664
3373	4	5443	697
3374	4	5444	445
3375	4	5445	291
3376	4	5446	-45
3377	4	5447	-108
3378	4	5448	-151
3379	4	5449	16
3380	4	5450	-31
3381	4	5451	140
3382	4	5452	-53
3383	4	5453	-109
3384	4	5454	865
3385	4	5455	142
3386	4	5456	551
3387	4	5457	125
3388	4	5458	148
3389	4	5459	32
3390	4	5460	-254
3391	4	5461	604
3392	4	5462	566
3393	4	5463	-723
3394	4	5464	-193
3395	4	5465	-173
3396	4	5466	261
3397	4	5467	504
3398	4	5468	-270
3399	4	5469	-398
3400	4	5470	-178
3401	4	5471	-121
3402	4	5472	-343
3403	4	5473	90
3404	4	5474	-247
3405	4	5475	-440
3406	4	5476	-110
3407	4	5477	333
3408	4	5478	-221
3409	4	5479	230
3410	4	5480	-397
3411	4	5481	-52
3412	4	5482	-135
3413	4	5483	75
3414	4	5484	403
3415	4	5485	123
3416	4	5486	-365
3417	4	5487	-458
3418	4	5488	7
3419	4	5489	61
3420	4	5490	64
3421	4	5491	-878
3422	4	5492	-279
3423	4	5493	173
3424	4	5494	342
3425	4	5495	-513
3426	4	5496	-655
3427	4	5497	-183
3428	4	5498	351
3429	4	5499	488
3430	4	5500	-417
3431	4	5501	126
3432	4	5502	97
3433	4	5503	-253
3434	4	5504	-29
3435	4	5505	241
3436	4	5506	139
3437	4	5507	768
3438	4	5508	-5
3439	4	5509	390
3440	4	5510	325
3441	4	5511	325
3442	4	5512	652
3443	4	5513	572
3444	4	5514	-201
3445	4	5515	589
3446	4	5516	-93
3447	4	5517	-136
3448	4	5518	242
3449	4	5519	-418
3450	4	5520	-166
3451	4	5521	113
3452	4	5522	-86
3453	4	5523	-16
3454	4	5524	156
3455	4	5525	277
3456	4	5526	-138
3457	4	5527	-581
3458	4	5528	197
3459	4	5529	624
3460	4	5530	218
3461	4	5531	-420
3462	4	5532	161
3463	4	5533	-122
3464	4	5534	-511
3465	4	5535	-215
3466	4	5536	-66
3467	4	5537	130
3468	4	5538	160
3469	4	5539	-24
3470	4	5540	190
3471	4	5541	-59
3472	4	5542	-15
3473	4	5543	669
3474	4	5544	-696
3475	4	5545	233
3476	4	5546	33
3477	4	5547	341
3478	4	5548	-118
3479	4	5549	-292
3480	4	5550	35
3481	4	5551	406
3482	4	5552	256
3483	4	5553	-633
3484	4	5554	-471
3485	4	5555	28
3486	4	5556	295
3487	4	5557	223
3488	4	5558	-170
3489	4	5559	-173
3490	4	5560	211
3491	4	5561	-572
3492	4	5562	-120
3493	4	5563	503
3494	4	5564	-123
3495	4	5565	-161
3496	4	5566	274
3497	4	5567	-272
3498	4	5568	217
3499	4	5569	-381
3500	4	5570	157
3501	4	5571	-237
3502	4	5572	-386
3503	4	5573	-304
3504	4	5574	64
3505	4	5575	115
3506	4	5576	256
3507	4	5577	551
3508	4	5578	-313
3509	4	5579	750
3510	4	5580	291
3511	4	5581	-573
3512	4	5582	-457
3513	4	5583	637
3514	4	5584	102
3515	4	5585	-336
3516	4	5586	-258
3517	4	5587	291
3518	4	5588	273
3519	4	5589	206
3520	4	5590	-14
3521	4	5591	324
3522	4	5592	297
3523	4	5593	138
3524	4	5594	188
3525	4	5595	252
3526	4	5596	430
3527	4	5597	-69
3528	4	5598	227
3529	4	5599	-456
3530	4	5600	-47
3531	4	5601	210
3532	4	5602	-38
3533	4	5603	-65
3534	4	5604	-50
3535	4	5605	-131
3536	4	5606	-143
3537	4	5607	153
3538	4	5608	253
3539	4	5609	563
3540	4	5610	-51
3541	4	5611	-255
3542	4	5612	199
3543	4	5613	394
3544	4	5614	413
3545	4	5615	195
3546	4	5616	380
3547	4	5617	-256
3548	4	5618	-360
3549	4	5619	-212
3550	4	5620	-212
3551	4	5621	-83
3552	4	5622	-109
3553	4	5623	-126
3554	4	5624	440
3555	4	5625	-39
3556	4	5626	-215
3557	4	5627	246
3558	4	5628	-478
3559	4	5629	113
3560	4	5630	-239
3561	4	5631	-25
3562	4	5632	166
3563	4	5633	-404
3564	4	5634	191
3565	4	5635	-276
3566	4	5636	-433
3567	4	5637	-455
3568	4	5638	-283
3569	4	5639	-424
3570	4	5640	161
3571	4	5641	-510
3572	4	5642	-565
3573	4	5643	665
3574	4	5644	250
3575	4	5645	28
3576	4	5646	323
3577	4	5647	641
3578	4	5648	-43
3579	4	5649	84
3580	4	5650	898
3581	4	5651	167
3582	4	5652	-352
3583	4	5653	-411
3584	4	5654	-305
3585	4	5655	-38
3586	4	5656	214
3587	4	5657	233
3588	4	5658	72
3589	4	5659	497
3590	4	5660	-860
3591	4	5661	203
3592	4	5662	47
3593	4	5663	748
3594	4	5664	-71
3595	4	5665	29
3596	4	5666	-755
3597	4	5667	393
3598	4	5668	21
3599	4	5669	-338
3600	4	5670	640
3601	4	5671	230
3602	4	5672	717
3603	4	5673	-354
3604	4	5674	648
3605	4	5675	-14
3606	4	5676	7
3607	4	5677	235
3608	4	5678	-375
3609	4	5679	-34
3610	4	5680	-545
3611	4	5681	-906
3612	4	5682	-440
3613	4	5683	31
3614	4	5684	-453
3615	4	5685	-9
3616	4	5686	750
3617	4	5687	324
3618	4	5688	84
3619	4	5689	-260
3620	4	5690	-255
3621	4	5691	72
3622	4	5692	-697
3623	4	5693	22
3624	4	5694	-595
3625	4	5695	32
3626	4	5696	463
3627	4	5697	-504
3628	4	5698	-65
3629	4	5699	-177
3630	4	5700	134
3631	4	5701	-106
3632	4	5702	44
3633	4	5703	38
3634	4	5704	-110
3635	4	5705	35
3636	4	5706	134
3637	4	5707	-60
3638	4	5708	441
3639	4	5709	-351
3640	4	5710	-714
3641	4	5711	-257
3642	4	5712	56
3643	4	5713	398
3644	4	5714	612
3645	4	5715	136
3646	4	5716	-516
3647	4	5717	-242
3648	4	5718	-197
3649	4	5719	237
3650	4	5720	271
3651	4	5721	-184
3652	4	5722	-167
3653	4	5723	-788
3654	4	5724	251
3655	4	5725	34
3656	4	5726	891
3657	4	5727	-778
3658	4	5728	-162
3659	4	5729	347
3660	4	5730	-103
3661	4	5731	285
3662	4	5732	-285
3663	4	5733	341
3664	4	5734	-807
3665	4	5735	274
3666	4	5736	443
3667	4	5737	475
3668	4	5738	800
3669	4	5739	-171
3670	4	5740	648
3671	4	5741	663
3672	4	5742	186
3673	4	5743	-55
3674	4	5744	-440
3675	4	5745	-190
3676	4	5746	-378
3677	4	5747	-726
3678	4	5748	-101
3679	4	5749	459
3680	4	5750	-202
3681	4	5751	-328
3682	4	5752	265
3683	4	5753	-547
3684	4	5754	-19
3685	4	5755	-253
3686	4	5756	-461
3687	4	5757	657
3688	4	5758	317
3689	4	5759	-173
3690	4	5760	-40
3691	4	5761	315
3692	4	5762	445
3693	4	5763	-470
3694	4	5764	-251
3695	4	5765	-109
3696	4	5766	55
3697	4	5767	-419
3698	4	5768	-208
3699	4	5769	293
3700	4	5770	-191
3701	4	5771	173
3702	4	5772	426
3703	4	5773	292
3704	4	5774	20
3705	4	5775	-812
3706	4	5776	349
3707	4	5777	-538
3708	4	5778	-444
3709	4	5779	-352
3710	4	5780	914
3711	4	5781	-212
3712	4	5782	-191
3713	4	5783	-285
3714	4	5784	-397
3715	4	5785	522
3716	4	5786	124
3717	4	5787	387
3718	4	5788	-169
3719	4	5789	130
3720	4	5790	-630
3721	4	5791	-108
3722	4	5792	-428
3723	4	5793	801
3724	4	5794	-590
3725	4	5795	-468
3726	4	5796	-646
3727	4	5797	120
3728	4	5798	-455
3729	4	5799	518
3730	4	5800	697
3731	4	5801	440
3732	4	5802	664
3733	4	5803	350
3734	4	5804	144
3735	4	5805	-33
3736	4	5806	-1060
3737	4	5807	-10
3738	4	5808	50
3739	4	5809	-172
3740	4	5810	252
3741	4	5811	-337
3742	4	5812	185
3743	4	5813	528
3744	4	5814	355
3745	4	5815	791
3746	4	5816	-261
3747	4	5817	258
3748	4	5818	-77
3749	4	5819	-236
3750	4	5820	-40
3751	4	5821	315
3752	4	5822	445
3753	4	5823	-470
3754	4	5824	-251
3755	4	5825	-109
3756	4	5826	55
3757	4	5827	-419
3758	4	5828	-208
3759	4	5829	293
3760	4	5830	-191
3761	4	5831	173
3762	4	5832	426
3763	4	5833	292
3764	4	5834	20
3765	4	5835	-812
3766	4	5836	349
3767	4	5837	-538
3768	4	5838	-444
3769	4	5839	-352
3770	4	5840	914
3771	4	5841	-212
3772	4	5842	-191
3773	4	5843	-285
3774	4	5844	-397
3775	4	5845	522
3776	4	5846	124
3777	4	5847	387
3778	4	5848	-169
3779	4	5849	130
3780	4	5850	-630
3781	4	5851	-108
3782	4	5852	-428
3783	4	5853	801
3784	4	5854	-590
3785	4	5855	-468
3786	4	5856	-646
3787	4	5857	120
3788	4	5858	-455
3789	4	5859	518
3790	4	5860	697
3791	4	5861	440
3792	4	5862	664
3793	4	5863	350
3794	4	5864	144
3795	4	5865	-33
3796	4	5866	-1060
3797	4	5867	-10
3798	4	5868	50
3799	4	5869	-172
3800	4	5870	252
3801	4	5871	-337
3802	4	5872	185
3803	4	5873	528
3804	4	5874	355
3805	4	5875	791
3806	4	5876	-261
3807	4	5877	258
3808	4	5878	-77
3809	4	5879	-236
3810	4	5880	-40
3811	4	5881	315
3812	4	5882	445
3813	4	5883	-470
3814	4	5884	-251
3815	4	5885	-109
3816	4	5886	55
3817	4	5887	-419
3818	4	5888	-208
3819	4	5889	293
3820	4	5890	-191
3821	4	5891	173
3822	4	5892	426
3823	4	5893	292
3824	4	5894	20
3825	4	5895	-812
3826	4	5896	349
3827	4	5897	-538
3828	4	5898	-444
3829	4	5899	-352
3830	4	5900	914
3831	4	5901	-212
3832	4	5902	-191
3833	4	5903	-285
3834	4	5904	-397
3835	4	5905	522
3836	4	5906	124
3837	4	5907	387
3838	4	5908	-169
3839	4	5909	130
3840	4	5910	-630
3841	4	5911	-108
3842	4	5912	-428
3843	4	5913	801
3844	4	5914	-590
3845	4	5915	-468
3846	4	5916	-646
3847	4	5917	120
3848	4	5918	-455
3849	4	5919	518
3850	4	5920	697
3851	4	5921	440
3852	4	5922	664
3853	4	5923	350
3854	4	5924	144
3855	4	5925	-33
3856	4	5926	-1060
3857	4	5927	-10
3858	4	5928	50
3859	4	5929	-172
3860	4	5930	252
3861	4	5931	-337
3862	4	5932	185
3863	4	5933	528
3864	4	5934	355
3865	4	5935	791
3866	4	5936	-261
3867	4	5937	258
3868	4	5938	-77
3869	4	5939	-236
3870	4	5940	216
3871	4	5941	-402
3872	4	5942	-301
3873	4	5943	434
3874	4	5944	52
3875	4	5945	-108
3876	4	5946	481
3877	4	5947	-112
3878	4	5948	-200
3879	4	5949	266
3880	4	5950	2
3881	4	5951	-15
3882	4	5952	237
3883	4	5953	422
3884	4	5954	84
3885	4	5955	-76
3886	4	5956	121
3887	4	5957	180
3888	4	5958	-275
3889	4	5959	-433
3890	4	5960	154
3891	4	5961	111
3892	4	5962	417
3893	4	5963	-365
3894	4	5964	-359
3895	4	5965	203
3896	4	5966	97
3897	4	5967	20
3898	4	5968	-152
3899	4	5969	863
3900	4	5970	332
3901	4	5971	160
3902	4	5972	-456
3903	4	5973	69
3904	4	5974	268
3905	4	5975	206
3906	4	5976	351
3907	4	5977	-317
3908	4	5978	-87
3909	4	5979	-475
3910	4	5980	-277
3911	4	5981	507
3912	4	5982	-35
3913	4	5983	316
3914	4	5984	464
3915	4	5985	-253
3916	4	5986	-138
3917	4	5987	-159
3918	4	5988	-601
3919	4	5989	54
3920	4	5990	230
3921	4	5991	49
3922	4	5992	-100
3923	4	5993	-94
3924	4	5994	-502
3925	4	5995	-80
3926	4	5996	-794
3927	4	5997	-156
3928	4	5998	-70
3929	4	5999	27
3930	4	6000	-151
3931	4	6001	183
3932	4	6002	53
3933	4	6003	-146
3934	4	6004	61
3935	4	6005	449
3936	4	6006	796
3937	4	6007	448
3938	4	6008	-465
3939	4	6009	-875
3940	4	6010	5
3941	4	6011	-16
3942	4	6012	-677
3943	4	6013	-39
3944	4	6014	-148
3945	4	6015	-41
3946	4	6016	-829
3947	4	6017	392
3948	4	6018	-288
3949	4	6019	851
3950	4	6020	-534
3951	4	6021	-91
3952	4	6022	49
3953	4	6023	-158
3954	4	6024	906
3955	4	6025	104
3956	4	6026	-80
3957	4	6027	-615
3958	4	6028	50
3959	4	6029	-211
3960	4	6030	823
3961	4	6031	-120
3962	4	6032	-495
3963	4	6033	-139
3964	4	6034	607
3965	4	6035	102
3966	4	6036	-673
3967	4	6037	281
3968	4	6038	892
3969	4	6039	386
3970	4	6040	-617
3971	4	6041	404
3972	4	6042	-331
3973	4	6043	-591
3974	4	6044	-700
3975	4	6045	-127
3976	4	6046	416
3977	4	6047	123
3978	4	6048	187
3979	4	6049	103
3980	4	6050	398
3981	4	6051	244
3982	4	6052	71
3983	4	6053	703
3984	4	6054	-1001
3985	4	6055	-38
3986	4	6056	155
3987	4	6057	-365
3988	4	6058	510
3989	4	6059	-191
3990	4	6060	-174
3991	4	6061	-260
3992	4	6062	-703
3993	4	6063	596
3994	4	6064	543
3995	4	6065	-128
3996	4	6066	-206
3997	4	6067	439
3998	4	6068	-166
3999	4	6069	-217
4000	4	6070	217
4001	4	6071	345
4002	4	6072	-470
4003	4	6073	-504
4004	4	6074	224
4005	4	6075	399
4006	4	6076	399
4007	4	6077	130
4008	4	6078	109
4009	4	6079	338
4010	4	6080	-208
4011	4	6081	465
4012	4	6082	25
4013	4	6083	74
4014	4	6084	554
4015	4	6085	-259
4016	4	6086	-199
4017	4	6087	438
4018	4	6088	546
4019	4	6089	-63
4020	4	6090	-157
4021	4	6091	29
4022	4	6092	481
4023	4	6093	374
4024	4	6094	769
4025	4	6095	226
4026	4	6096	-228
4027	4	6097	-214
4028	4	6098	-517
4029	4	6099	125
4030	4	6100	-556
4031	4	6101	-343
4032	4	6102	30
4033	4	6103	-680
4034	4	6104	-77
4035	4	6105	20
4036	4	6106	-102
4037	4	6107	105
4038	4	6108	-249
4039	4	6109	-192
4040	4	6110	-436
4041	4	6111	423
4042	4	6112	-152
4043	4	6113	243
4044	4	6114	224
4045	4	6115	-386
4046	4	6116	350
4047	4	6117	-688
4048	4	6118	-203
4049	4	6119	-502
4050	4	6120	48
4051	4	6121	-67
4052	4	6122	-32
4053	4	6123	61
4054	4	6124	-10
4055	4	6125	-589
4056	4	6126	-437
4057	4	6127	208
4058	4	6128	520
4059	4	6129	587
4060	4	6130	390
4061	4	6131	-345
4062	4	6132	-115
4063	4	6133	-383
4064	4	6134	226
4065	4	6135	127
4066	4	6136	722
4067	4	6137	-26
4068	4	6138	122
4069	4	6139	17
4070	4	6140	-479
4071	4	6141	306
4072	4	6142	17
4073	4	6143	410
4074	4	6144	-781
4075	4	6145	-234
4076	4	6146	-154
4077	4	6147	215
4078	4	6148	-314
4079	4	6149	-124
4080	4	6150	-510
4081	4	6151	382
4082	4	6152	1030
4083	4	6153	-438
4084	4	6154	-599
4085	4	6155	-174
4086	4	6156	869
4087	4	6157	-159
4088	4	6158	-579
4089	4	6159	-547
4090	4	6160	386
4091	4	6161	-890
4092	4	6162	240
4093	4	6163	676
4094	4	6164	88
4095	4	6165	252
4096	4	6166	567
4097	4	6167	-140
4098	4	6168	-112
4099	4	6169	231
4100	4	6170	-777
4101	4	6171	169
4102	4	6172	-477
4103	4	6173	-859
4104	4	6174	585
4105	4	6175	29
4106	4	6176	313
4107	4	6177	583
4108	4	6178	-169
4109	4	6179	142
4110	4	6180	333
4111	4	6181	-440
4112	4	6182	-174
4113	4	6183	380
4114	4	6184	-98
4115	4	6185	454
4116	4	6186	41
4117	4	6187	-34
4118	4	6188	684
4119	4	6189	-101
4120	4	6190	-326
4121	4	6191	52
4122	4	6192	357
4123	4	6193	-153
4124	4	6194	-55
4125	4	6195	369
4126	4	6196	-551
4127	4	6197	-304
4128	4	6198	75
4129	4	6199	107
4130	4	6200	-54
4131	4	6201	56
4132	4	6202	-380
4133	4	6203	18
4134	4	6204	-86
4135	4	6205	-151
4136	4	6206	639
4137	4	6207	-157
4138	4	6208	-303
4139	4	6209	-156
4140	4	6210	188
4141	4	6211	506
4142	4	6212	-59
4143	4	6213	-143
4144	4	6214	-407
4145	4	6215	352
4146	4	6216	493
4147	4	6217	751
4148	4	6218	438
4149	4	6219	-70
4150	4	6220	439
4151	4	6221	25
4152	4	6222	-162
4153	4	6223	241
4154	4	6224	-531
4155	4	6225	-124
4156	4	6226	121
4157	4	6227	-708
4158	4	6228	62
4159	4	6229	-184
4160	4	6230	70
4161	4	6231	-685
4162	4	6232	-111
4163	4	6233	-728
4164	4	6234	-141
4165	4	6235	-446
4166	4	6236	191
4167	4	6237	219
4168	4	6238	250
4169	4	6239	109
4170	4	6240	-194
4171	4	6241	268
4172	4	6242	119
4173	4	6243	-239
4174	4	6244	46
4175	4	6245	-51
4176	4	6246	-858
4177	4	6247	-301
4178	4	6248	313
4179	4	6249	223
4180	4	6250	-7
4181	4	6251	124
4182	4	6252	427
4183	4	6253	-287
4184	4	6254	-714
4185	4	6255	365
4186	4	6256	110
4187	4	6257	65
4188	4	6258	925
4189	4	6259	-639
4190	4	6260	-135
4191	4	6261	109
4192	4	6262	-95
4193	4	6263	768
4194	4	6264	-192
4195	4	6265	-276
4196	4	6266	-295
4197	4	6267	96
4198	4	6268	49
4199	4	6269	-288
4200	4	6270	109
4201	4	6271	-488
4202	4	6272	87
4203	4	6273	-707
4204	4	6274	306
4205	4	6275	144
4206	4	6276	353
4207	4	6277	-343
4208	4	6278	-127
4209	4	6279	-159
4210	4	6280	-229
4211	4	6281	-529
4212	4	6282	-639
4213	4	6283	88
4214	4	6284	607
4215	4	6285	82
4216	4	6286	520
4217	4	6287	484
4218	4	6288	110
4219	4	6289	-28
4220	4	6290	387
4221	4	6291	-52
4222	4	6292	306
4223	4	6293	-412
4224	4	6294	463
4225	4	6295	-314
4226	4	6296	355
4227	4	6297	-266
4228	4	6298	-168
4229	4	6299	623
4230	4	6300	-38
4231	4	6301	405
4232	4	6302	594
4233	4	6303	-617
4234	4	6304	-344
4235	4	6305	82
4236	4	6306	127
4237	4	6307	-229
4238	4	6308	-479
4239	4	6309	-175
4240	4	6310	-91
4241	4	6311	-318
4242	4	6312	-185
4243	4	6313	651
4244	4	6314	363
4245	4	6315	-331
4246	4	6316	-319
4247	4	6317	100
4248	4	6318	-223
4249	4	6319	112
4250	4	6320	342
4251	4	6321	-745
4252	4	6322	159
4253	4	6323	-462
4254	4	6324	356
4255	4	6325	92
4256	4	6326	-132
4257	4	6327	-384
4258	4	6328	293
4259	4	6329	-151
4260	4	6330	-155
4261	4	6331	-361
4262	4	6332	-160
4263	4	6333	183
4264	4	6334	-354
4265	4	6335	-387
4266	4	6336	-519
4267	4	6337	-119
4268	4	6338	435
4269	4	6339	223
4270	4	6340	157
4271	4	6341	385
4272	4	6342	234
4273	4	6343	-401
4274	4	6344	5
4275	4	6345	183
4276	4	6346	-325
4277	4	6347	305
4278	4	6348	553
4279	4	6349	186
4280	4	6350	-125
4281	4	6351	188
4282	4	6352	279
4283	4	6353	617
4284	4	6354	17
4285	4	6355	444
4286	4	6356	-309
4287	4	6357	415
4288	4	6358	-73
4289	4	6359	28
4290	4	6360	216
4291	4	6361	-402
4292	4	6362	-301
4293	4	6363	434
4294	4	6364	52
4295	4	6365	-108
4296	4	6366	481
4297	4	6367	-112
4298	4	6368	-200
4299	4	6369	266
4300	4	6370	2
4301	4	6371	-15
4302	4	6372	237
4303	4	6373	422
4304	4	6374	84
4305	4	6375	-76
4306	4	6376	121
4307	4	6377	180
4308	4	6378	-275
4309	4	6379	-433
4310	4	6380	154
4311	4	6381	111
4312	4	6382	417
4313	4	6383	-365
4314	4	6384	-359
4315	4	6385	203
4316	4	6386	97
4317	4	6387	20
4318	4	6388	-152
4319	4	6389	863
4320	4	6390	332
4321	4	6391	160
4322	4	6392	-456
4323	4	6393	69
4324	4	6394	268
4325	4	6395	206
4326	4	6396	351
4327	4	6397	-317
4328	4	6398	-87
4329	4	6399	-475
4330	4	6400	-277
4331	4	6401	507
4332	4	6402	-35
4333	4	6403	316
4334	4	6404	464
4335	4	6405	-253
4336	4	6406	-138
4337	4	6407	-159
4338	4	6408	-601
4339	4	6409	54
4340	4	6410	230
4341	4	6411	49
4342	4	6412	-100
4343	4	6413	-94
4344	4	6414	-502
4345	4	6415	-80
4346	4	6416	-794
4347	4	6417	-156
4348	4	6418	-70
4349	4	6419	27
4350	4	6420	333
4351	4	6421	-440
4352	4	6422	-174
4353	4	6423	380
4354	4	6424	-98
4355	4	6425	454
4356	4	6426	41
4357	4	6427	-34
4358	4	6428	684
4359	4	6429	-101
4360	4	6430	-326
4361	4	6431	52
4362	4	6432	357
4363	4	6433	-153
4364	4	6434	-55
4365	4	6435	369
4366	4	6436	-551
4367	4	6437	-304
4368	4	6438	75
4369	4	6439	107
4370	4	6440	-54
4371	4	6441	56
4372	4	6442	-380
4373	4	6443	18
4374	4	6444	-86
4375	4	6445	-151
4376	4	6446	639
4377	4	6447	-157
4378	4	6448	-303
4379	4	6449	-156
4380	4	6450	188
4381	4	6451	506
4382	4	6452	-59
4383	4	6453	-143
4384	4	6454	-407
4385	4	6455	352
4386	4	6456	493
4387	4	6457	751
4388	4	6458	438
4389	4	6459	-70
4390	4	6460	439
4391	4	6461	25
4392	4	6462	-162
4393	4	6463	241
4394	4	6464	-531
4395	4	6465	-124
4396	4	6466	121
4397	4	6467	-708
4398	4	6468	62
4399	4	6469	-184
4400	4	6470	70
4401	4	6471	-685
4402	4	6472	-111
4403	4	6473	-728
4404	4	6474	-141
4405	4	6475	-446
4406	4	6476	191
4407	4	6477	219
4408	4	6478	250
4409	4	6479	109
4410	4	6480	-151
4411	4	6481	183
4412	4	6482	53
4413	4	6483	-146
4414	4	6484	61
4415	4	6485	449
4416	4	6486	796
4417	4	6487	448
4418	4	6488	-465
4419	4	6489	-875
4420	4	6490	5
4421	4	6491	-16
4422	4	6492	-677
4423	4	6493	-39
4424	4	6494	-148
4425	4	6495	-41
4426	4	6496	-829
4427	4	6497	392
4428	4	6498	-288
4429	4	6499	851
4430	4	6500	-534
4431	4	6501	-91
4432	4	6502	49
4433	4	6503	-158
4434	4	6504	906
4435	4	6505	104
4436	4	6506	-80
4437	4	6507	-615
4438	4	6508	50
4439	4	6509	-211
4440	4	6510	823
4441	4	6511	-120
4442	4	6512	-495
4443	4	6513	-139
4444	4	6514	607
4445	4	6515	102
4446	4	6516	-673
4447	4	6517	281
4448	4	6518	892
4449	4	6519	386
4450	4	6520	-617
4451	4	6521	404
4452	4	6522	-331
4453	4	6523	-591
4454	4	6524	-700
4455	4	6525	-127
4456	4	6526	416
4457	4	6527	123
4458	4	6528	187
4459	4	6529	103
4460	4	6530	398
4461	4	6531	244
4462	4	6532	71
4463	4	6533	703
4464	4	6534	-1001
4465	4	6535	-38
4466	4	6536	155
4467	4	6537	-365
4468	4	6538	510
4469	4	6539	-191
4470	4	6540	-194
4471	4	6541	268
4472	4	6542	119
4473	4	6543	-239
4474	4	6544	46
4475	4	6545	-51
4476	4	6546	-858
4477	4	6547	-301
4478	4	6548	313
4479	4	6549	223
4480	4	6550	-7
4481	4	6551	124
4482	4	6552	427
4483	4	6553	-287
4484	4	6554	-714
4485	4	6555	365
4486	4	6556	110
4487	4	6557	65
4488	4	6558	925
4489	4	6559	-639
4490	4	6560	-135
4491	4	6561	109
4492	4	6562	-95
4493	4	6563	768
4494	4	6564	-192
4495	4	6565	-276
4496	4	6566	-295
4497	4	6567	96
4498	4	6568	49
4499	4	6569	-288
4500	4	6570	109
4501	4	6571	-488
4502	4	6572	87
4503	4	6573	-707
4504	4	6574	306
4505	4	6575	144
4506	4	6576	353
4507	4	6577	-343
4508	4	6578	-127
4509	4	6579	-159
4510	4	6580	-229
4511	4	6581	-529
4512	4	6582	-639
4513	4	6583	88
4514	4	6584	607
4515	4	6585	82
4516	4	6586	520
4517	4	6587	484
4518	4	6588	110
4519	4	6589	-28
4520	4	6590	387
4521	4	6591	-52
4522	4	6592	306
4523	4	6593	-412
4524	4	6594	463
4525	4	6595	-314
4526	4	6596	355
4527	4	6597	-266
4528	4	6598	-168
4529	4	6599	623
4530	4	6600	-174
4531	4	6601	-260
4532	4	6602	-703
4533	4	6603	596
4534	4	6604	543
4535	4	6605	-128
4536	4	6606	-206
4537	4	6607	439
4538	4	6608	-166
4539	4	6609	-217
4540	4	6610	217
4541	4	6611	345
4542	4	6612	-470
4543	4	6613	-504
4544	4	6614	224
4545	4	6615	399
4546	4	6616	399
4547	4	6617	130
4548	4	6618	109
4549	4	6619	338
4550	4	6620	-208
4551	4	6621	465
4552	4	6622	25
4553	4	6623	74
4554	4	6624	554
4555	4	6625	-259
4556	4	6626	-199
4557	4	6627	438
4558	4	6628	546
4559	4	6629	-63
4560	4	6630	-157
4561	4	6631	29
4562	4	6632	481
4563	4	6633	374
4564	4	6634	769
4565	4	6635	226
4566	4	6636	-228
4567	4	6637	-214
4568	4	6638	-517
4569	4	6639	125
4570	4	6640	-556
4571	4	6641	-343
4572	4	6642	30
4573	4	6643	-680
4574	4	6644	-77
4575	4	6645	20
4576	4	6646	-102
4577	4	6647	105
4578	4	6648	-249
4579	4	6649	-192
4580	4	6650	-436
4581	4	6651	423
4582	4	6652	-152
4583	4	6653	243
4584	4	6654	224
4585	4	6655	-386
4586	4	6656	350
4587	4	6657	-688
4588	4	6658	-203
4589	4	6659	-502
4590	4	6660	-38
4591	4	6661	405
4592	4	6662	594
4593	4	6663	-617
4594	4	6664	-344
4595	4	6665	82
4596	4	6666	127
4597	4	6667	-229
4598	4	6668	-479
4599	4	6669	-175
4600	4	6670	-91
4601	4	6671	-318
4602	4	6672	-185
4603	4	6673	651
4604	4	6674	363
4605	4	6675	-331
4606	4	6676	-319
4607	4	6677	100
4608	4	6678	-223
4609	4	6679	112
4610	4	6680	342
4611	4	6681	-745
4612	4	6682	159
4613	4	6683	-462
4614	4	6684	356
4615	4	6685	92
4616	4	6686	-132
4617	4	6687	-384
4618	4	6688	293
4619	4	6689	-151
4620	4	6690	-155
4621	4	6691	-361
4622	4	6692	-160
4623	4	6693	183
4624	4	6694	-354
4625	4	6695	-387
4626	4	6696	-519
4627	4	6697	-119
4628	4	6698	435
4629	4	6699	223
4630	4	6700	157
4631	4	6701	385
4632	4	6702	234
4633	4	6703	-401
4634	4	6704	5
4635	4	6705	183
4636	4	6706	-325
4637	4	6707	305
4638	4	6708	553
4639	4	6709	186
4640	4	6710	-125
4641	4	6711	188
4642	4	6712	279
4643	4	6713	617
4644	4	6714	17
4645	4	6715	444
4646	4	6716	-309
4647	4	6717	415
4648	4	6718	-73
4649	4	6719	28
4650	4	6720	48
4651	4	6721	-67
4652	4	6722	-32
4653	4	6723	61
4654	4	6724	-10
4655	4	6725	-589
4656	4	6726	-437
4657	4	6727	208
4658	4	6728	520
4659	4	6729	587
4660	4	6730	390
4661	4	6731	-345
4662	4	6732	-115
4663	4	6733	-383
4664	4	6734	226
4665	4	6735	127
4666	4	6736	722
4667	4	6737	-26
4668	4	6738	122
4669	4	6739	17
4670	4	6740	-479
4671	4	6741	306
4672	4	6742	17
4673	4	6743	410
4674	4	6744	-781
4675	4	6745	-234
4676	4	6746	-154
4677	4	6747	215
4678	4	6748	-314
4679	4	6749	-124
4680	4	6750	-510
4681	4	6751	382
4682	4	6752	1030
4683	4	6753	-438
4684	4	6754	-599
4685	4	6755	-174
4686	4	6756	869
4687	4	6757	-159
4688	4	6758	-579
4689	4	6759	-547
4690	4	6760	386
4691	4	6761	-890
4692	4	6762	240
4693	4	6763	676
4694	4	6764	88
4695	4	6765	252
4696	4	6766	567
4697	4	6767	-140
4698	4	6768	-112
4699	4	6769	231
4700	4	6770	-777
4701	4	6771	169
4702	4	6772	-477
4703	4	6773	-859
4704	4	6774	585
4705	4	6775	29
4706	4	6776	313
4707	4	6777	583
4708	4	6778	-169
4709	4	6779	142
4710	4	6780	216
4711	4	6781	-402
4712	4	6782	-301
4713	4	6783	434
4714	4	6784	52
4715	4	6785	-108
4716	4	6786	481
4717	4	6787	-112
4718	4	6788	-200
4719	4	6789	266
4720	4	6790	2
4721	4	6791	-15
4722	4	6792	237
4723	4	6793	422
4724	4	6794	84
4725	4	6795	-76
4726	4	6796	121
4727	4	6797	180
4728	4	6798	-275
4729	4	6799	-433
4730	4	6800	154
4731	4	6801	111
4732	4	6802	417
4733	4	6803	-365
4734	4	6804	-359
4735	4	6805	203
4736	4	6806	97
4737	4	6807	20
4738	4	6808	-152
4739	4	6809	863
4740	4	6810	332
4741	4	6811	160
4742	4	6812	-456
4743	4	6813	69
4744	4	6814	268
4745	4	6815	206
4746	4	6816	351
4747	4	6817	-317
4748	4	6818	-87
4749	4	6819	-475
4750	4	6820	-277
4751	4	6821	507
4752	4	6822	-35
4753	4	6823	316
4754	4	6824	464
4755	4	6825	-253
4756	4	6826	-138
4757	4	6827	-159
4758	4	6828	-601
4759	4	6829	54
4760	4	6830	230
4761	4	6831	49
4762	4	6832	-100
4763	4	6833	-94
4764	4	6834	-502
4765	4	6835	-80
4766	4	6836	-794
4767	4	6837	-156
4768	4	6838	-70
4769	4	6839	27
4770	4	6840	-194
4771	4	6841	268
4772	4	6842	119
4773	4	6843	-239
4774	4	6844	46
4775	4	6845	-51
4776	4	6846	-858
4777	4	6847	-301
4778	4	6848	313
4779	4	6849	223
4780	4	6850	-7
4781	4	6851	124
4782	4	6852	427
4783	4	6853	-287
4784	4	6854	-714
4785	4	6855	365
4786	4	6856	110
4787	4	6857	65
4788	4	6858	925
4789	4	6859	-639
4790	4	6860	-135
4791	4	6861	109
4792	4	6862	-95
4793	4	6863	768
4794	4	6864	-192
4795	4	6865	-276
4796	4	6866	-295
4797	4	6867	96
4798	4	6868	49
4799	4	6869	-288
4800	4	6870	109
4801	4	6871	-488
4802	4	6872	87
4803	4	6873	-707
4804	4	6874	306
4805	4	6875	144
4806	4	6876	353
4807	4	6877	-343
4808	4	6878	-127
4809	4	6879	-159
4810	4	6880	-229
4811	4	6881	-529
4812	4	6882	-639
4813	4	6883	88
4814	4	6884	607
4815	4	6885	82
4816	4	6886	520
4817	4	6887	484
4818	4	6888	110
4819	4	6889	-28
4820	4	6890	387
4821	4	6891	-52
4822	4	6892	306
4823	4	6893	-412
4824	4	6894	463
4825	4	6895	-314
4826	4	6896	355
4827	4	6897	-266
4828	4	6898	-168
4829	4	6899	623
4830	4	6900	48
4831	4	6901	-67
4832	4	6902	-32
4833	4	6903	61
4834	4	6904	-10
4835	4	6905	-589
4836	4	6906	-437
4837	4	6907	208
4838	4	6908	520
4839	4	6909	587
4840	4	6910	390
4841	4	6911	-345
4842	4	6912	-115
4843	4	6913	-383
4844	4	6914	226
4845	4	6915	127
4846	4	6916	722
4847	4	6917	-26
4848	4	6918	122
4849	4	6919	17
4850	4	6920	-479
4851	4	6921	306
4852	4	6922	17
4853	4	6923	410
4854	4	6924	-781
4855	4	6925	-234
4856	4	6926	-154
4857	4	6927	215
4858	4	6928	-314
4859	4	6929	-124
4860	4	6930	-510
4861	4	6931	382
4862	4	6932	1030
4863	4	6933	-438
4864	4	6934	-599
4865	4	6935	-174
4866	4	6936	869
4867	4	6937	-159
4868	4	6938	-579
4869	4	6939	-547
4870	4	6940	386
4871	4	6941	-890
4872	4	6942	240
4873	4	6943	676
4874	4	6944	88
4875	4	6945	252
4876	4	6946	567
4877	4	6947	-140
4878	4	6948	-112
4879	4	6949	231
4880	4	6950	-777
4881	4	6951	169
4882	4	6952	-477
4883	4	6953	-859
4884	4	6954	585
4885	4	6955	29
4886	4	6956	313
4887	4	6957	583
4888	4	6958	-169
4889	4	6959	142
4890	4	6960	-151
4891	4	6961	183
4892	4	6962	53
4893	4	6963	-146
4894	4	6964	61
4895	4	6965	449
4896	4	6966	796
4897	4	6967	448
4898	4	6968	-465
4899	4	6969	-875
4900	4	6970	5
4901	4	6971	-16
4902	4	6972	-677
4903	4	6973	-39
4904	4	6974	-148
4905	4	6975	-41
4906	4	6976	-829
4907	4	6977	392
4908	4	6978	-288
4909	4	6979	851
4910	4	6980	-534
4911	4	6981	-91
4912	4	6982	49
4913	4	6983	-158
4914	4	6984	906
4915	4	6985	104
4916	4	6986	-80
4917	4	6987	-615
4918	4	6988	50
4919	4	6989	-211
4920	4	6990	823
4921	4	6991	-120
4922	4	6992	-495
4923	4	6993	-139
4924	4	6994	607
4925	4	6995	102
4926	4	6996	-673
4927	4	6997	281
4928	4	6998	892
4929	4	6999	386
4930	4	7000	-617
4931	4	7001	404
4932	4	7002	-331
4933	4	7003	-591
4934	4	7004	-700
4935	4	7005	-127
4936	4	7006	416
4937	4	7007	123
4938	4	7008	187
4939	4	7009	103
4940	4	7010	398
4941	4	7011	244
4942	4	7012	71
4943	4	7013	703
4944	4	7014	-1001
4945	4	7015	-38
4946	4	7016	155
4947	4	7017	-365
4948	4	7018	510
4949	4	7019	-191
4950	4	7020	-38
4951	4	7021	405
4952	4	7022	594
4953	4	7023	-617
4954	4	7024	-344
4955	4	7025	82
4956	4	7026	127
4957	4	7027	-229
4958	4	7028	-479
4959	4	7029	-175
4960	4	7030	-91
4961	4	7031	-318
4962	4	7032	-185
4963	4	7033	651
4964	4	7034	363
4965	4	7035	-331
4966	4	7036	-319
4967	4	7037	100
4968	4	7038	-223
4969	4	7039	112
4970	4	7040	342
4971	4	7041	-745
4972	4	7042	159
4973	4	7043	-462
4974	4	7044	356
4975	4	7045	92
4976	4	7046	-132
4977	4	7047	-384
4978	4	7048	293
4979	4	7049	-151
4980	4	7050	-155
4981	4	7051	-361
4982	4	7052	-160
4983	4	7053	183
4984	4	7054	-354
4985	4	7055	-387
4986	4	7056	-519
4987	4	7057	-119
4988	4	7058	435
4989	4	7059	223
4990	4	7060	157
4991	4	7061	385
4992	4	7062	234
4993	4	7063	-401
4994	4	7064	5
4995	4	7065	183
4996	4	7066	-325
4997	4	7067	305
4998	4	7068	553
4999	4	7069	186
5000	4	7070	-125
5001	4	7071	188
5002	4	7072	279
5003	4	7073	617
5004	4	7074	17
5005	4	7075	444
5006	4	7076	-309
5007	4	7077	415
5008	4	7078	-73
5009	4	7079	28
5010	4	7080	333
5011	4	7081	-440
5012	4	7082	-174
5013	4	7083	380
5014	4	7084	-98
5015	4	7085	454
5016	4	7086	41
5017	4	7087	-34
5018	4	7088	684
5019	4	7089	-101
5020	4	7090	-326
5021	4	7091	52
5022	4	7092	357
5023	4	7093	-153
5024	4	7094	-55
5025	4	7095	369
5026	4	7096	-551
5027	4	7097	-304
5028	4	7098	75
5029	4	7099	107
5030	4	7100	-54
5031	4	7101	56
5032	4	7102	-380
5033	4	7103	18
5034	4	7104	-86
5035	4	7105	-151
5036	4	7106	639
5037	4	7107	-157
5038	4	7108	-303
5039	4	7109	-156
5040	4	7110	188
5041	4	7111	506
5042	4	7112	-59
5043	4	7113	-143
5044	4	7114	-407
5045	4	7115	352
5046	4	7116	493
5047	4	7117	751
5048	4	7118	438
5049	4	7119	-70
5050	4	7120	439
5051	4	7121	25
5052	4	7122	-162
5053	4	7123	241
5054	4	7124	-531
5055	4	7125	-124
5056	4	7126	121
5057	4	7127	-708
5058	4	7128	62
5059	4	7129	-184
5060	4	7130	70
5061	4	7131	-685
5062	4	7132	-111
5063	4	7133	-728
5064	4	7134	-141
5065	4	7135	-446
5066	4	7136	191
5067	4	7137	219
5068	4	7138	250
5069	4	7139	109
5070	4	7140	-174
5071	4	7141	-260
5072	4	7142	-703
5073	4	7143	596
5074	4	7144	543
5075	4	7145	-128
5076	4	7146	-206
5077	4	7147	439
5078	4	7148	-166
5079	4	7149	-217
5080	4	7150	217
5081	4	7151	345
5082	4	7152	-470
5083	4	7153	-504
5084	4	7154	224
5085	4	7155	399
5086	4	7156	399
5087	4	7157	130
5088	4	7158	109
5089	4	7159	338
5090	4	7160	-208
5091	4	7161	465
5092	4	7162	25
5093	4	7163	74
5094	4	7164	554
5095	4	7165	-259
5096	4	7166	-199
5097	4	7167	438
5098	4	7168	546
5099	4	7169	-63
5100	4	7170	-157
5101	4	7171	29
5102	4	7172	481
5103	4	7173	374
5104	4	7174	769
5105	4	7175	226
5106	4	7176	-228
5107	4	7177	-214
5108	4	7178	-517
5109	4	7179	125
5110	4	7180	-556
5111	4	7181	-343
5112	4	7182	30
5113	4	7183	-680
5114	4	7184	-77
5115	4	7185	20
5116	4	7186	-102
5117	4	7187	105
5118	4	7188	-249
5119	4	7189	-192
5120	4	7190	-436
5121	4	7191	423
5122	4	7192	-152
5123	4	7193	243
5124	4	7194	224
5125	4	7195	-386
5126	4	7196	350
5127	4	7197	-688
5128	4	7198	-203
5129	4	7199	-502
5130	2	10080	186
5131	2	10081	-530
5132	2	10082	-557
5133	2	10083	672
5134	2	10084	230
5135	2	10085	623
5136	4	10086	194
5137	4	10087	-41
5138	4	10088	481
5139	4	10089	-140
5140	4	10090	-269
5141	2	10096	-1071
5142	4	10097	268
5143	4	10098	259
5144	4	10099	524
5145	4	10100	-11
5146	4	10101	-363
5147	2	10107	-724
5148	4	10108	620
5149	4	10109	191
5150	4	10110	733
5151	4	10111	-2
5152	4	10112	-85
5153	2	10118	1109
5154	4	10119	106
5155	4	10120	-164
5156	4	10121	59
5157	4	10122	-614
5158	4	10123	-707
5159	2	10129	62
5160	4	10130	78
5161	4	10131	-297
5162	4	10132	168
5163	4	10133	-416
5164	4	10134	-573
5165	2	10140	186
5166	2	10141	-530
5167	2	10142	-557
5168	2	10143	672
5169	2	10144	230
5170	2	10145	623
5171	4	10146	194
5172	4	10147	-41
5173	4	10148	481
5174	4	10149	-140
5175	4	10150	-269
5176	2	10156	-1071
5177	4	10157	268
5178	4	10158	259
5179	4	10159	524
5180	4	10160	-11
5181	4	10161	-363
5182	2	10167	-724
5183	4	10168	620
5184	4	10169	191
5185	4	10170	733
5186	4	10171	-2
5187	4	10172	-85
5188	2	10178	1109
5189	4	10179	106
5190	4	10180	-164
5191	4	10181	59
5192	4	10182	-614
5193	4	10183	-707
5194	2	10189	62
5195	4	10190	78
5196	4	10191	-297
5197	4	10192	168
5198	4	10193	-416
5199	4	10194	-573
5200	2	10200	186
5201	2	10201	-530
5202	2	10202	-557
5203	2	10203	672
5204	2	10204	230
5205	2	10205	623
5206	4	10206	194
5207	4	10207	-41
5208	4	10208	481
5209	4	10209	-140
5210	4	10210	-269
5211	2	10216	-1071
5212	4	10217	268
5213	4	10218	259
5214	4	10219	524
5215	4	10220	-11
5216	4	10221	-363
5217	2	10227	-724
5218	4	10228	620
5219	4	10229	191
5220	4	10230	733
5221	4	10231	-2
5222	4	10232	-85
5223	2	10238	1109
5224	4	10239	106
5225	4	10240	-164
5226	4	10241	59
5227	4	10242	-614
5228	4	10243	-707
5229	2	10249	62
5230	4	10250	78
5231	4	10251	-297
5232	4	10252	168
5233	4	10253	-416
5234	4	10254	-573
5235	2	10260	460
5236	2	10261	-251
5237	2	10262	337
5238	2	10263	-53
5239	2	10264	-493
5240	2	10265	-322
5241	4	10266	364
5242	4	10267	508
5243	4	10268	-156
5244	4	10269	-296
5245	4	10270	410
5246	2	10276	140
5247	4	10277	-268
5248	4	10278	-270
5249	4	10279	47
5250	4	10280	-606
5251	4	10281	192
5252	2	10287	-295
5253	4	10288	-402
5254	4	10289	58
5255	4	10290	152
5256	4	10291	230
5257	4	10292	-159
5258	2	10298	96
5259	4	10299	-154
5260	4	10300	24
5261	4	10301	473
5262	4	10302	72
5263	4	10303	219
5264	2	10309	381
5265	4	10310	-216
5266	4	10311	431
5267	4	10312	-396
5268	4	10313	61
5269	4	10314	-319
5270	4	10320	-43
5271	4	10321	95
5272	4	10322	84
5273	4	10323	-111
5274	4	10324	-25
5275	4	10325	-383
5276	4	10326	-640
5277	4	10327	-443
5278	4	10328	-312
5279	4	10329	37
5280	4	10330	-19
5281	4	10331	672
5282	4	10332	-65
5283	4	10333	-217
5284	4	10334	644
5285	4	10335	511
5286	4	10336	582
5287	4	10337	-585
5288	4	10338	127
5289	4	10339	-506
5290	4	10340	740
5291	4	10341	304
5292	4	10342	107
5293	4	10343	-849
5294	4	10344	199
5295	4	10345	-198
5296	4	10346	76
5297	4	10347	322
5298	4	10348	382
5299	4	10349	142
5300	4	10350	-831
5301	4	10351	92
5302	4	10352	-332
5303	4	10353	480
5304	4	10354	140
5305	4	10355	507
5306	4	10356	-331
5307	4	10357	-923
5308	4	10358	-559
5309	4	10359	138
5310	4	10360	275
5311	4	10361	730
5312	4	10362	436
5313	4	10363	-359
5314	4	10364	883
5315	4	10365	-191
5316	4	10366	-754
5317	4	10367	-104
5318	4	10368	-275
5319	4	10369	38
5320	4	10370	-192
5321	4	10371	611
5322	4	10372	-45
5323	4	10373	397
5324	4	10374	910
5325	4	10375	-629
5326	4	10376	46
5327	4	10377	-502
5328	4	10378	-259
5329	4	10379	-23
5330	4	10380	-305
5331	4	10381	431
5332	4	10382	205
5333	4	10383	-393
5334	4	10384	62
5335	4	10385	58
5336	4	10386	-674
5337	4	10387	194
5338	4	10388	251
5339	4	10389	-89
5340	4	10390	-408
5341	4	10391	26
5342	4	10392	11
5343	4	10393	-271
5344	4	10394	-421
5345	4	10395	110
5346	4	10396	-13
5347	4	10397	197
5348	4	10398	392
5349	4	10399	-88
5350	4	10400	-66
5351	4	10401	99
5352	4	10402	-520
5353	4	10403	546
5354	4	10404	413
5355	4	10405	-274
5356	4	10406	-171
5357	4	10407	72
5358	4	10408	525
5359	4	10409	-278
5360	4	10410	-457
5361	4	10411	-937
5362	4	10412	203
5363	4	10413	207
5364	4	10414	362
5365	4	10415	-266
5366	4	10416	-436
5367	4	10417	-126
5368	4	10418	-37
5369	4	10419	590
5370	4	10420	-345
5371	4	10421	-463
5372	4	10422	41
5373	4	10423	-580
5374	4	10424	132
5375	4	10425	334
5376	4	10426	-87
5377	4	10427	685
5378	4	10428	111
5379	4	10429	-80
5380	4	10430	135
5381	4	10431	71
5382	4	10432	831
5383	4	10433	114
5384	4	10434	699
5385	4	10435	97
5386	4	10436	339
5387	4	10437	-240
5388	4	10438	-270
5389	4	10439	-248
5390	4	10440	25
5391	4	10441	-136
5392	4	10442	-179
5393	4	10443	195
5394	4	10444	95
5395	4	10445	175
5396	4	10446	-482
5397	4	10447	-437
5398	4	10448	351
5399	4	10449	60
5400	4	10450	-554
5401	4	10451	142
5402	4	10452	481
5403	4	10453	-127
5404	4	10454	-4
5405	4	10455	618
5406	4	10456	-104
5407	4	10457	-160
5408	4	10458	317
5409	4	10459	-548
5410	4	10460	422
5411	4	10461	243
5412	4	10462	-63
5413	4	10463	-175
5414	4	10464	-41
5415	4	10465	-353
5416	4	10466	644
5417	4	10467	115
5418	4	10468	31
5419	4	10469	188
5420	4	10470	-267
5421	4	10471	145
5422	4	10472	-290
5423	4	10473	-24
5424	4	10474	-29
5425	4	10475	429
5426	4	10476	465
5427	4	10477	-108
5428	4	10478	-7
5429	4	10479	-248
5430	4	10480	117
5431	4	10481	287
5432	4	10482	-31
5433	4	10483	6
5434	4	10484	405
5435	4	10485	-46
5436	4	10486	-246
5437	4	10487	-487
5438	4	10488	-267
5439	4	10489	-179
5440	4	10490	181
5441	4	10491	-231
5442	4	10492	253
5443	4	10493	-505
5444	4	10494	463
5445	4	10495	-647
5446	4	10496	-38
5447	4	10497	-70
5448	4	10498	-57
5449	4	10499	285
5450	2	10680	460
5451	2	10681	-251
5452	2	10682	337
5453	2	10683	-53
5454	2	10684	-493
5455	2	10685	-322
5456	4	10686	364
5457	4	10687	508
5458	4	10688	-156
5459	4	10689	-296
5460	4	10690	410
5461	2	10696	140
5462	4	10697	-268
5463	4	10698	-270
5464	4	10699	47
5465	4	10700	-606
5466	4	10701	192
5467	2	10707	-295
5468	4	10708	-402
5469	4	10709	58
5470	4	10710	152
5471	4	10711	230
5472	4	10712	-159
5473	2	10718	96
5474	4	10719	-154
5475	4	10720	24
5476	4	10721	473
5477	4	10722	72
5478	4	10723	219
5479	2	10729	381
5480	4	10730	-216
5481	4	10731	431
5482	4	10732	-396
5483	4	10733	61
5484	4	10734	-319
5485	4	10740	25
5486	4	10741	-136
5487	4	10742	-179
5488	4	10743	195
5489	4	10744	95
5490	4	10745	175
5491	4	10746	618
5492	4	10747	-4
5493	4	10748	-127
5494	4	10749	481
5495	4	10750	142
5496	4	10751	-554
5497	4	10752	60
5498	4	10753	351
5499	4	10754	-437
5500	4	10755	-482
5501	4	10756	-104
5502	4	10757	644
5503	4	10758	-353
5504	4	10759	-41
5505	4	10760	-175
5506	4	10761	-63
5507	4	10762	243
5508	4	10763	422
5509	4	10764	-548
5510	4	10765	317
5511	4	10766	-160
5512	4	10767	115
5513	4	10768	-108
5514	4	10769	465
5515	4	10770	429
5516	4	10771	-29
5517	4	10772	-24
5518	4	10773	-290
5519	4	10774	145
5520	4	10775	-267
5521	4	10776	188
5522	4	10777	31
5523	4	10778	-7
5524	4	10779	-267
5525	4	10780	-487
5526	4	10781	-246
5527	4	10782	-46
5528	4	10783	405
5529	4	10784	6
5530	4	10785	-31
5531	4	10786	287
5532	4	10787	117
5533	4	10788	-248
5534	4	10789	-179
5535	4	10790	285
5536	4	10791	-57
5537	4	10792	-70
5538	4	10793	-38
5539	4	10794	-647
5540	4	10795	463
5541	4	10796	-505
5542	4	10797	253
5543	4	10798	-231
5544	4	10799	181
5545	4	10800	-43
5546	4	10801	95
5547	4	10802	84
5548	4	10803	-111
5549	4	10804	-25
5550	4	10805	-383
5551	4	10806	-640
5552	4	10807	-443
5553	4	10808	-312
5554	4	10809	37
5555	4	10810	-19
5556	4	10811	672
5557	4	10812	-65
5558	4	10813	-217
5559	4	10814	644
5560	4	10815	511
5561	4	10816	582
5562	4	10817	-585
5563	4	10818	127
5564	4	10819	-506
5565	4	10820	740
5566	4	10821	304
5567	4	10822	107
5568	4	10823	-849
5569	4	10824	199
5570	4	10825	-198
5571	4	10826	76
5572	4	10827	322
5573	4	10828	382
5574	4	10829	142
5575	4	10830	-831
5576	4	10831	92
5577	4	10832	-332
5578	4	10833	480
5579	4	10834	140
5580	4	10835	507
5581	4	10836	-331
5582	4	10837	-923
5583	4	10838	-559
5584	4	10839	138
5585	4	10840	275
5586	4	10841	730
5587	4	10842	436
5588	4	10843	-359
5589	4	10844	883
5590	4	10845	-191
5591	4	10846	-754
5592	4	10847	-104
5593	4	10848	-275
5594	4	10849	38
5595	4	10850	-192
5596	4	10851	611
5597	4	10852	-45
5598	4	10853	397
5599	4	10854	910
5600	4	10855	-629
5601	4	10856	46
5602	4	10857	-502
5603	4	10858	-259
5604	4	10859	-23
5605	4	10860	-305
5606	4	10861	431
5607	4	10862	205
5608	4	10863	-393
5609	4	10864	62
5610	4	10865	58
5611	4	10866	110
5612	4	10867	-421
5613	4	10868	-271
5614	4	10869	11
5615	4	10870	26
5616	4	10871	-408
5617	4	10872	-89
5618	4	10873	251
5619	4	10874	194
5620	4	10875	-674
5621	4	10876	-13
5622	4	10877	-171
5623	4	10878	-274
5624	4	10879	413
5625	4	10880	546
5626	4	10881	-520
5627	4	10882	99
5628	4	10883	-66
5629	4	10884	-88
5630	4	10885	392
5631	4	10886	197
5632	4	10887	72
5633	4	10888	-126
5634	4	10889	-436
5635	4	10890	-266
5636	4	10891	362
5637	4	10892	207
5638	4	10893	203
5639	4	10894	-937
5640	4	10895	-457
5641	4	10896	-278
5642	4	10897	525
5643	4	10898	-37
5644	4	10899	111
5645	4	10900	685
5646	4	10901	-87
5647	4	10902	334
5648	4	10903	132
5649	4	10904	-580
5650	4	10905	41
5651	4	10906	-463
5652	4	10907	-345
5653	4	10908	590
5654	4	10909	-80
5655	4	10910	-248
5656	4	10911	-270
5657	4	10912	-240
5658	4	10913	339
5659	4	10914	97
5660	4	10915	699
5661	4	10916	114
5662	4	10917	831
5663	4	10918	71
5664	4	10919	135
5665	2	11100	460
5666	2	11101	-251
5667	2	11102	337
5668	2	11103	-53
5669	2	11104	-493
5670	2	11105	-322
5671	4	11106	364
5672	4	11107	508
5673	4	11108	-156
5674	4	11109	-296
5675	4	11110	410
5676	2	11116	140
5677	4	11117	-268
5678	4	11118	-270
5679	4	11119	47
5680	4	11120	-606
5681	4	11121	192
5682	2	11127	-295
5683	4	11128	-402
5684	4	11129	58
5685	4	11130	152
5686	4	11131	230
5687	4	11132	-159
5688	2	11138	96
5689	4	11139	-154
5690	4	11140	24
5691	4	11141	473
5692	4	11142	72
5693	4	11143	219
5694	2	11149	381
5695	4	11150	-216
5696	4	11151	431
5697	4	11152	-396
5698	4	11153	61
5699	4	11154	-319
5700	4	11160	-305
5701	4	11161	431
5702	4	11162	205
5703	4	11163	-393
5704	4	11164	62
5705	4	11165	58
5706	4	11166	110
5707	4	11167	-421
5708	4	11168	-271
5709	4	11169	11
5710	4	11170	26
5711	4	11171	-408
5712	4	11172	-89
5713	4	11173	251
5714	4	11174	194
5715	4	11175	-674
5716	4	11176	-13
5717	4	11177	-171
5718	4	11178	-274
5719	4	11179	413
5720	4	11180	546
5721	4	11181	-520
5722	4	11182	99
5723	4	11183	-66
5724	4	11184	-88
5725	4	11185	392
5726	4	11186	197
5727	4	11187	72
5728	4	11188	-126
5729	4	11189	-436
5730	4	11190	-266
5731	4	11191	362
5732	4	11192	207
5733	4	11193	203
5734	4	11194	-937
5735	4	11195	-457
5736	4	11196	-278
5737	4	11197	525
5738	4	11198	-37
5739	4	11199	111
5740	4	11200	685
5741	4	11201	-87
5742	4	11202	334
5743	4	11203	132
5744	4	11204	-580
5745	4	11205	41
5746	4	11206	-463
5747	4	11207	-345
5748	4	11208	590
5749	4	11209	-80
5750	4	11210	-248
5751	4	11211	-270
5752	4	11212	-240
5753	4	11213	339
5754	4	11214	97
5755	4	11215	699
5756	4	11216	114
5757	4	11217	831
5758	4	11218	71
5759	4	11219	135
5760	4	11220	25
5761	4	11221	-136
5762	4	11222	-179
5763	4	11223	195
5764	4	11224	95
5765	4	11225	175
5766	4	11226	-482
5767	4	11227	-437
5768	4	11228	351
5769	4	11229	60
5770	4	11230	-554
5771	4	11231	142
5772	4	11232	481
5773	4	11233	-127
5774	4	11234	-4
5775	4	11235	618
5776	4	11236	-104
5777	4	11237	-160
5778	4	11238	317
5779	4	11239	-548
5780	4	11240	422
5781	4	11241	243
5782	4	11242	-63
5783	4	11243	-175
5784	4	11244	-41
5785	4	11245	-353
5786	4	11246	644
5787	4	11247	115
5788	4	11248	31
5789	4	11249	188
5790	4	11250	-267
5791	4	11251	145
5792	4	11252	-290
5793	4	11253	-24
5794	4	11254	-29
5795	4	11255	429
5796	4	11256	465
5797	4	11257	-108
5798	4	11258	-7
5799	4	11259	-248
5800	4	11260	117
5801	4	11261	287
5802	4	11262	-31
5803	4	11263	6
5804	4	11264	405
5805	4	11265	-46
5806	4	11266	-246
5807	4	11267	-487
5808	4	11268	-267
5809	4	11269	-179
5810	4	11270	181
5811	4	11271	-231
5812	4	11272	253
5813	4	11273	-505
5814	4	11274	463
5815	4	11275	-647
5816	4	11276	-38
5817	4	11277	-70
5818	4	11278	-57
5819	4	11279	285
5820	4	11280	-43
5821	4	11281	95
5822	4	11282	84
5823	4	11283	-111
5824	4	11284	-25
5825	4	11285	-383
5826	4	11286	-640
5827	4	11287	-443
5828	4	11288	-312
5829	4	11289	37
5830	4	11290	-19
5831	4	11291	672
5832	4	11292	-65
5833	4	11293	-217
5834	4	11294	644
5835	4	11295	511
5836	4	11296	582
5837	4	11297	-585
5838	4	11298	127
5839	4	11299	-506
5840	4	11300	740
5841	4	11301	304
5842	4	11302	107
5843	4	11303	-849
5844	4	11304	199
5845	4	11305	-198
5846	4	11306	76
5847	4	11307	322
5848	4	11308	382
5849	4	11309	142
5850	4	11310	-831
5851	4	11311	92
5852	4	11312	-332
5853	4	11313	480
5854	4	11314	140
5855	4	11315	507
5856	4	11316	-331
5857	4	11317	-923
5858	4	11318	-559
5859	4	11319	138
5860	4	11320	275
5861	4	11321	730
5862	4	11322	436
5863	4	11323	-359
5864	4	11324	883
5865	4	11325	-191
5866	4	11326	-754
5867	4	11327	-104
5868	4	11328	-275
5869	4	11329	38
5870	4	11330	-192
5871	4	11331	611
5872	4	11332	-45
5873	4	11333	397
5874	4	11334	910
5875	4	11335	-629
5876	4	11336	46
5877	4	11337	-502
5878	4	11338	-259
5879	4	11339	-23
5880	4	11520	-40
5881	4	11521	315
5882	4	11522	445
5883	4	11523	-470
5884	4	11524	-251
5885	4	11525	-109
5886	4	11526	-812
5887	4	11527	20
5888	4	11528	292
5889	4	11529	426
5890	4	11530	173
5891	4	11531	-191
5892	4	11532	293
5893	4	11533	-208
5894	4	11534	-419
5895	4	11535	55
5896	4	11536	349
5897	4	11537	124
5898	4	11538	522
5899	4	11539	-397
5900	4	11540	-285
5901	4	11541	-191
5902	4	11542	-212
5903	4	11543	914
5904	4	11544	-352
5905	4	11545	-444
5906	4	11546	-538
5907	4	11547	387
5908	4	11548	120
5909	4	11549	-646
5910	4	11550	-468
5911	4	11551	-590
5912	4	11552	801
5913	4	11553	-428
5914	4	11554	-108
5915	4	11555	-630
5916	4	11556	130
5917	4	11557	-169
5918	4	11558	-455
5919	4	11559	50
5920	4	11560	-10
5921	4	11561	-1060
5922	4	11562	-33
5923	4	11563	144
5924	4	11564	350
5925	4	11565	664
5926	4	11566	440
5927	4	11567	697
5928	4	11568	518
5929	4	11569	-172
5930	4	11570	-236
5931	4	11571	-77
5932	4	11572	258
5933	4	11573	-261
5934	4	11574	791
5935	4	11575	355
5936	4	11576	528
5937	4	11577	185
5938	4	11578	-337
5939	4	11579	252
5940	4	11580	-40
5941	4	11581	315
5942	4	11582	445
5943	4	11583	-470
5944	4	11584	-251
5945	4	11585	-109
5946	4	11586	-812
5947	4	11587	20
5948	4	11588	292
5949	4	11589	426
5950	4	11590	173
5951	4	11591	-191
5952	4	11592	293
5953	4	11593	-208
5954	4	11594	-419
5955	4	11595	55
5956	4	11596	349
5957	4	11597	124
5958	4	11598	522
5959	4	11599	-397
5960	4	11600	-285
5961	4	11601	-191
5962	4	11602	-212
5963	4	11603	914
5964	4	11604	-352
5965	4	11605	-444
5966	4	11606	-538
5967	4	11607	387
5968	4	11608	120
5969	4	11609	-646
5970	4	11610	-468
5971	4	11611	-590
5972	4	11612	801
5973	4	11613	-428
5974	4	11614	-108
5975	4	11615	-630
5976	4	11616	130
5977	4	11617	-169
5978	4	11618	-455
5979	4	11619	50
5980	4	11620	-10
5981	4	11621	-1060
5982	4	11622	-33
5983	4	11623	144
5984	4	11624	350
5985	4	11625	664
5986	4	11626	440
5987	4	11627	697
5988	4	11628	518
5989	4	11629	-172
5990	4	11630	-236
5991	4	11631	-77
5992	4	11632	258
5993	4	11633	-261
5994	4	11634	791
5995	4	11635	355
5996	4	11636	528
5997	4	11637	185
5998	4	11638	-337
5999	4	11639	252
6000	4	11640	-40
6001	4	11641	315
6002	4	11642	445
6003	4	11643	-470
6004	4	11644	-251
6005	4	11645	-109
6006	4	11646	-812
6007	4	11647	20
6008	4	11648	292
6009	4	11649	426
6010	4	11650	173
6011	4	11651	-191
6012	4	11652	293
6013	4	11653	-208
6014	4	11654	-419
6015	4	11655	55
6016	4	11656	349
6017	4	11657	124
6018	4	11658	522
6019	4	11659	-397
6020	4	11660	-285
6021	4	11661	-191
6022	4	11662	-212
6023	4	11663	914
6024	4	11664	-352
6025	4	11665	-444
6026	4	11666	-538
6027	4	11667	387
6028	4	11668	120
6029	4	11669	-646
6030	4	11670	-468
6031	4	11671	-590
6032	4	11672	801
6033	4	11673	-428
6034	4	11674	-108
6035	4	11675	-630
6036	4	11676	130
6037	4	11677	-169
6038	4	11678	-455
6039	4	11679	50
6040	4	11680	-10
6041	4	11681	-1060
6042	4	11682	-33
6043	4	11683	144
6044	4	11684	350
6045	4	11685	664
6046	4	11686	440
6047	4	11687	697
6048	4	11688	518
6049	4	11689	-172
6050	4	11690	-236
6051	4	11691	-77
6052	4	11692	258
6053	4	11693	-261
6054	4	11694	791
6055	4	11695	355
6056	4	11696	528
6057	4	11697	185
6058	4	11698	-337
6059	4	11699	252
6060	4	11700	216
6061	4	11701	-402
6062	4	11702	-301
6063	4	11703	434
6064	4	11704	52
6065	4	11705	-108
6066	4	11706	-76
6067	4	11707	84
6068	4	11708	422
6069	4	11709	237
6070	4	11710	-15
6071	4	11711	2
6072	4	11712	266
6073	4	11713	-200
6074	4	11714	-112
6075	4	11715	481
6076	4	11716	121
6077	4	11717	97
6078	4	11718	203
6079	4	11719	-359
6080	4	11720	-365
6081	4	11721	417
6082	4	11722	111
6083	4	11723	154
6084	4	11724	-433
6085	4	11725	-275
6086	4	11726	180
6087	4	11727	20
6088	4	11728	-317
6089	4	11729	351
6090	4	11730	206
6091	4	11731	268
6092	4	11732	69
6093	4	11733	-456
6094	4	11734	160
6095	4	11735	332
6096	4	11736	863
6097	4	11737	-152
6098	4	11738	-87
6099	4	11739	-601
6100	4	11740	-159
6101	4	11741	-138
6102	4	11742	-253
6103	4	11743	464
6104	4	11744	316
6105	4	11745	-35
6106	4	11746	507
6107	4	11747	-277
6108	4	11748	-475
6109	4	11749	54
6110	4	11750	27
6111	4	11751	-70
6112	4	11752	-156
6113	4	11753	-794
6114	4	11754	-80
6115	4	11755	-502
6116	4	11756	-94
6117	4	11757	-100
6118	4	11758	49
6119	4	11759	230
6120	4	11760	-38
6121	4	11761	405
6122	4	11762	594
6123	4	11763	-617
6124	4	11764	-344
6125	4	11765	82
6126	4	11766	-331
6127	4	11767	363
6128	4	11768	651
6129	4	11769	-185
6130	4	11770	-318
6131	4	11771	-91
6132	4	11772	-175
6133	4	11773	-479
6134	4	11774	-229
6135	4	11775	127
6136	4	11776	-319
6137	4	11777	-132
6138	4	11778	92
6139	4	11779	356
6140	4	11780	-462
6141	4	11781	159
6142	4	11782	-745
6143	4	11783	342
6144	4	11784	112
6145	4	11785	-223
6146	4	11786	100
6147	4	11787	-384
6148	4	11788	-119
6149	4	11789	-519
6150	4	11790	-387
6151	4	11791	-354
6152	4	11792	183
6153	4	11793	-160
6154	4	11794	-361
6155	4	11795	-155
6156	4	11796	-151
6157	4	11797	293
6158	4	11798	435
6159	4	11799	553
6160	4	11800	305
6161	4	11801	-325
6162	4	11802	183
6163	4	11803	5
6164	4	11804	-401
6165	4	11805	234
6166	4	11806	385
6167	4	11807	157
6168	4	11808	223
6169	4	11809	186
6170	4	11810	28
6171	4	11811	-73
6172	4	11812	415
6173	4	11813	-309
6174	4	11814	444
6175	4	11815	17
6176	4	11816	617
6177	4	11817	279
6178	4	11818	188
6179	4	11819	-125
6180	4	11820	-194
6181	4	11821	268
6182	4	11822	119
6183	4	11823	-239
6184	4	11824	46
6185	4	11825	-51
6186	4	11826	365
6187	4	11827	-714
6188	4	11828	-287
6189	4	11829	427
6190	4	11830	124
6191	4	11831	-7
6192	4	11832	223
6193	4	11833	313
6194	4	11834	-301
6195	4	11835	-858
6196	4	11836	110
6197	4	11837	-295
6198	4	11838	-276
6199	4	11839	-192
6200	4	11840	768
6201	4	11841	-95
6202	4	11842	109
6203	4	11843	-135
6204	4	11844	-639
6205	4	11845	925
6206	4	11846	65
6207	4	11847	96
6208	4	11848	-343
6209	4	11849	353
6210	4	11850	144
6211	4	11851	306
6212	4	11852	-707
6213	4	11853	87
6214	4	11854	-488
6215	4	11855	109
6216	4	11856	-288
6217	4	11857	49
6218	4	11858	-127
6219	4	11859	110
6220	4	11860	484
6221	4	11861	520
6222	4	11862	82
6223	4	11863	607
6224	4	11864	88
6225	4	11865	-639
6226	4	11866	-529
6227	4	11867	-229
6228	4	11868	-159
6229	4	11869	-28
6230	4	11870	623
6231	4	11871	-168
6232	4	11872	-266
6233	4	11873	355
6234	4	11874	-314
6235	4	11875	463
6236	4	11876	-412
6237	4	11877	306
6238	4	11878	-52
6239	4	11879	387
6240	4	11880	333
6241	4	11881	-440
6242	4	11882	-174
6243	4	11883	380
6244	4	11884	-98
6245	4	11885	454
6246	4	11886	369
6247	4	11887	-55
6248	4	11888	-153
6249	4	11889	357
6250	4	11890	52
6251	4	11891	-326
6252	4	11892	-101
6253	4	11893	684
6254	4	11894	-34
6255	4	11895	41
6256	4	11896	-551
6257	4	11897	639
6258	4	11898	-151
6259	4	11899	-86
6260	4	11900	18
6261	4	11901	-380
6262	4	11902	56
6263	4	11903	-54
6264	4	11904	107
6265	4	11905	75
6266	4	11906	-304
6267	4	11907	-157
6268	4	11908	751
6269	4	11909	493
6270	4	11910	352
6271	4	11911	-407
6272	4	11912	-143
6273	4	11913	-59
6274	4	11914	506
6275	4	11915	188
6276	4	11916	-156
6277	4	11917	-303
6278	4	11918	438
6279	4	11919	62
6280	4	11920	-708
6281	4	11921	121
6282	4	11922	-124
6283	4	11923	-531
6284	4	11924	241
6285	4	11925	-162
6286	4	11926	25
6287	4	11927	439
6288	4	11928	-70
6289	4	11929	-184
6290	4	11930	109
6291	4	11931	250
6292	4	11932	219
6293	4	11933	191
6294	4	11934	-446
6295	4	11935	-141
6296	4	11936	-728
6297	4	11937	-111
6298	4	11938	-685
6299	4	11939	70
6300	4	11940	48
6301	4	11941	-67
6302	4	11942	-32
6303	4	11943	61
6304	4	11944	-10
6305	4	11945	-589
6306	4	11946	127
6307	4	11947	226
6308	4	11948	-383
6309	4	11949	-115
6310	4	11950	-345
6311	4	11951	390
6312	4	11952	587
6313	4	11953	520
6314	4	11954	208
6315	4	11955	-437
6316	4	11956	722
6317	4	11957	-154
6318	4	11958	-234
6319	4	11959	-781
6320	4	11960	410
6321	4	11961	17
6322	4	11962	306
6323	4	11963	-479
6324	4	11964	17
6325	4	11965	122
6326	4	11966	-26
6327	4	11967	215
6328	4	11968	-159
6329	4	11969	869
6330	4	11970	-174
6331	4	11971	-599
6332	4	11972	-438
6333	4	11973	1030
6334	4	11974	382
6335	4	11975	-510
6336	4	11976	-124
6337	4	11977	-314
6338	4	11978	-579
6339	4	11979	-112
6340	4	11980	-140
6341	4	11981	567
6342	4	11982	252
6343	4	11983	88
6344	4	11984	676
6345	4	11985	240
6346	4	11986	-890
6347	4	11987	386
6348	4	11988	-547
6349	4	11989	231
6350	4	11990	142
6351	4	11991	-169
6352	4	11992	583
6353	4	11993	313
6354	4	11994	29
6355	4	11995	585
6356	4	11996	-859
6357	4	11997	-477
6358	4	11998	169
6359	4	11999	-777
6360	4	12000	-174
6361	4	12001	-260
6362	4	12002	-703
6363	4	12003	596
6364	4	12004	543
6365	4	12005	-128
6366	4	12006	399
6367	4	12007	224
6368	4	12008	-504
6369	4	12009	-470
6370	4	12010	345
6371	4	12011	217
6372	4	12012	-217
6373	4	12013	-166
6374	4	12014	439
6375	4	12015	-206
6376	4	12016	399
6377	4	12017	-199
6378	4	12018	-259
6379	4	12019	554
6380	4	12020	74
6381	4	12021	25
6382	4	12022	465
6383	4	12023	-208
6384	4	12024	338
6385	4	12025	109
6386	4	12026	130
6387	4	12027	438
6388	4	12028	-214
6389	4	12029	-228
6390	4	12030	226
6391	4	12031	769
6392	4	12032	374
6393	4	12033	481
6394	4	12034	29
6395	4	12035	-157
6396	4	12036	-63
6397	4	12037	546
6398	4	12038	-517
6399	4	12039	-249
6400	4	12040	105
6401	4	12041	-102
6402	4	12042	20
6403	4	12043	-77
6404	4	12044	-680
6405	4	12045	30
6406	4	12046	-343
6407	4	12047	-556
6408	4	12048	125
6409	4	12049	-192
6410	4	12050	-502
6411	4	12051	-203
6412	4	12052	-688
6413	4	12053	350
6414	4	12054	-386
6415	4	12055	224
6416	4	12056	243
6417	4	12057	-152
6418	4	12058	423
6419	4	12059	-436
6420	4	12060	-151
6421	4	12061	183
6422	4	12062	53
6423	4	12063	-146
6424	4	12064	61
6425	4	12065	449
6426	4	12066	-41
6427	4	12067	-148
6428	4	12068	-39
6429	4	12069	-677
6430	4	12070	-16
6431	4	12071	5
6432	4	12072	-875
6433	4	12073	-465
6434	4	12074	448
6435	4	12075	796
6436	4	12076	-829
6437	4	12077	-80
6438	4	12078	104
6439	4	12079	906
6440	4	12080	-158
6441	4	12081	49
6442	4	12082	-91
6443	4	12083	-534
6444	4	12084	851
6445	4	12085	-288
6446	4	12086	392
6447	4	12087	-615
6448	4	12088	281
6449	4	12089	-673
6450	4	12090	102
6451	4	12091	607
6452	4	12092	-139
6453	4	12093	-495
6454	4	12094	-120
6455	4	12095	823
6456	4	12096	-211
6457	4	12097	50
6458	4	12098	892
6459	4	12099	187
6460	4	12100	123
6461	4	12101	416
6462	4	12102	-127
6463	4	12103	-700
6464	4	12104	-591
6465	4	12105	-331
6466	4	12106	404
6467	4	12107	-617
6468	4	12108	386
6469	4	12109	103
6470	4	12110	-191
6471	4	12111	510
6472	4	12112	-365
6473	4	12113	155
6474	4	12114	-38
6475	4	12115	-1001
6476	4	12116	703
6477	4	12117	71
6478	4	12118	244
6479	4	12119	398
6480	4	12120	216
6481	4	12121	-402
6482	4	12122	-301
6483	4	12123	434
6484	4	12124	52
6485	4	12125	-108
6486	4	12126	-76
6487	4	12127	84
6488	4	12128	422
6489	4	12129	237
6490	4	12130	-15
6491	4	12131	2
6492	4	12132	266
6493	4	12133	-200
6494	4	12134	-112
6495	4	12135	481
6496	4	12136	121
6497	4	12137	97
6498	4	12138	203
6499	4	12139	-359
6500	4	12140	-365
6501	4	12141	417
6502	4	12142	111
6503	4	12143	154
6504	4	12144	-433
6505	4	12145	-275
6506	4	12146	180
6507	4	12147	20
6508	4	12148	-317
6509	4	12149	351
6510	4	12150	206
6511	4	12151	268
6512	4	12152	69
6513	4	12153	-456
6514	4	12154	160
6515	4	12155	332
6516	4	12156	863
6517	4	12157	-152
6518	4	12158	-87
6519	4	12159	-601
6520	4	12160	-159
6521	4	12161	-138
6522	4	12162	-253
6523	4	12163	464
6524	4	12164	316
6525	4	12165	-35
6526	4	12166	507
6527	4	12167	-277
6528	4	12168	-475
6529	4	12169	54
6530	4	12170	27
6531	4	12171	-70
6532	4	12172	-156
6533	4	12173	-794
6534	4	12174	-80
6535	4	12175	-502
6536	4	12176	-94
6537	4	12177	-100
6538	4	12178	49
6539	4	12179	230
6540	4	12180	48
6541	4	12181	-67
6542	4	12182	-32
6543	4	12183	61
6544	4	12184	-10
6545	4	12185	-589
6546	4	12186	127
6547	4	12187	226
6548	4	12188	-383
6549	4	12189	-115
6550	4	12190	-345
6551	4	12191	390
6552	4	12192	587
6553	4	12193	520
6554	4	12194	208
6555	4	12195	-437
6556	4	12196	722
6557	4	12197	-154
6558	4	12198	-234
6559	4	12199	-781
6560	4	12200	410
6561	4	12201	17
6562	4	12202	306
6563	4	12203	-479
6564	4	12204	17
6565	4	12205	122
6566	4	12206	-26
6567	4	12207	215
6568	4	12208	-159
6569	4	12209	869
6570	4	12210	-174
6571	4	12211	-599
6572	4	12212	-438
6573	4	12213	1030
6574	4	12214	382
6575	4	12215	-510
6576	4	12216	-124
6577	4	12217	-314
6578	4	12218	-579
6579	4	12219	-112
6580	4	12220	-140
6581	4	12221	567
6582	4	12222	252
6583	4	12223	88
6584	4	12224	676
6585	4	12225	240
6586	4	12226	-890
6587	4	12227	386
6588	4	12228	-547
6589	4	12229	231
6590	4	12230	142
6591	4	12231	-169
6592	4	12232	583
6593	4	12233	313
6594	4	12234	29
6595	4	12235	585
6596	4	12236	-859
6597	4	12237	-477
6598	4	12238	169
6599	4	12239	-777
6600	4	12240	-38
6601	4	12241	405
6602	4	12242	594
6603	4	12243	-617
6604	4	12244	-344
6605	4	12245	82
6606	4	12246	-331
6607	4	12247	363
6608	4	12248	651
6609	4	12249	-185
6610	4	12250	-318
6611	4	12251	-91
6612	4	12252	-175
6613	4	12253	-479
6614	4	12254	-229
6615	4	12255	127
6616	4	12256	-319
6617	4	12257	-132
6618	4	12258	92
6619	4	12259	356
6620	4	12260	-462
6621	4	12261	159
6622	4	12262	-745
6623	4	12263	342
6624	4	12264	112
6625	4	12265	-223
6626	4	12266	100
6627	4	12267	-384
6628	4	12268	-119
6629	4	12269	-519
6630	4	12270	-387
6631	4	12271	-354
6632	4	12272	183
6633	4	12273	-160
6634	4	12274	-361
6635	4	12275	-155
6636	4	12276	-151
6637	4	12277	293
6638	4	12278	435
6639	4	12279	553
6640	4	12280	305
6641	4	12281	-325
6642	4	12282	183
6643	4	12283	5
6644	4	12284	-401
6645	4	12285	234
6646	4	12286	385
6647	4	12287	157
6648	4	12288	223
6649	4	12289	186
6650	4	12290	28
6651	4	12291	-73
6652	4	12292	415
6653	4	12293	-309
6654	4	12294	444
6655	4	12295	17
6656	4	12296	617
6657	4	12297	279
6658	4	12298	188
6659	4	12299	-125
6660	4	12300	-174
6661	4	12301	-260
6662	4	12302	-703
6663	4	12303	596
6664	4	12304	543
6665	4	12305	-128
6666	4	12306	399
6667	4	12307	224
6668	4	12308	-504
6669	4	12309	-470
6670	4	12310	345
6671	4	12311	217
6672	4	12312	-217
6673	4	12313	-166
6674	4	12314	439
6675	4	12315	-206
6676	4	12316	399
6677	4	12317	-199
6678	4	12318	-259
6679	4	12319	554
6680	4	12320	74
6681	4	12321	25
6682	4	12322	465
6683	4	12323	-208
6684	4	12324	338
6685	4	12325	109
6686	4	12326	130
6687	4	12327	438
6688	4	12328	-214
6689	4	12329	-228
6690	4	12330	226
6691	4	12331	769
6692	4	12332	374
6693	4	12333	481
6694	4	12334	29
6695	4	12335	-157
6696	4	12336	-63
6697	4	12337	546
6698	4	12338	-517
6699	4	12339	-249
6700	4	12340	105
6701	4	12341	-102
6702	4	12342	20
6703	4	12343	-77
6704	4	12344	-680
6705	4	12345	30
6706	4	12346	-343
6707	4	12347	-556
6708	4	12348	125
6709	4	12349	-192
6710	4	12350	-502
6711	4	12351	-203
6712	4	12352	-688
6713	4	12353	350
6714	4	12354	-386
6715	4	12355	224
6716	4	12356	243
6717	4	12357	-152
6718	4	12358	423
6719	4	12359	-436
6720	4	12360	-194
6721	4	12361	268
6722	4	12362	119
6723	4	12363	-239
6724	4	12364	46
6725	4	12365	-51
6726	4	12366	365
6727	4	12367	-714
6728	4	12368	-287
6729	4	12369	427
6730	4	12370	124
6731	4	12371	-7
6732	4	12372	223
6733	4	12373	313
6734	4	12374	-301
6735	4	12375	-858
6736	4	12376	110
6737	4	12377	-295
6738	4	12378	-276
6739	4	12379	-192
6740	4	12380	768
6741	4	12381	-95
6742	4	12382	109
6743	4	12383	-135
6744	4	12384	-639
6745	4	12385	925
6746	4	12386	65
6747	4	12387	96
6748	4	12388	-343
6749	4	12389	353
6750	4	12390	144
6751	4	12391	306
6752	4	12392	-707
6753	4	12393	87
6754	4	12394	-488
6755	4	12395	109
6756	4	12396	-288
6757	4	12397	49
6758	4	12398	-127
6759	4	12399	110
6760	4	12400	484
6761	4	12401	520
6762	4	12402	82
6763	4	12403	607
6764	4	12404	88
6765	4	12405	-639
6766	4	12406	-529
6767	4	12407	-229
6768	4	12408	-159
6769	4	12409	-28
6770	4	12410	623
6771	4	12411	-168
6772	4	12412	-266
6773	4	12413	355
6774	4	12414	-314
6775	4	12415	463
6776	4	12416	-412
6777	4	12417	306
6778	4	12418	-52
6779	4	12419	387
6780	4	12420	-151
6781	4	12421	183
6782	4	12422	53
6783	4	12423	-146
6784	4	12424	61
6785	4	12425	449
6786	4	12426	-41
6787	4	12427	-148
6788	4	12428	-39
6789	4	12429	-677
6790	4	12430	-16
6791	4	12431	5
6792	4	12432	-875
6793	4	12433	-465
6794	4	12434	448
6795	4	12435	796
6796	4	12436	-829
6797	4	12437	-80
6798	4	12438	104
6799	4	12439	906
6800	4	12440	-158
6801	4	12441	49
6802	4	12442	-91
6803	4	12443	-534
6804	4	12444	851
6805	4	12445	-288
6806	4	12446	392
6807	4	12447	-615
6808	4	12448	281
6809	4	12449	-673
6810	4	12450	102
6811	4	12451	607
6812	4	12452	-139
6813	4	12453	-495
6814	4	12454	-120
6815	4	12455	823
6816	4	12456	-211
6817	4	12457	50
6818	4	12458	892
6819	4	12459	187
6820	4	12460	123
6821	4	12461	416
6822	4	12462	-127
6823	4	12463	-700
6824	4	12464	-591
6825	4	12465	-331
6826	4	12466	404
6827	4	12467	-617
6828	4	12468	386
6829	4	12469	103
6830	4	12470	-191
6831	4	12471	510
6832	4	12472	-365
6833	4	12473	155
6834	4	12474	-38
6835	4	12475	-1001
6836	4	12476	703
6837	4	12477	71
6838	4	12478	244
6839	4	12479	398
6840	4	12480	333
6841	4	12481	-440
6842	4	12482	-174
6843	4	12483	380
6844	4	12484	-98
6845	4	12485	454
6846	4	12486	369
6847	4	12487	-55
6848	4	12488	-153
6849	4	12489	357
6850	4	12490	52
6851	4	12491	-326
6852	4	12492	-101
6853	4	12493	684
6854	4	12494	-34
6855	4	12495	41
6856	4	12496	-551
6857	4	12497	639
6858	4	12498	-151
6859	4	12499	-86
6860	4	12500	18
6861	4	12501	-380
6862	4	12502	56
6863	4	12503	-54
6864	4	12504	107
6865	4	12505	75
6866	4	12506	-304
6867	4	12507	-157
6868	4	12508	751
6869	4	12509	493
6870	4	12510	352
6871	4	12511	-407
6872	4	12512	-143
6873	4	12513	-59
6874	4	12514	506
6875	4	12515	188
6876	4	12516	-156
6877	4	12517	-303
6878	4	12518	438
6879	4	12519	62
6880	4	12520	-708
6881	4	12521	121
6882	4	12522	-124
6883	4	12523	-531
6884	4	12524	241
6885	4	12525	-162
6886	4	12526	25
6887	4	12527	439
6888	4	12528	-70
6889	4	12529	-184
6890	4	12530	109
6891	4	12531	250
6892	4	12532	219
6893	4	12533	191
6894	4	12534	-446
6895	4	12535	-141
6896	4	12536	-728
6897	4	12537	-111
6898	4	12538	-685
6899	4	12539	70
6900	4	12540	216
6901	4	12541	-402
6902	4	12542	-301
6903	4	12543	434
6904	4	12544	52
6905	4	12545	-108
6906	4	12546	-76
6907	4	12547	84
6908	4	12548	422
6909	4	12549	237
6910	4	12550	-15
6911	4	12551	2
6912	4	12552	266
6913	4	12553	-200
6914	4	12554	-112
6915	4	12555	481
6916	4	12556	121
6917	4	12557	97
6918	4	12558	203
6919	4	12559	-359
6920	4	12560	-365
6921	4	12561	417
6922	4	12562	111
6923	4	12563	154
6924	4	12564	-433
6925	4	12565	-275
6926	4	12566	180
6927	4	12567	20
6928	4	12568	-317
6929	4	12569	351
6930	4	12570	206
6931	4	12571	268
6932	4	12572	69
6933	4	12573	-456
6934	4	12574	160
6935	4	12575	332
6936	4	12576	863
6937	4	12577	-152
6938	4	12578	-87
6939	4	12579	-601
6940	4	12580	-159
6941	4	12581	-138
6942	4	12582	-253
6943	4	12583	464
6944	4	12584	316
6945	4	12585	-35
6946	4	12586	507
6947	4	12587	-277
6948	4	12588	-475
6949	4	12589	54
6950	4	12590	27
6951	4	12591	-70
6952	4	12592	-156
6953	4	12593	-794
6954	4	12594	-80
6955	4	12595	-502
6956	4	12596	-94
6957	4	12597	-100
6958	4	12598	49
6959	4	12599	230
6960	4	12600	-174
6961	4	12601	-260
6962	4	12602	-703
6963	4	12603	596
6964	4	12604	543
6965	4	12605	-128
6966	4	12606	399
6967	4	12607	224
6968	4	12608	-504
6969	4	12609	-470
6970	4	12610	345
6971	4	12611	217
6972	4	12612	-217
6973	4	12613	-166
6974	4	12614	439
6975	4	12615	-206
6976	4	12616	399
6977	4	12617	-199
6978	4	12618	-259
6979	4	12619	554
6980	4	12620	74
6981	4	12621	25
6982	4	12622	465
6983	4	12623	-208
6984	4	12624	338
6985	4	12625	109
6986	4	12626	130
6987	4	12627	438
6988	4	12628	-214
6989	4	12629	-228
6990	4	12630	226
6991	4	12631	769
6992	4	12632	374
6993	4	12633	481
6994	4	12634	29
6995	4	12635	-157
6996	4	12636	-63
6997	4	12637	546
6998	4	12638	-517
6999	4	12639	-249
7000	4	12640	105
7001	4	12641	-102
7002	4	12642	20
7003	4	12643	-77
7004	4	12644	-680
7005	4	12645	30
7006	4	12646	-343
7007	4	12647	-556
7008	4	12648	125
7009	4	12649	-192
7010	4	12650	-502
7011	4	12651	-203
7012	4	12652	-688
7013	4	12653	350
7014	4	12654	-386
7015	4	12655	224
7016	4	12656	243
7017	4	12657	-152
7018	4	12658	423
7019	4	12659	-436
7020	4	12660	333
7021	4	12661	-440
7022	4	12662	-174
7023	4	12663	380
7024	4	12664	-98
7025	4	12665	454
7026	4	12666	369
7027	4	12667	-55
7028	4	12668	-153
7029	4	12669	357
7030	4	12670	52
7031	4	12671	-326
7032	4	12672	-101
7033	4	12673	684
7034	4	12674	-34
7035	4	12675	41
7036	4	12676	-551
7037	4	12677	639
7038	4	12678	-151
7039	4	12679	-86
7040	4	12680	18
7041	4	12681	-380
7042	4	12682	56
7043	4	12683	-54
7044	4	12684	107
7045	4	12685	75
7046	4	12686	-304
7047	4	12687	-157
7048	4	12688	751
7049	4	12689	493
7050	4	12690	352
7051	4	12691	-407
7052	4	12692	-143
7053	4	12693	-59
7054	4	12694	506
7055	4	12695	188
7056	4	12696	-156
7057	4	12697	-303
7058	4	12698	438
7059	4	12699	62
7060	4	12700	-708
7061	4	12701	121
7062	4	12702	-124
7063	4	12703	-531
7064	4	12704	241
7065	4	12705	-162
7066	4	12706	25
7067	4	12707	439
7068	4	12708	-70
7069	4	12709	-184
7070	4	12710	109
7071	4	12711	250
7072	4	12712	219
7073	4	12713	191
7074	4	12714	-446
7075	4	12715	-141
7076	4	12716	-728
7077	4	12717	-111
7078	4	12718	-685
7079	4	12719	70
7080	4	12720	-38
7081	4	12721	405
7082	4	12722	594
7083	4	12723	-617
7084	4	12724	-344
7085	4	12725	82
7086	4	12726	-331
7087	4	12727	363
7088	4	12728	651
7089	4	12729	-185
7090	4	12730	-318
7091	4	12731	-91
7092	4	12732	-175
7093	4	12733	-479
7094	4	12734	-229
7095	4	12735	127
7096	4	12736	-319
7097	4	12737	-132
7098	4	12738	92
7099	4	12739	356
7100	4	12740	-462
7101	4	12741	159
7102	4	12742	-745
7103	4	12743	342
7104	4	12744	112
7105	4	12745	-223
7106	4	12746	100
7107	4	12747	-384
7108	4	12748	-119
7109	4	12749	-519
7110	4	12750	-387
7111	4	12751	-354
7112	4	12752	183
7113	4	12753	-160
7114	4	12754	-361
7115	4	12755	-155
7116	4	12756	-151
7117	4	12757	293
7118	4	12758	435
7119	4	12759	553
7120	4	12760	305
7121	4	12761	-325
7122	4	12762	183
7123	4	12763	5
7124	4	12764	-401
7125	4	12765	234
7126	4	12766	385
7127	4	12767	157
7128	4	12768	223
7129	4	12769	186
7130	4	12770	28
7131	4	12771	-73
7132	4	12772	415
7133	4	12773	-309
7134	4	12774	444
7135	4	12775	17
7136	4	12776	617
7137	4	12777	279
7138	4	12778	188
7139	4	12779	-125
7140	4	12780	-151
7141	4	12781	183
7142	4	12782	53
7143	4	12783	-146
7144	4	12784	61
7145	4	12785	449
7146	4	12786	-41
7147	4	12787	-148
7148	4	12788	-39
7149	4	12789	-677
7150	4	12790	-16
7151	4	12791	5
7152	4	12792	-875
7153	4	12793	-465
7154	4	12794	448
7155	4	12795	796
7156	4	12796	-829
7157	4	12797	-80
7158	4	12798	104
7159	4	12799	906
7160	4	12800	-158
7161	4	12801	49
7162	4	12802	-91
7163	4	12803	-534
7164	4	12804	851
7165	4	12805	-288
7166	4	12806	392
7167	4	12807	-615
7168	4	12808	281
7169	4	12809	-673
7170	4	12810	102
7171	4	12811	607
7172	4	12812	-139
7173	4	12813	-495
7174	4	12814	-120
7175	4	12815	823
7176	4	12816	-211
7177	4	12817	50
7178	4	12818	892
7179	4	12819	187
7180	4	12820	123
7181	4	12821	416
7182	4	12822	-127
7183	4	12823	-700
7184	4	12824	-591
7185	4	12825	-331
7186	4	12826	404
7187	4	12827	-617
7188	4	12828	386
7189	4	12829	103
7190	4	12830	-191
7191	4	12831	510
7192	4	12832	-365
7193	4	12833	155
7194	4	12834	-38
7195	4	12835	-1001
7196	4	12836	703
7197	4	12837	71
7198	4	12838	244
7199	4	12839	398
7200	4	12840	48
7201	4	12841	-67
7202	4	12842	-32
7203	4	12843	61
7204	4	12844	-10
7205	4	12845	-589
7206	4	12846	127
7207	4	12847	226
7208	4	12848	-383
7209	4	12849	-115
7210	4	12850	-345
7211	4	12851	390
7212	4	12852	587
7213	4	12853	520
7214	4	12854	208
7215	4	12855	-437
7216	4	12856	722
7217	4	12857	-154
7218	4	12858	-234
7219	4	12859	-781
7220	4	12860	410
7221	4	12861	17
7222	4	12862	306
7223	4	12863	-479
7224	4	12864	17
7225	4	12865	122
7226	4	12866	-26
7227	4	12867	215
7228	4	12868	-159
7229	4	12869	869
7230	4	12870	-174
7231	4	12871	-599
7232	4	12872	-438
7233	4	12873	1030
7234	4	12874	382
7235	4	12875	-510
7236	4	12876	-124
7237	4	12877	-314
7238	4	12878	-579
7239	4	12879	-112
7240	4	12880	-140
7241	4	12881	567
7242	4	12882	252
7243	4	12883	88
7244	4	12884	676
7245	4	12885	240
7246	4	12886	-890
7247	4	12887	386
7248	4	12888	-547
7249	4	12889	231
7250	4	12890	142
7251	4	12891	-169
7252	4	12892	583
7253	4	12893	313
7254	4	12894	29
7255	4	12895	585
7256	4	12896	-859
7257	4	12897	-477
7258	4	12898	169
7259	4	12899	-777
7260	4	12900	-194
7261	4	12901	268
7262	4	12902	119
7263	4	12903	-239
7264	4	12904	46
7265	4	12905	-51
7266	4	12906	365
7267	4	12907	-714
7268	4	12908	-287
7269	4	12909	427
7270	4	12910	124
7271	4	12911	-7
7272	4	12912	223
7273	4	12913	313
7274	4	12914	-301
7275	4	12915	-858
7276	4	12916	110
7277	4	12917	-295
7278	4	12918	-276
7279	4	12919	-192
7280	4	12920	768
7281	4	12921	-95
7282	4	12922	109
7283	4	12923	-135
7284	4	12924	-639
7285	4	12925	925
7286	4	12926	65
7287	4	12927	96
7288	4	12928	-343
7289	4	12929	353
7290	4	12930	144
7291	4	12931	306
7292	4	12932	-707
7293	4	12933	87
7294	4	12934	-488
7295	4	12935	109
7296	4	12936	-288
7297	4	12937	49
7298	4	12938	-127
7299	4	12939	110
7300	4	12940	484
7301	4	12941	520
7302	4	12942	82
7303	4	12943	607
7304	4	12944	88
7305	4	12945	-639
7306	4	12946	-529
7307	4	12947	-229
7308	4	12948	-159
7309	4	12949	-28
7310	4	12950	623
7311	4	12951	-168
7312	4	12952	-266
7313	4	12953	355
7314	4	12954	-314
7315	4	12955	463
7316	4	12956	-412
7317	4	12957	306
7318	4	12958	-52
7319	4	12959	387
7320	4	12960	-94
7321	4	12961	-14
7322	4	12962	-175
7323	4	12963	117
7324	4	12964	166
7325	4	12965	189
7326	4	12966	-83
7327	4	12967	-322
7328	4	12968	-541
7329	4	12969	-111
7330	4	12970	53
7331	4	12971	314
7332	4	12972	-146
7333	4	12973	-344
7334	4	12974	42
7335	4	12975	755
7336	4	12976	33
7337	4	12977	210
7338	4	12978	78
7339	4	12979	-366
7340	4	12980	131
7341	4	12981	394
7342	4	12982	473
7343	4	12983	-324
7344	4	12984	252
7345	4	12985	-459
7346	4	12986	66
7347	4	12987	358
7348	4	12988	228
7349	4	12989	82
7350	4	12990	-9
7351	4	12991	194
7352	4	12992	-455
7353	4	12993	-308
7354	4	12994	847
7355	4	12995	479
7356	4	12996	-111
7357	4	12997	-827
7358	4	12998	-242
7359	4	12999	-224
7360	4	13000	-653
7361	4	13001	481
7362	4	13002	-43
7363	4	13003	-297
7364	4	13004	737
7365	4	13005	-12
7366	4	13006	109
7367	4	13007	-161
7368	4	13008	-294
7369	4	13009	-338
7370	4	13010	255
7371	4	13011	601
7372	4	13012	-153
7373	4	13013	403
7374	4	13014	57
7375	4	13015	-763
7376	4	13016	162
7377	4	13017	-718
7378	4	13018	-73
7379	4	13019	389
7380	4	13020	-94
7381	4	13021	-14
7382	4	13022	-175
7383	4	13023	117
7384	4	13024	166
7385	4	13025	189
7386	4	13026	-83
7387	4	13027	-322
7388	4	13028	-541
7389	4	13029	-111
7390	4	13030	53
7391	4	13031	314
7392	4	13032	-146
7393	4	13033	-344
7394	4	13034	42
7395	4	13035	755
7396	4	13036	33
7397	4	13037	210
7398	4	13038	78
7399	4	13039	-366
7400	4	13040	131
7401	4	13041	394
7402	4	13042	473
7403	4	13043	-324
7404	4	13044	252
7405	4	13045	-459
7406	4	13046	66
7407	4	13047	358
7408	4	13048	228
7409	4	13049	82
7410	4	13050	-9
7411	4	13051	194
7412	4	13052	-455
7413	4	13053	-308
7414	4	13054	847
7415	4	13055	479
7416	4	13056	-111
7417	4	13057	-827
7418	4	13058	-242
7419	4	13059	-224
7420	4	13060	-653
7421	4	13061	481
7422	4	13062	-43
7423	4	13063	-297
7424	4	13064	737
7425	4	13065	-12
7426	4	13066	109
7427	4	13067	-161
7428	4	13068	-294
7429	4	13069	-338
7430	4	13070	255
7431	4	13071	601
7432	4	13072	-153
7433	4	13073	403
7434	4	13074	57
7435	4	13075	-763
7436	4	13076	162
7437	4	13077	-718
7438	4	13078	-73
7439	4	13079	389
7440	4	13080	-94
7441	4	13081	-14
7442	4	13082	-175
7443	4	13083	117
7444	4	13084	166
7445	4	13085	189
7446	4	13086	-83
7447	4	13087	-322
7448	4	13088	-541
7449	4	13089	-111
7450	4	13090	53
7451	4	13091	314
7452	4	13092	-146
7453	4	13093	-344
7454	4	13094	42
7455	4	13095	755
7456	4	13096	33
7457	4	13097	210
7458	4	13098	78
7459	4	13099	-366
7460	4	13100	131
7461	4	13101	394
7462	4	13102	473
7463	4	13103	-324
7464	4	13104	252
7465	4	13105	-459
7466	4	13106	66
7467	4	13107	358
7468	4	13108	228
7469	4	13109	82
7470	4	13110	-9
7471	4	13111	194
7472	4	13112	-455
7473	4	13113	-308
7474	4	13114	847
7475	4	13115	479
7476	4	13116	-111
7477	4	13117	-827
7478	4	13118	-242
7479	4	13119	-224
7480	4	13120	-653
7481	4	13121	481
7482	4	13122	-43
7483	4	13123	-297
7484	4	13124	737
7485	4	13125	-12
7486	4	13126	109
7487	4	13127	-161
7488	4	13128	-294
7489	4	13129	-338
7490	4	13130	255
7491	4	13131	601
7492	4	13132	-153
7493	4	13133	403
7494	4	13134	57
7495	4	13135	-763
7496	4	13136	162
7497	4	13137	-718
7498	4	13138	-73
7499	4	13139	389
7500	4	13140	-25
7501	4	13141	43
7502	4	13142	29
7503	4	13143	-44
7504	4	13144	-2
7505	4	13145	401
7506	4	13146	217
7507	4	13147	-414
7508	4	13148	-280
7509	4	13149	-336
7510	4	13150	-249
7511	4	13151	-255
7512	4	13152	191
7513	4	13153	895
7514	4	13154	208
7515	4	13155	-487
7516	4	13156	-650
7517	4	13157	-67
7518	4	13158	10
7519	4	13159	239
7520	4	13160	648
7521	4	13161	-1003
7522	4	13162	87
7523	4	13163	-325
7524	4	13164	517
7525	4	13165	375
7526	4	13166	198
7527	4	13167	-403
7528	4	13168	293
7529	4	13169	-176
7530	4	13170	368
7531	4	13171	-83
7532	4	13172	-190
7533	4	13173	378
7534	4	13174	-521
7535	4	13175	-182
7536	4	13176	-313
7537	4	13177	695
7538	4	13178	651
7539	4	13179	140
7540	4	13180	364
7541	4	13181	318
7542	4	13182	-234
7543	4	13183	-500
7544	4	13184	-577
7545	4	13185	-119
7546	4	13186	-634
7547	4	13187	-71
7548	4	13188	729
7549	4	13189	1
7550	4	13190	-11
7551	4	13191	-547
7552	4	13192	205
7553	4	13193	366
7554	4	13194	-362
7555	4	13195	414
7556	4	13196	-445
7557	4	13197	480
7558	4	13198	27
7559	4	13199	22
7560	4	13200	-166
7561	4	13201	113
7562	4	13202	-86
7563	4	13203	-16
7564	4	13204	156
7565	4	13205	277
7566	4	13206	-138
7567	4	13207	-581
7568	4	13208	197
7569	4	13209	624
7570	4	13210	218
7571	4	13211	-420
7572	4	13212	161
7573	4	13213	-122
7574	4	13214	-511
7575	4	13215	-215
7576	4	13216	-66
7577	4	13217	130
7578	4	13218	160
7579	4	13219	-24
7580	4	13220	190
7581	4	13221	-59
7582	4	13222	-15
7583	4	13223	669
7584	4	13224	-696
7585	4	13225	233
7586	4	13226	33
7587	4	13227	341
7588	4	13228	-118
7589	4	13229	-292
7590	4	13230	35
7591	4	13231	406
7592	4	13232	256
7593	4	13233	-633
7594	4	13234	-471
7595	4	13235	28
7596	4	13236	295
7597	4	13237	223
7598	4	13238	-170
7599	4	13239	-173
7600	4	13240	211
7601	4	13241	-572
7602	4	13242	-120
7603	4	13243	503
7604	4	13244	-123
7605	4	13245	-161
7606	4	13246	274
7607	4	13247	-272
7608	4	13248	217
7609	4	13249	-381
7610	4	13250	157
7611	4	13251	-237
7612	4	13252	-386
7613	4	13253	-304
7614	4	13254	64
7615	4	13255	115
7616	4	13256	256
7617	4	13257	551
7618	4	13258	-313
7619	4	13259	750
7620	4	13260	134
7621	4	13261	-106
7622	4	13262	44
7623	4	13263	38
7624	4	13264	-110
7625	4	13265	35
7626	4	13266	134
7627	4	13267	-60
7628	4	13268	441
7629	4	13269	-351
7630	4	13270	-714
7631	4	13271	-257
7632	4	13272	56
7633	4	13273	398
7634	4	13274	612
7635	4	13275	136
7636	4	13276	-516
7637	4	13277	-242
7638	4	13278	-197
7639	4	13279	237
7640	4	13280	271
7641	4	13281	-184
7642	4	13282	-167
7643	4	13283	-788
7644	4	13284	251
7645	4	13285	34
7646	4	13286	891
7647	4	13287	-778
7648	4	13288	-162
7649	4	13289	347
7650	4	13290	-103
7651	4	13291	285
7652	4	13292	-285
7653	4	13293	341
7654	4	13294	-807
7655	4	13295	274
7656	4	13296	443
7657	4	13297	475
7658	4	13298	800
7659	4	13299	-171
7660	4	13300	648
7661	4	13301	663
7662	4	13302	186
7663	4	13303	-55
7664	4	13304	-440
7665	4	13305	-190
7666	4	13306	-378
7667	4	13307	-726
7668	4	13308	-101
7669	4	13309	459
7670	4	13310	-202
7671	4	13311	-328
7672	4	13312	265
7673	4	13313	-547
7674	4	13314	-19
7675	4	13315	-253
7676	4	13316	-461
7677	4	13317	657
7678	4	13318	317
7679	4	13319	-173
7680	4	13320	-254
7681	4	13321	604
7682	4	13322	566
7683	4	13323	-723
7684	4	13324	-193
7685	4	13325	-173
7686	4	13326	261
7687	4	13327	504
7688	4	13328	-270
7689	4	13329	-398
7690	4	13330	-178
7691	4	13331	-121
7692	4	13332	-343
7693	4	13333	90
7694	4	13334	-247
7695	4	13335	-440
7696	4	13336	-110
7697	4	13337	333
7698	4	13338	-221
7699	4	13339	230
7700	4	13340	-397
7701	4	13341	-52
7702	4	13342	-135
7703	4	13343	75
7704	4	13344	403
7705	4	13345	123
7706	4	13346	-365
7707	4	13347	-458
7708	4	13348	7
7709	4	13349	61
7710	4	13350	64
7711	4	13351	-878
7712	4	13352	-279
7713	4	13353	173
7714	4	13354	342
7715	4	13355	-513
7716	4	13356	-655
7717	4	13357	-183
7718	4	13358	351
7719	4	13359	488
7720	4	13360	-417
7721	4	13361	126
7722	4	13362	97
7723	4	13363	-253
7724	4	13364	-29
7725	4	13365	241
7726	4	13366	139
7727	4	13367	768
7728	4	13368	-5
7729	4	13369	390
7730	4	13370	325
7731	4	13371	325
7732	4	13372	652
7733	4	13373	572
7734	4	13374	-201
7735	4	13375	589
7736	4	13376	-93
7737	4	13377	-136
7738	4	13378	242
7739	4	13379	-418
7740	4	13380	161
7741	4	13381	-510
7742	4	13382	-565
7743	4	13383	665
7744	4	13384	250
7745	4	13385	28
7746	4	13386	323
7747	4	13387	641
7748	4	13388	-43
7749	4	13389	84
7750	4	13390	898
7751	4	13391	167
7752	4	13392	-352
7753	4	13393	-411
7754	4	13394	-305
7755	4	13395	-38
7756	4	13396	214
7757	4	13397	233
7758	4	13398	72
7759	4	13399	497
7760	4	13400	-860
7761	4	13401	203
7762	4	13402	47
7763	4	13403	748
7764	4	13404	-71
7765	4	13405	29
7766	4	13406	-755
7767	4	13407	393
7768	4	13408	21
7769	4	13409	-338
7770	4	13410	640
7771	4	13411	230
7772	4	13412	717
7773	4	13413	-354
7774	4	13414	648
7775	4	13415	-14
7776	4	13416	7
7777	4	13417	235
7778	4	13418	-375
7779	4	13419	-34
7780	4	13420	-545
7781	4	13421	-906
7782	4	13422	-440
7783	4	13423	31
7784	4	13424	-453
7785	4	13425	-9
7786	4	13426	750
7787	4	13427	324
7788	4	13428	84
7789	4	13429	-260
7790	4	13430	-255
7791	4	13431	72
7792	4	13432	-697
7793	4	13433	22
7794	4	13434	-595
7795	4	13435	32
7796	4	13436	463
7797	4	13437	-504
7798	4	13438	-65
7799	4	13439	-177
7800	4	13440	-46
7801	4	13441	445
7802	4	13442	645
7803	4	13443	-673
7804	4	13444	-370
7805	4	13445	-421
7806	4	13446	-455
7807	4	13447	-60
7808	4	13448	223
7809	4	13449	283
7810	4	13450	-14
7811	4	13451	249
7812	4	13452	135
7813	4	13453	-645
7814	4	13454	14
7815	4	13455	37
7816	4	13456	666
7817	4	13457	-527
7818	4	13458	-129
7819	4	13459	-358
7820	4	13460	64
7821	4	13461	492
7822	4	13462	-252
7823	4	13463	9
7824	4	13464	-606
7825	4	13465	-203
7826	4	13466	76
7827	4	13467	395
7828	4	13468	-522
7829	4	13469	-247
7830	4	13470	-945
7831	4	13471	100
7832	4	13472	37
7833	4	13473	8
7834	4	13474	-451
7835	4	13475	-267
7836	4	13476	-47
7837	4	13477	-361
7838	4	13478	-656
7839	4	13479	185
7840	4	13480	605
7841	4	13481	-28
7842	4	13482	664
7843	4	13483	697
7844	4	13484	445
7845	4	13485	291
7846	4	13486	-45
7847	4	13487	-108
7848	4	13488	-151
7849	4	13489	16
7850	4	13490	-31
7851	4	13491	140
7852	4	13492	-53
7853	4	13493	-109
7854	4	13494	865
7855	4	13495	142
7856	4	13496	551
7857	4	13497	125
7858	4	13498	148
7859	4	13499	32
7860	4	13500	291
7861	4	13501	-573
7862	4	13502	-457
7863	4	13503	637
7864	4	13504	102
7865	4	13505	-336
7866	4	13506	-258
7867	4	13507	291
7868	4	13508	273
7869	4	13509	206
7870	4	13510	-14
7871	4	13511	324
7872	4	13512	297
7873	4	13513	138
7874	4	13514	188
7875	4	13515	252
7876	4	13516	430
7877	4	13517	-69
7878	4	13518	227
7879	4	13519	-456
7880	4	13520	-47
7881	4	13521	210
7882	4	13522	-38
7883	4	13523	-65
7884	4	13524	-50
7885	4	13525	-131
7886	4	13526	-143
7887	4	13527	153
7888	4	13528	253
7889	4	13529	563
7890	4	13530	-51
7891	4	13531	-255
7892	4	13532	199
7893	4	13533	394
7894	4	13534	413
7895	4	13535	195
7896	4	13536	380
7897	4	13537	-256
7898	4	13538	-360
7899	4	13539	-212
7900	4	13540	-212
7901	4	13541	-83
7902	4	13542	-109
7903	4	13543	-126
7904	4	13544	440
7905	4	13545	-39
7906	4	13546	-215
7907	4	13547	246
7908	4	13548	-478
7909	4	13549	113
7910	4	13550	-239
7911	4	13551	-25
7912	4	13552	166
7913	4	13553	-404
7914	4	13554	191
7915	4	13555	-276
7916	4	13556	-433
7917	4	13557	-455
7918	4	13558	-283
7919	4	13559	-424
7920	4	13560	-25
7921	4	13561	43
7922	4	13562	29
7923	4	13563	-44
7924	4	13564	-2
7925	4	13565	401
7926	4	13566	217
7927	4	13567	-414
7928	4	13568	-280
7929	4	13569	-336
7930	4	13570	-249
7931	4	13571	-255
7932	4	13572	191
7933	4	13573	895
7934	4	13574	208
7935	4	13575	-487
7936	4	13576	-650
7937	4	13577	-67
7938	4	13578	10
7939	4	13579	239
7940	4	13580	648
7941	4	13581	-1003
7942	4	13582	87
7943	4	13583	-325
7944	4	13584	517
7945	4	13585	375
7946	4	13586	198
7947	4	13587	-403
7948	4	13588	293
7949	4	13589	-176
7950	4	13590	368
7951	4	13591	-83
7952	4	13592	-190
7953	4	13593	378
7954	4	13594	-521
7955	4	13595	-182
7956	4	13596	-313
7957	4	13597	695
7958	4	13598	651
7959	4	13599	140
7960	4	13600	364
7961	4	13601	318
7962	4	13602	-234
7963	4	13603	-500
7964	4	13604	-577
7965	4	13605	-119
7966	4	13606	-634
7967	4	13607	-71
7968	4	13608	729
7969	4	13609	1
7970	4	13610	-11
7971	4	13611	-547
7972	4	13612	205
7973	4	13613	366
7974	4	13614	-362
7975	4	13615	414
7976	4	13616	-445
7977	4	13617	480
7978	4	13618	27
7979	4	13619	22
7980	4	13620	161
7981	4	13621	-510
7982	4	13622	-565
7983	4	13623	665
7984	4	13624	250
7985	4	13625	28
7986	4	13626	323
7987	4	13627	641
7988	4	13628	-43
7989	4	13629	84
7990	4	13630	898
7991	4	13631	167
7992	4	13632	-352
7993	4	13633	-411
7994	4	13634	-305
7995	4	13635	-38
7996	4	13636	214
7997	4	13637	233
7998	4	13638	72
7999	4	13639	497
8000	4	13640	-860
8001	4	13641	203
8002	4	13642	47
8003	4	13643	748
8004	4	13644	-71
8005	4	13645	29
8006	4	13646	-755
8007	4	13647	393
8008	4	13648	21
8009	4	13649	-338
8010	4	13650	640
8011	4	13651	230
8012	4	13652	717
8013	4	13653	-354
8014	4	13654	648
8015	4	13655	-14
8016	4	13656	7
8017	4	13657	235
8018	4	13658	-375
8019	4	13659	-34
8020	4	13660	-545
8021	4	13661	-906
8022	4	13662	-440
8023	4	13663	31
8024	4	13664	-453
8025	4	13665	-9
8026	4	13666	750
8027	4	13667	324
8028	4	13668	84
8029	4	13669	-260
8030	4	13670	-255
8031	4	13671	72
8032	4	13672	-697
8033	4	13673	22
8034	4	13674	-595
8035	4	13675	32
8036	4	13676	463
8037	4	13677	-504
8038	4	13678	-65
8039	4	13679	-177
8040	4	13680	-166
8041	4	13681	113
8042	4	13682	-86
8043	4	13683	-16
8044	4	13684	156
8045	4	13685	277
8046	4	13686	-138
8047	4	13687	-581
8048	4	13688	197
8049	4	13689	624
8050	4	13690	218
8051	4	13691	-420
8052	4	13692	161
8053	4	13693	-122
8054	4	13694	-511
8055	4	13695	-215
8056	4	13696	-66
8057	4	13697	130
8058	4	13698	160
8059	4	13699	-24
8060	4	13700	190
8061	4	13701	-59
8062	4	13702	-15
8063	4	13703	669
8064	4	13704	-696
8065	4	13705	233
8066	4	13706	33
8067	4	13707	341
8068	4	13708	-118
8069	4	13709	-292
8070	4	13710	35
8071	4	13711	406
8072	4	13712	256
8073	4	13713	-633
8074	4	13714	-471
8075	4	13715	28
8076	4	13716	295
8077	4	13717	223
8078	4	13718	-170
8079	4	13719	-173
8080	4	13720	211
8081	4	13721	-572
8082	4	13722	-120
8083	4	13723	503
8084	4	13724	-123
8085	4	13725	-161
8086	4	13726	274
8087	4	13727	-272
8088	4	13728	217
8089	4	13729	-381
8090	4	13730	157
8091	4	13731	-237
8092	4	13732	-386
8093	4	13733	-304
8094	4	13734	64
8095	4	13735	115
8096	4	13736	256
8097	4	13737	551
8098	4	13738	-313
8099	4	13739	750
8100	4	13740	-46
8101	4	13741	445
8102	4	13742	645
8103	4	13743	-673
8104	4	13744	-370
8105	4	13745	-421
8106	4	13746	-455
8107	4	13747	-60
8108	4	13748	223
8109	4	13749	283
8110	4	13750	-14
8111	4	13751	249
8112	4	13752	135
8113	4	13753	-645
8114	4	13754	14
8115	4	13755	37
8116	4	13756	666
8117	4	13757	-527
8118	4	13758	-129
8119	4	13759	-358
8120	4	13760	64
8121	4	13761	492
8122	4	13762	-252
8123	4	13763	9
8124	4	13764	-606
8125	4	13765	-203
8126	4	13766	76
8127	4	13767	395
8128	4	13768	-522
8129	4	13769	-247
8130	4	13770	-945
8131	4	13771	100
8132	4	13772	37
8133	4	13773	8
8134	4	13774	-451
8135	4	13775	-267
8136	4	13776	-47
8137	4	13777	-361
8138	4	13778	-656
8139	4	13779	185
8140	4	13780	605
8141	4	13781	-28
8142	4	13782	664
8143	4	13783	697
8144	4	13784	445
8145	4	13785	291
8146	4	13786	-45
8147	4	13787	-108
8148	4	13788	-151
8149	4	13789	16
8150	4	13790	-31
8151	4	13791	140
8152	4	13792	-53
8153	4	13793	-109
8154	4	13794	865
8155	4	13795	142
8156	4	13796	551
8157	4	13797	125
8158	4	13798	148
8159	4	13799	32
8160	4	13800	134
8161	4	13801	-106
8162	4	13802	44
8163	4	13803	38
8164	4	13804	-110
8165	4	13805	35
8166	4	13806	134
8167	4	13807	-60
8168	4	13808	441
8169	4	13809	-351
8170	4	13810	-714
8171	4	13811	-257
8172	4	13812	56
8173	4	13813	398
8174	4	13814	612
8175	4	13815	136
8176	4	13816	-516
8177	4	13817	-242
8178	4	13818	-197
8179	4	13819	237
8180	4	13820	271
8181	4	13821	-184
8182	4	13822	-167
8183	4	13823	-788
8184	4	13824	251
8185	4	13825	34
8186	4	13826	891
8187	4	13827	-778
8188	4	13828	-162
8189	4	13829	347
8190	4	13830	-103
8191	4	13831	285
8192	4	13832	-285
8193	4	13833	341
8194	4	13834	-807
8195	4	13835	274
8196	4	13836	443
8197	4	13837	475
8198	4	13838	800
8199	4	13839	-171
8200	4	13840	648
8201	4	13841	663
8202	4	13842	186
8203	4	13843	-55
8204	4	13844	-440
8205	4	13845	-190
8206	4	13846	-378
8207	4	13847	-726
8208	4	13848	-101
8209	4	13849	459
8210	4	13850	-202
8211	4	13851	-328
8212	4	13852	265
8213	4	13853	-547
8214	4	13854	-19
8215	4	13855	-253
8216	4	13856	-461
8217	4	13857	657
8218	4	13858	317
8219	4	13859	-173
8220	4	13860	291
8221	4	13861	-573
8222	4	13862	-457
8223	4	13863	637
8224	4	13864	102
8225	4	13865	-336
8226	4	13866	-258
8227	4	13867	291
8228	4	13868	273
8229	4	13869	206
8230	4	13870	-14
8231	4	13871	324
8232	4	13872	297
8233	4	13873	138
8234	4	13874	188
8235	4	13875	252
8236	4	13876	430
8237	4	13877	-69
8238	4	13878	227
8239	4	13879	-456
8240	4	13880	-47
8241	4	13881	210
8242	4	13882	-38
8243	4	13883	-65
8244	4	13884	-50
8245	4	13885	-131
8246	4	13886	-143
8247	4	13887	153
8248	4	13888	253
8249	4	13889	563
8250	4	13890	-51
8251	4	13891	-255
8252	4	13892	199
8253	4	13893	394
8254	4	13894	413
8255	4	13895	195
8256	4	13896	380
8257	4	13897	-256
8258	4	13898	-360
8259	4	13899	-212
8260	4	13900	-212
8261	4	13901	-83
8262	4	13902	-109
8263	4	13903	-126
8264	4	13904	440
8265	4	13905	-39
8266	4	13906	-215
8267	4	13907	246
8268	4	13908	-478
8269	4	13909	113
8270	4	13910	-239
8271	4	13911	-25
8272	4	13912	166
8273	4	13913	-404
8274	4	13914	191
8275	4	13915	-276
8276	4	13916	-433
8277	4	13917	-455
8278	4	13918	-283
8279	4	13919	-424
8280	4	13920	-254
8281	4	13921	604
8282	4	13922	566
8283	4	13923	-723
8284	4	13924	-193
8285	4	13925	-173
8286	4	13926	261
8287	4	13927	504
8288	4	13928	-270
8289	4	13929	-398
8290	4	13930	-178
8291	4	13931	-121
8292	4	13932	-343
8293	4	13933	90
8294	4	13934	-247
8295	4	13935	-440
8296	4	13936	-110
8297	4	13937	333
8298	4	13938	-221
8299	4	13939	230
8300	4	13940	-397
8301	4	13941	-52
8302	4	13942	-135
8303	4	13943	75
8304	4	13944	403
8305	4	13945	123
8306	4	13946	-365
8307	4	13947	-458
8308	4	13948	7
8309	4	13949	61
8310	4	13950	64
8311	4	13951	-878
8312	4	13952	-279
8313	4	13953	173
8314	4	13954	342
8315	4	13955	-513
8316	4	13956	-655
8317	4	13957	-183
8318	4	13958	351
8319	4	13959	488
8320	4	13960	-417
8321	4	13961	126
8322	4	13962	97
8323	4	13963	-253
8324	4	13964	-29
8325	4	13965	241
8326	4	13966	139
8327	4	13967	768
8328	4	13968	-5
8329	4	13969	390
8330	4	13970	325
8331	4	13971	325
8332	4	13972	652
8333	4	13973	572
8334	4	13974	-201
8335	4	13975	589
8336	4	13976	-93
8337	4	13977	-136
8338	4	13978	242
8339	4	13979	-418
8340	4	13980	-25
8341	4	13981	43
8342	4	13982	29
8343	4	13983	-44
8344	4	13984	-2
8345	4	13985	401
8346	4	13986	217
8347	4	13987	-414
8348	4	13988	-280
8349	4	13989	-336
8350	4	13990	-249
8351	4	13991	-255
8352	4	13992	191
8353	4	13993	895
8354	4	13994	208
8355	4	13995	-487
8356	4	13996	-650
8357	4	13997	-67
8358	4	13998	10
8359	4	13999	239
8360	4	14000	648
8361	4	14001	-1003
8362	4	14002	87
8363	4	14003	-325
8364	4	14004	517
8365	4	14005	375
8366	4	14006	198
8367	4	14007	-403
8368	4	14008	293
8369	4	14009	-176
8370	4	14010	368
8371	4	14011	-83
8372	4	14012	-190
8373	4	14013	378
8374	4	14014	-521
8375	4	14015	-182
8376	4	14016	-313
8377	4	14017	695
8378	4	14018	651
8379	4	14019	140
8380	4	14020	364
8381	4	14021	318
8382	4	14022	-234
8383	4	14023	-500
8384	4	14024	-577
8385	4	14025	-119
8386	4	14026	-634
8387	4	14027	-71
8388	4	14028	729
8389	4	14029	1
8390	4	14030	-11
8391	4	14031	-547
8392	4	14032	205
8393	4	14033	366
8394	4	14034	-362
8395	4	14035	414
8396	4	14036	-445
8397	4	14037	480
8398	4	14038	27
8399	4	14039	22
8400	4	14040	-46
8401	4	14041	445
8402	4	14042	645
8403	4	14043	-673
8404	4	14044	-370
8405	4	14045	-421
8406	4	14046	-455
8407	4	14047	-60
8408	4	14048	223
8409	4	14049	283
8410	4	14050	-14
8411	4	14051	249
8412	4	14052	135
8413	4	14053	-645
8414	4	14054	14
8415	4	14055	37
8416	4	14056	666
8417	4	14057	-527
8418	4	14058	-129
8419	4	14059	-358
8420	4	14060	64
8421	4	14061	492
8422	4	14062	-252
8423	4	14063	9
8424	4	14064	-606
8425	4	14065	-203
8426	4	14066	76
8427	4	14067	395
8428	4	14068	-522
8429	4	14069	-247
8430	4	14070	-945
8431	4	14071	100
8432	4	14072	37
8433	4	14073	8
8434	4	14074	-451
8435	4	14075	-267
8436	4	14076	-47
8437	4	14077	-361
8438	4	14078	-656
8439	4	14079	185
8440	4	14080	605
8441	4	14081	-28
8442	4	14082	664
8443	4	14083	697
8444	4	14084	445
8445	4	14085	291
8446	4	14086	-45
8447	4	14087	-108
8448	4	14088	-151
8449	4	14089	16
8450	4	14090	-31
8451	4	14091	140
8452	4	14092	-53
8453	4	14093	-109
8454	4	14094	865
8455	4	14095	142
8456	4	14096	551
8457	4	14097	125
8458	4	14098	148
8459	4	14099	32
8460	4	14100	-254
8461	4	14101	604
8462	4	14102	566
8463	4	14103	-723
8464	4	14104	-193
8465	4	14105	-173
8466	4	14106	261
8467	4	14107	504
8468	4	14108	-270
8469	4	14109	-398
8470	4	14110	-178
8471	4	14111	-121
8472	4	14112	-343
8473	4	14113	90
8474	4	14114	-247
8475	4	14115	-440
8476	4	14116	-110
8477	4	14117	333
8478	4	14118	-221
8479	4	14119	230
8480	4	14120	-397
8481	4	14121	-52
8482	4	14122	-135
8483	4	14123	75
8484	4	14124	403
8485	4	14125	123
8486	4	14126	-365
8487	4	14127	-458
8488	4	14128	7
8489	4	14129	61
8490	4	14130	64
8491	4	14131	-878
8492	4	14132	-279
8493	4	14133	173
8494	4	14134	342
8495	4	14135	-513
8496	4	14136	-655
8497	4	14137	-183
8498	4	14138	351
8499	4	14139	488
8500	4	14140	-417
8501	4	14141	126
8502	4	14142	97
8503	4	14143	-253
8504	4	14144	-29
8505	4	14145	241
8506	4	14146	139
8507	4	14147	768
8508	4	14148	-5
8509	4	14149	390
8510	4	14150	325
8511	4	14151	325
8512	4	14152	652
8513	4	14153	572
8514	4	14154	-201
8515	4	14155	589
8516	4	14156	-93
8517	4	14157	-136
8518	4	14158	242
8519	4	14159	-418
8520	4	14160	-166
8521	4	14161	113
8522	4	14162	-86
8523	4	14163	-16
8524	4	14164	156
8525	4	14165	277
8526	4	14166	-138
8527	4	14167	-581
8528	4	14168	197
8529	4	14169	624
8530	4	14170	218
8531	4	14171	-420
8532	4	14172	161
8533	4	14173	-122
8534	4	14174	-511
8535	4	14175	-215
8536	4	14176	-66
8537	4	14177	130
8538	4	14178	160
8539	4	14179	-24
8540	4	14180	190
8541	4	14181	-59
8542	4	14182	-15
8543	4	14183	669
8544	4	14184	-696
8545	4	14185	233
8546	4	14186	33
8547	4	14187	341
8548	4	14188	-118
8549	4	14189	-292
8550	4	14190	35
8551	4	14191	406
8552	4	14192	256
8553	4	14193	-633
8554	4	14194	-471
8555	4	14195	28
8556	4	14196	295
8557	4	14197	223
8558	4	14198	-170
8559	4	14199	-173
8560	4	14200	211
8561	4	14201	-572
8562	4	14202	-120
8563	4	14203	503
8564	4	14204	-123
8565	4	14205	-161
8566	4	14206	274
8567	4	14207	-272
8568	4	14208	217
8569	4	14209	-381
8570	4	14210	157
8571	4	14211	-237
8572	4	14212	-386
8573	4	14213	-304
8574	4	14214	64
8575	4	14215	115
8576	4	14216	256
8577	4	14217	551
8578	4	14218	-313
8579	4	14219	750
8580	4	14220	291
8581	4	14221	-573
8582	4	14222	-457
8583	4	14223	637
8584	4	14224	102
8585	4	14225	-336
8586	4	14226	-258
8587	4	14227	291
8588	4	14228	273
8589	4	14229	206
8590	4	14230	-14
8591	4	14231	324
8592	4	14232	297
8593	4	14233	138
8594	4	14234	188
8595	4	14235	252
8596	4	14236	430
8597	4	14237	-69
8598	4	14238	227
8599	4	14239	-456
8600	4	14240	-47
8601	4	14241	210
8602	4	14242	-38
8603	4	14243	-65
8604	4	14244	-50
8605	4	14245	-131
8606	4	14246	-143
8607	4	14247	153
8608	4	14248	253
8609	4	14249	563
8610	4	14250	-51
8611	4	14251	-255
8612	4	14252	199
8613	4	14253	394
8614	4	14254	413
8615	4	14255	195
8616	4	14256	380
8617	4	14257	-256
8618	4	14258	-360
8619	4	14259	-212
8620	4	14260	-212
8621	4	14261	-83
8622	4	14262	-109
8623	4	14263	-126
8624	4	14264	440
8625	4	14265	-39
8626	4	14266	-215
8627	4	14267	246
8628	4	14268	-478
8629	4	14269	113
8630	4	14270	-239
8631	4	14271	-25
8632	4	14272	166
8633	4	14273	-404
8634	4	14274	191
8635	4	14275	-276
8636	4	14276	-433
8637	4	14277	-455
8638	4	14278	-283
8639	4	14279	-424
8640	4	14280	161
8641	4	14281	-510
8642	4	14282	-565
8643	4	14283	665
8644	4	14284	250
8645	4	14285	28
8646	4	14286	323
8647	4	14287	641
8648	4	14288	-43
8649	4	14289	84
8650	4	14290	898
8651	4	14291	167
8652	4	14292	-352
8653	4	14293	-411
8654	4	14294	-305
8655	4	14295	-38
8656	4	14296	214
8657	4	14297	233
8658	4	14298	72
8659	4	14299	497
8660	4	14300	-860
8661	4	14301	203
8662	4	14302	47
8663	4	14303	748
8664	4	14304	-71
8665	4	14305	29
8666	4	14306	-755
8667	4	14307	393
8668	4	14308	21
8669	4	14309	-338
8670	4	14310	640
8671	4	14311	230
8672	4	14312	717
8673	4	14313	-354
8674	4	14314	648
8675	4	14315	-14
8676	4	14316	7
8677	4	14317	235
8678	4	14318	-375
8679	4	14319	-34
8680	4	14320	-545
8681	4	14321	-906
8682	4	14322	-440
8683	4	14323	31
8684	4	14324	-453
8685	4	14325	-9
8686	4	14326	750
8687	4	14327	324
8688	4	14328	84
8689	4	14329	-260
8690	4	14330	-255
8691	4	14331	72
8692	4	14332	-697
8693	4	14333	22
8694	4	14334	-595
8695	4	14335	32
8696	4	14336	463
8697	4	14337	-504
8698	4	14338	-65
8699	4	14339	-177
8700	4	14340	134
8701	4	14341	-106
8702	4	14342	44
8703	4	14343	38
8704	4	14344	-110
8705	4	14345	35
8706	4	14346	134
8707	4	14347	-60
8708	4	14348	441
8709	4	14349	-351
8710	4	14350	-714
8711	4	14351	-257
8712	4	14352	56
8713	4	14353	398
8714	4	14354	612
8715	4	14355	136
8716	4	14356	-516
8717	4	14357	-242
8718	4	14358	-197
8719	4	14359	237
8720	4	14360	271
8721	4	14361	-184
8722	4	14362	-167
8723	4	14363	-788
8724	4	14364	251
8725	4	14365	34
8726	4	14366	891
8727	4	14367	-778
8728	4	14368	-162
8729	4	14369	347
8730	4	14370	-103
8731	4	14371	285
8732	4	14372	-285
8733	4	14373	341
8734	4	14374	-807
8735	4	14375	274
8736	4	14376	443
8737	4	14377	475
8738	4	14378	800
8739	4	14379	-171
8740	4	14380	648
8741	4	14381	663
8742	4	14382	186
8743	4	14383	-55
8744	4	14384	-440
8745	4	14385	-190
8746	4	14386	-378
8747	4	14387	-726
8748	4	14388	-101
8749	4	14389	459
8750	4	14390	-202
8751	4	14391	-328
8752	4	14392	265
8753	4	14393	-547
8754	4	14394	-19
8755	4	14395	-253
8756	4	14396	-461
8757	4	14397	657
8758	4	14398	317
8759	4	14399	-173
8760	4	34560	120
8761	4	34561	-35
8762	4	34562	138
8763	4	34563	-64
8764	4	34564	-160
8765	4	34565	161
8766	4	34566	86
8767	4	34567	173
8768	4	34568	633
8769	4	34569	511
8770	4	34570	237
8771	4	34571	59
8772	4	34572	-33
8773	4	34573	-551
8774	4	34574	-624
8775	4	34575	-341
8776	4	34576	-28
8777	4	34577	-217
8778	4	34578	-156
8779	4	34579	272
8780	4	34580	-295
8781	4	34581	420
8782	4	34582	-750
8783	4	34583	696
8784	4	34584	-669
8785	4	34585	381
8786	4	34586	-161
8787	4	34587	215
8788	4	34588	-256
8789	4	34589	-211
8790	4	34590	-113
8791	4	34591	123
8792	4	34592	118
8793	4	34593	-197
8794	4	34594	-256
8795	4	34595	66
8796	4	34596	-190
8797	4	34597	386
8798	4	34598	-115
8799	4	34599	581
8800	4	34600	292
8801	4	34601	-503
8802	4	34602	166
8803	4	34603	572
8804	4	34604	-406
8805	4	34605	-277
8806	4	34606	304
8807	4	34607	24
8808	4	34608	-130
8809	4	34609	-233
8810	4	34610	313
8811	4	34611	-218
8812	4	34612	-223
8813	4	34613	-274
8814	4	34614	16
8815	4	34615	170
8816	4	34616	471
8817	4	34617	122
8818	4	34618	-157
8819	4	34619	15
8820	4	34620	120
8821	4	34621	-35
8822	4	34622	138
8823	4	34623	-64
8824	4	34624	-160
8825	4	34625	161
8826	4	34626	86
8827	4	34627	173
8828	4	34628	633
8829	4	34629	511
8830	4	34630	237
8831	4	34631	59
8832	4	34632	-33
8833	4	34633	-551
8834	4	34634	-624
8835	4	34635	-341
8836	4	34636	-28
8837	4	34637	-217
8838	4	34638	-156
8839	4	34639	272
8840	4	34640	-295
8841	4	34641	420
8842	4	34642	-750
8843	4	34643	696
8844	4	34644	-669
8845	4	34645	381
8846	4	34646	-161
8847	4	34647	215
8848	4	34648	-256
8849	4	34649	-211
8850	4	34650	-113
8851	4	34651	123
8852	4	34652	118
8853	4	34653	-197
8854	4	34654	-256
8855	4	34655	66
8856	4	34656	-190
8857	4	34657	386
8858	4	34658	-115
8859	4	34659	581
8860	4	34660	292
8861	4	34661	-503
8862	4	34662	166
8863	4	34663	572
8864	4	34664	-406
8865	4	34665	-277
8866	4	34666	304
8867	4	34667	24
8868	4	34668	-130
8869	4	34669	-233
8870	4	34670	313
8871	4	34671	-218
8872	4	34672	-223
8873	4	34673	-274
8874	4	34674	16
8875	4	34675	170
8876	4	34676	471
8877	4	34677	122
8878	4	34678	-157
8879	4	34679	15
8880	4	34680	120
8881	4	34681	-35
8882	4	34682	138
8883	4	34683	-64
8884	4	34684	-160
8885	4	34685	161
8886	4	34686	86
8887	4	34687	173
8888	4	34688	633
8889	4	34689	511
8890	4	34690	237
8891	4	34691	59
8892	4	34692	-33
8893	4	34693	-551
8894	4	34694	-624
8895	4	34695	-341
8896	4	34696	-28
8897	4	34697	-217
8898	4	34698	-156
8899	4	34699	272
8900	4	34700	-295
8901	4	34701	420
8902	4	34702	-750
8903	4	34703	696
8904	4	34704	-669
8905	4	34705	381
8906	4	34706	-161
8907	4	34707	215
8908	4	34708	-256
8909	4	34709	-211
8910	4	34710	-113
8911	4	34711	123
8912	4	34712	118
8913	4	34713	-197
8914	4	34714	-256
8915	4	34715	66
8916	4	34716	-190
8917	4	34717	386
8918	4	34718	-115
8919	4	34719	581
8920	4	34720	292
8921	4	34721	-503
8922	4	34722	166
8923	4	34723	572
8924	4	34724	-406
8925	4	34725	-277
8926	4	34726	304
8927	4	34727	24
8928	4	34728	-130
8929	4	34729	-233
8930	4	34730	313
8931	4	34731	-218
8932	4	34732	-223
8933	4	34733	-274
8934	4	34734	16
8935	4	34735	170
8936	4	34736	471
8937	4	34737	122
8938	4	34738	-157
8939	4	34739	15
8940	4	34740	109
8941	4	34741	51
8942	4	34742	258
8943	4	34743	-191
8944	4	34744	-227
8945	4	34745	39
8946	4	34746	457
8947	4	34747	212
8948	4	34748	-394
8949	4	34749	-188
8950	4	34750	25
8951	4	34751	-210
8952	4	34752	143
8953	4	34753	455
8954	4	34754	-206
8955	4	34755	-153
8956	4	34756	-195
8957	4	34757	478
8958	4	34758	-102
8959	4	34759	-246
8960	4	34760	-380
8961	4	34761	-324
8962	4	34762	424
8963	4	34763	50
8964	4	34764	65
8965	4	34765	-113
8966	4	34766	-297
8967	4	34767	-252
8968	4	34768	-199
8969	4	34769	212
8970	4	34770	573
8971	4	34771	-440
8972	4	34772	-253
8973	4	34773	-273
8974	4	34774	433
8975	4	34775	-430
8976	4	34776	47
8977	4	34777	-166
8978	4	34778	276
8979	4	34779	-291
8980	4	34780	-563
8981	4	34781	126
8982	4	34782	-291
8983	4	34783	83
8984	4	34784	255
8985	4	34785	336
8986	4	34786	404
8987	4	34787	456
8988	4	34788	69
8989	4	34789	131
8990	4	34790	283
8991	4	34791	14
8992	4	34792	256
8993	4	34793	215
8994	4	34794	-637
8995	4	34795	360
8996	4	34796	-413
8997	4	34797	-138
8998	4	34798	239
8999	4	34799	38
9000	4	34800	43
9001	4	34801	9
9002	4	34802	83
9003	4	34803	-57
9004	4	34804	-78
9005	4	34805	12
9006	4	34806	175
9007	4	34807	224
9008	4	34808	308
9009	4	34809	-42
9010	4	34810	-601
9011	4	34811	-394
9012	4	34812	-66
9013	4	34813	718
9014	4	34814	111
9015	4	34815	-358
9016	4	34816	-479
9017	4	34817	294
9018	4	34818	-166
9019	4	34819	161
9020	4	34820	111
9021	4	34821	-314
9022	4	34822	-389
9023	4	34823	-252
9024	4	34824	324
9025	4	34825	338
9026	4	34826	146
9027	4	34827	-755
9028	4	34828	455
9029	4	34829	653
9030	4	34830	14
9031	4	34831	-737
9032	4	34832	-228
9033	4	34833	541
9034	4	34834	-162
9035	4	34835	-33
9036	4	34836	-131
9037	4	34837	153
9038	4	34838	763
9039	4	34839	322
9040	4	34840	-82
9041	4	34841	297
9042	4	34842	94
9043	4	34843	-481
9044	4	34844	-194
9045	4	34845	-189
9046	4	34846	-403
9047	4	34847	366
9048	4	34848	-210
9049	4	34849	459
9050	4	34850	73
9051	4	34851	-53
9052	4	34852	827
9053	4	34853	-109
9054	4	34854	-117
9055	4	34855	242
9056	4	34856	-847
9057	4	34857	344
9058	4	34858	-255
9059	4	34859	-473
9060	4	34860	-97
9061	4	34861	-64
9062	4	34862	-261
9063	4	34863	201
9064	4	34864	221
9065	4	34865	-241
9066	4	34866	-566
9067	4	34867	-488
9068	4	34868	-173
9069	4	34869	247
9070	4	34870	-325
9071	4	34871	52
9072	4	34872	365
9073	4	34873	136
9074	4	34874	398
9075	4	34875	458
9076	4	34876	513
9077	4	34877	5
9078	4	34878	193
9079	4	34879	-768
9080	4	34880	655
9081	4	34881	121
9082	4	34882	418
9083	4	34883	-403
9084	4	34884	-75
9085	4	34885	-390
9086	4	34886	343
9087	4	34887	440
9088	4	34888	279
9089	4	34889	417
9090	4	34890	-604
9091	4	34891	29
9092	4	34892	-7
9093	4	34893	270
9094	4	34894	93
9095	4	34895	110
9096	4	34896	397
9097	4	34897	-652
9098	4	34898	-589
9099	4	34899	-504
9100	4	34900	-61
9101	4	34901	253
9102	4	34902	254
9103	4	34903	-126
9104	4	34904	878
9105	4	34905	173
9106	4	34906	-572
9107	4	34907	-230
9108	4	34908	-333
9109	4	34909	-123
9110	4	34910	-242
9111	4	34911	178
9112	4	34912	183
9113	4	34913	-139
9114	4	34914	723
9115	4	34915	-351
9116	4	34916	-342
9117	4	34917	-90
9118	4	34918	-325
9119	4	34919	135
9120	4	34920	-186
9121	4	34921	103
9122	4	34922	-134
9123	4	34923	19
9124	4	34924	197
9125	4	34925	190
9126	4	34926	-44
9127	4	34927	171
9128	4	34928	-341
9129	4	34929	-612
9130	4	34930	328
9131	4	34931	184
9132	4	34932	-891
9133	4	34933	-657
9134	4	34934	351
9135	4	34935	778
9136	4	34936	-274
9137	4	34937	101
9138	4	34938	110
9139	4	34939	726
9140	4	34940	-443
9141	4	34941	257
9142	4	34942	173
9143	4	34943	-251
9144	4	34944	788
9145	4	34945	-459
9146	4	34946	-56
9147	4	34947	-136
9148	4	34948	285
9149	4	34949	-648
9150	4	34950	106
9151	4	34951	440
9152	4	34952	162
9153	4	34953	-441
9154	4	34954	461
9155	4	34955	516
9156	4	34956	-271
9157	4	34957	-265
9158	4	34958	253
9159	4	34959	60
9160	4	34960	-347
9161	4	34961	55
9162	4	34962	-134
9163	4	34963	-663
9164	4	34964	-285
9165	4	34965	-35
9166	4	34966	547
9167	4	34967	-237
9168	4	34968	242
9169	4	34969	-34
9170	4	34970	-317
9171	4	34971	714
9172	4	34972	-475
9173	4	34973	378
9174	4	34974	-38
9175	4	34975	-800
9176	4	34976	807
9177	4	34977	-398
9178	4	34978	202
9179	4	34979	167
9180	4	34980	440
9181	4	34981	-640
9182	4	34982	-323
9183	4	34983	595
9184	4	34984	-72
9185	4	34985	9
9186	4	34986	565
9187	4	34987	34
9188	4	34988	354
9189	4	34989	305
9190	4	34990	-72
9191	4	34991	-203
9192	4	34992	755
9193	4	34993	504
9194	4	34994	-84
9195	4	34995	-393
9196	4	34996	14
9197	4	34997	-84
9198	4	34998	-250
9199	4	34999	-324
9200	4	35000	-7
9201	4	35001	-167
9202	4	35002	177
9203	4	35003	71
9204	4	35004	-748
9205	4	35005	260
9206	4	35006	352
9207	4	35007	38
9208	4	35008	-717
9209	4	35009	545
9210	4	35010	510
9211	4	35011	453
9212	4	35012	-21
9213	4	35013	43
9214	4	35014	-463
9215	4	35015	-214
9216	4	35016	860
9217	4	35017	697
9218	4	35018	-32
9219	4	35019	-641
9220	4	35020	338
9221	4	35021	-31
9222	4	35022	-161
9223	4	35023	906
9224	4	35024	-230
9225	4	35025	-28
9226	4	35026	-22
9227	4	35027	-497
9228	4	35028	-233
9229	4	35029	-29
9230	4	35030	65
9231	4	35031	-898
9232	4	35032	-235
9233	4	35033	-750
9234	4	35034	-665
9235	4	35035	375
9236	4	35036	-648
9237	4	35037	411
9238	4	35038	255
9239	4	35039	-47
9240	4	35040	-664
9241	4	35041	945
9242	4	35042	455
9243	4	35043	-865
9244	4	35044	129
9245	4	35045	-291
9246	4	35046	-645
9247	4	35047	-185
9248	4	35048	-8
9249	4	35049	-14
9250	4	35050	-140
9251	4	35051	-492
9252	4	35052	-76
9253	4	35053	-125
9254	4	35054	-283
9255	4	35055	-395
9256	4	35056	267
9257	4	35057	151
9258	4	35058	370
9259	4	35059	108
9260	4	35060	47
9261	4	35061	-249
9262	4	35062	-32
9263	4	35063	606
9264	4	35064	-9
9265	4	35065	-16
9266	4	35066	-135
9267	4	35067	-37
9268	4	35068	-37
9269	4	35069	-605
9270	4	35070	-445
9271	4	35071	-445
9272	4	35072	522
9273	4	35073	-223
9274	4	35074	-551
9275	4	35075	-666
9276	4	35076	-64
9277	4	35077	53
9278	4	35078	-142
9279	4	35079	60
9280	4	35080	247
9281	4	35081	-697
9282	4	35082	46
9283	4	35083	28
9284	4	35084	-100
9285	4	35085	421
9286	4	35086	109
9287	4	35087	358
9288	4	35088	527
9289	4	35089	203
9290	4	35090	-148
9291	4	35091	14
9292	4	35092	361
9293	4	35093	45
9294	4	35094	673
9295	4	35095	656
9296	4	35096	451
9297	4	35097	645
9298	4	35098	31
9299	4	35099	252
9300	4	35100	234
9301	4	35101	-368
9302	4	35102	-217
9303	4	35103	362
9304	4	35104	-10
9305	4	35105	119
9306	4	35106	-29
9307	4	35107	-140
9308	4	35108	-378
9309	4	35109	-208
9310	4	35110	547
9311	4	35111	1003
9312	4	35112	-198
9313	4	35113	-480
9314	4	35114	336
9315	4	35115	403
9316	4	35116	182
9317	4	35117	-729
9318	4	35118	2
9319	4	35119	71
9320	4	35120	313
9321	4	35121	255
9322	4	35122	-22
9323	4	35123	-517
9324	4	35124	325
9325	4	35125	-1
9326	4	35126	-191
9327	4	35127	487
9328	4	35128	190
9329	4	35129	-364
9330	4	35130	-43
9331	4	35131	577
9332	4	35132	-293
9333	4	35133	280
9334	4	35134	445
9335	4	35135	650
9336	4	35136	-648
9337	4	35137	-205
9338	4	35138	-414
9339	4	35139	414
9340	4	35140	176
9341	4	35141	500
9342	4	35142	25
9343	4	35143	-318
9344	4	35144	83
9345	4	35145	-401
9346	4	35146	-366
9347	4	35147	-239
9348	4	35148	67
9349	4	35149	-375
9350	4	35150	-27
9351	4	35151	249
9352	4	35152	-695
9353	4	35153	634
9354	4	35154	44
9355	4	35155	-651
9356	4	35156	521
9357	4	35157	-895
9358	4	35158	11
9359	4	35159	-87
9360	4	35160	109
9361	4	35161	51
9362	4	35162	258
9363	4	35163	-191
9364	4	35164	-227
9365	4	35165	39
9366	4	35166	457
9367	4	35167	212
9368	4	35168	-394
9369	4	35169	-188
9370	4	35170	25
9371	4	35171	-210
9372	4	35172	143
9373	4	35173	455
9374	4	35174	-206
9375	4	35175	-153
9376	4	35176	-195
9377	4	35177	478
9378	4	35178	-102
9379	4	35179	-246
9380	4	35180	-380
9381	4	35181	-324
9382	4	35182	424
9383	4	35183	50
9384	4	35184	65
9385	4	35185	-113
9386	4	35186	-297
9387	4	35187	-252
9388	4	35188	-199
9389	4	35189	212
9390	4	35190	573
9391	4	35191	-440
9392	4	35192	-253
9393	4	35193	-273
9394	4	35194	433
9395	4	35195	-430
9396	4	35196	47
9397	4	35197	-166
9398	4	35198	276
9399	4	35199	-291
9400	4	35200	-563
9401	4	35201	126
9402	4	35202	-291
9403	4	35203	83
9404	4	35204	255
9405	4	35205	336
9406	4	35206	404
9407	4	35207	456
9408	4	35208	69
9409	4	35209	131
9410	4	35210	283
9411	4	35211	14
9412	4	35212	256
9413	4	35213	215
9414	4	35214	-637
9415	4	35215	360
9416	4	35216	-413
9417	4	35217	-138
9418	4	35218	239
9419	4	35219	38
9420	4	35220	440
9421	4	35221	-640
9422	4	35222	-323
9423	4	35223	595
9424	4	35224	-72
9425	4	35225	9
9426	4	35226	565
9427	4	35227	34
9428	4	35228	354
9429	4	35229	305
9430	4	35230	-72
9431	4	35231	-203
9432	4	35232	755
9433	4	35233	504
9434	4	35234	-84
9435	4	35235	-393
9436	4	35236	14
9437	4	35237	-84
9438	4	35238	-250
9439	4	35239	-324
9440	4	35240	-7
9441	4	35241	-167
9442	4	35242	177
9443	4	35243	71
9444	4	35244	-748
9445	4	35245	260
9446	4	35246	352
9447	4	35247	38
9448	4	35248	-717
9449	4	35249	545
9450	4	35250	510
9451	4	35251	453
9452	4	35252	-21
9453	4	35253	43
9454	4	35254	-463
9455	4	35255	-214
9456	4	35256	860
9457	4	35257	697
9458	4	35258	-32
9459	4	35259	-641
9460	4	35260	338
9461	4	35261	-31
9462	4	35262	-161
9463	4	35263	906
9464	4	35264	-230
9465	4	35265	-28
9466	4	35266	-22
9467	4	35267	-497
9468	4	35268	-233
9469	4	35269	-29
9470	4	35270	65
9471	4	35271	-898
9472	4	35272	-235
9473	4	35273	-750
9474	4	35274	-665
9475	4	35275	375
9476	4	35276	-648
9477	4	35277	411
9478	4	35278	255
9479	4	35279	-47
9480	4	35280	43
9481	4	35281	9
9482	4	35282	83
9483	4	35283	-57
9484	4	35284	-78
9485	4	35285	12
9486	4	35286	175
9487	4	35287	224
9488	4	35288	308
9489	4	35289	-42
9490	4	35290	-601
9491	4	35291	-394
9492	4	35292	-66
9493	4	35293	718
9494	4	35294	111
9495	4	35295	-358
9496	4	35296	-479
9497	4	35297	294
9498	4	35298	-166
9499	4	35299	161
9500	4	35300	111
9501	4	35301	-314
9502	4	35302	-389
9503	4	35303	-252
9504	4	35304	324
9505	4	35305	338
9506	4	35306	146
9507	4	35307	-755
9508	4	35308	455
9509	4	35309	653
9510	4	35310	14
9511	4	35311	-737
9512	4	35312	-228
9513	4	35313	541
9514	4	35314	-162
9515	4	35315	-33
9516	4	35316	-131
9517	4	35317	153
9518	4	35318	763
9519	4	35319	322
9520	4	35320	-82
9521	4	35321	297
9522	4	35322	94
9523	4	35323	-481
9524	4	35324	-194
9525	4	35325	-189
9526	4	35326	-403
9527	4	35327	366
9528	4	35328	-210
9529	4	35329	459
9530	4	35330	73
9531	4	35331	-53
9532	4	35332	827
9533	4	35333	-109
9534	4	35334	-117
9535	4	35335	242
9536	4	35336	-847
9537	4	35337	344
9538	4	35338	-255
9539	4	35339	-473
9540	4	35340	-664
9541	4	35341	945
9542	4	35342	455
9543	4	35343	-865
9544	4	35344	129
9545	4	35345	-291
9546	4	35346	-645
9547	4	35347	-185
9548	4	35348	-8
9549	4	35349	-14
9550	4	35350	-140
9551	4	35351	-492
9552	4	35352	-76
9553	4	35353	-125
9554	4	35354	-283
9555	4	35355	-395
9556	4	35356	267
9557	4	35357	151
9558	4	35358	370
9559	4	35359	108
9560	4	35360	47
9561	4	35361	-249
9562	4	35362	-32
9563	4	35363	606
9564	4	35364	-9
9565	4	35365	-16
9566	4	35366	-135
9567	4	35367	-37
9568	4	35368	-37
9569	4	35369	-605
9570	4	35370	-445
9571	4	35371	-445
9572	4	35372	522
9573	4	35373	-223
9574	4	35374	-551
9575	4	35375	-666
9576	4	35376	-64
9577	4	35377	53
9578	4	35378	-142
9579	4	35379	60
9580	4	35380	247
9581	4	35381	-697
9582	4	35382	46
9583	4	35383	28
9584	4	35384	-100
9585	4	35385	421
9586	4	35386	109
9587	4	35387	358
9588	4	35388	527
9589	4	35389	203
9590	4	35390	-148
9591	4	35391	14
9592	4	35392	361
9593	4	35393	45
9594	4	35394	673
9595	4	35395	656
9596	4	35396	451
9597	4	35397	645
9598	4	35398	31
9599	4	35399	252
9600	4	35400	-97
9601	4	35401	-64
9602	4	35402	-261
9603	4	35403	201
9604	4	35404	221
9605	4	35405	-241
9606	4	35406	-566
9607	4	35407	-488
9608	4	35408	-173
9609	4	35409	247
9610	4	35410	-325
9611	4	35411	52
9612	4	35412	365
9613	4	35413	136
9614	4	35414	398
9615	4	35415	458
9616	4	35416	513
9617	4	35417	5
9618	4	35418	193
9619	4	35419	-768
9620	4	35420	655
9621	4	35421	121
9622	4	35422	418
9623	4	35423	-403
9624	4	35424	-75
9625	4	35425	-390
9626	4	35426	343
9627	4	35427	440
9628	4	35428	279
9629	4	35429	417
9630	4	35430	-604
9631	4	35431	29
9632	4	35432	-7
9633	4	35433	270
9634	4	35434	93
9635	4	35435	110
9636	4	35436	397
9637	4	35437	-652
9638	4	35438	-589
9639	4	35439	-504
9640	4	35440	-61
9641	4	35441	253
9642	4	35442	254
9643	4	35443	-126
9644	4	35444	878
9645	4	35445	173
9646	4	35446	-572
9647	4	35447	-230
9648	4	35448	-333
9649	4	35449	-123
9650	4	35450	-242
9651	4	35451	178
9652	4	35452	183
9653	4	35453	-139
9654	4	35454	723
9655	4	35455	-351
9656	4	35456	-342
9657	4	35457	-90
9658	4	35458	-325
9659	4	35459	135
9660	4	35460	234
9661	4	35461	-368
9662	4	35462	-217
9663	4	35463	362
9664	4	35464	-10
9665	4	35465	119
9666	4	35466	-29
9667	4	35467	-140
9668	4	35468	-378
9669	4	35469	-208
9670	4	35470	547
9671	4	35471	1003
9672	4	35472	-198
9673	4	35473	-480
9674	4	35474	336
9675	4	35475	403
9676	4	35476	182
9677	4	35477	-729
9678	4	35478	2
9679	4	35479	71
9680	4	35480	313
9681	4	35481	255
9682	4	35482	-22
9683	4	35483	-517
9684	4	35484	325
9685	4	35485	-1
9686	4	35486	-191
9687	4	35487	487
9688	4	35488	190
9689	4	35489	-364
9690	4	35490	-43
9691	4	35491	577
9692	4	35492	-293
9693	4	35493	280
9694	4	35494	445
9695	4	35495	650
9696	4	35496	-648
9697	4	35497	-205
9698	4	35498	-414
9699	4	35499	414
9700	4	35500	176
9701	4	35501	500
9702	4	35502	25
9703	4	35503	-318
9704	4	35504	83
9705	4	35505	-401
9706	4	35506	-366
9707	4	35507	-239
9708	4	35508	67
9709	4	35509	-375
9710	4	35510	-27
9711	4	35511	249
9712	4	35512	-695
9713	4	35513	634
9714	4	35514	44
9715	4	35515	-651
9716	4	35516	521
9717	4	35517	-895
9718	4	35518	11
9719	4	35519	-87
9720	4	35520	-186
9721	4	35521	103
9722	4	35522	-134
9723	4	35523	19
9724	4	35524	197
9725	4	35525	190
9726	4	35526	-44
9727	4	35527	171
9728	4	35528	-341
9729	4	35529	-612
9730	4	35530	328
9731	4	35531	184
9732	4	35532	-891
9733	4	35533	-657
9734	4	35534	351
9735	4	35535	778
9736	4	35536	-274
9737	4	35537	101
9738	4	35538	110
9739	4	35539	726
9740	4	35540	-443
9741	4	35541	257
9742	4	35542	173
9743	4	35543	-251
9744	4	35544	788
9745	4	35545	-459
9746	4	35546	-56
9747	4	35547	-136
9748	4	35548	285
9749	4	35549	-648
9750	4	35550	106
9751	4	35551	440
9752	4	35552	162
9753	4	35553	-441
9754	4	35554	461
9755	4	35555	516
9756	4	35556	-271
9757	4	35557	-265
9758	4	35558	253
9759	4	35559	60
9760	4	35560	-347
9761	4	35561	55
9762	4	35562	-134
9763	4	35563	-663
9764	4	35564	-285
9765	4	35565	-35
9766	4	35566	547
9767	4	35567	-237
9768	4	35568	242
9769	4	35569	-34
9770	4	35570	-317
9771	4	35571	714
9772	4	35572	-475
9773	4	35573	378
9774	4	35574	-38
9775	4	35575	-800
9776	4	35576	807
9777	4	35577	-398
9778	4	35578	202
9779	4	35579	167
9780	4	35580	109
9781	4	35581	51
9782	4	35582	258
9783	4	35583	-191
9784	4	35584	-227
9785	4	35585	39
9786	4	35586	457
9787	4	35587	212
9788	4	35588	-394
9789	4	35589	-188
9790	4	35590	25
9791	4	35591	-210
9792	4	35592	143
9793	4	35593	455
9794	4	35594	-206
9795	4	35595	-153
9796	4	35596	-195
9797	4	35597	478
9798	4	35598	-102
9799	4	35599	-246
9800	4	35600	-380
9801	4	35601	-324
9802	4	35602	424
9803	4	35603	50
9804	4	35604	65
9805	4	35605	-113
9806	4	35606	-297
9807	4	35607	-252
9808	4	35608	-199
9809	4	35609	212
9810	4	35610	573
9811	4	35611	-440
9812	4	35612	-253
9813	4	35613	-273
9814	4	35614	433
9815	4	35615	-430
9816	4	35616	47
9817	4	35617	-166
9818	4	35618	276
9819	4	35619	-291
9820	4	35620	-563
9821	4	35621	126
9822	4	35622	-291
9823	4	35623	83
9824	4	35624	255
9825	4	35625	336
9826	4	35626	404
9827	4	35627	456
9828	4	35628	69
9829	4	35629	131
9830	4	35630	283
9831	4	35631	14
9832	4	35632	256
9833	4	35633	215
9834	4	35634	-637
9835	4	35635	360
9836	4	35636	-413
9837	4	35637	-138
9838	4	35638	239
9839	4	35639	38
9840	4	35640	-664
9841	4	35641	945
9842	4	35642	455
9843	4	35643	-865
9844	4	35644	129
9845	4	35645	-291
9846	4	35646	-645
9847	4	35647	-185
9848	4	35648	-8
9849	4	35649	-14
9850	4	35650	-140
9851	4	35651	-492
9852	4	35652	-76
9853	4	35653	-125
9854	4	35654	-283
9855	4	35655	-395
9856	4	35656	267
9857	4	35657	151
9858	4	35658	370
9859	4	35659	108
9860	4	35660	47
9861	4	35661	-249
9862	4	35662	-32
9863	4	35663	606
9864	4	35664	-9
9865	4	35665	-16
9866	4	35666	-135
9867	4	35667	-37
9868	4	35668	-37
9869	4	35669	-605
9870	4	35670	-445
9871	4	35671	-445
9872	4	35672	522
9873	4	35673	-223
9874	4	35674	-551
9875	4	35675	-666
9876	4	35676	-64
9877	4	35677	53
9878	4	35678	-142
9879	4	35679	60
9880	4	35680	247
9881	4	35681	-697
9882	4	35682	46
9883	4	35683	28
9884	4	35684	-100
9885	4	35685	421
9886	4	35686	109
9887	4	35687	358
9888	4	35688	527
9889	4	35689	203
9890	4	35690	-148
9891	4	35691	14
9892	4	35692	361
9893	4	35693	45
9894	4	35694	673
9895	4	35695	656
9896	4	35696	451
9897	4	35697	645
9898	4	35698	31
9899	4	35699	252
9900	4	35700	-186
9901	4	35701	103
9902	4	35702	-134
9903	4	35703	19
9904	4	35704	197
9905	4	35705	190
9906	4	35706	-44
9907	4	35707	171
9908	4	35708	-341
9909	4	35709	-612
9910	4	35710	328
9911	4	35711	184
9912	4	35712	-891
9913	4	35713	-657
9914	4	35714	351
9915	4	35715	778
9916	4	35716	-274
9917	4	35717	101
9918	4	35718	110
9919	4	35719	726
9920	4	35720	-443
9921	4	35721	257
9922	4	35722	173
9923	4	35723	-251
9924	4	35724	788
9925	4	35725	-459
9926	4	35726	-56
9927	4	35727	-136
9928	4	35728	285
9929	4	35729	-648
9930	4	35730	106
9931	4	35731	440
9932	4	35732	162
9933	4	35733	-441
9934	4	35734	461
9935	4	35735	516
9936	4	35736	-271
9937	4	35737	-265
9938	4	35738	253
9939	4	35739	60
9940	4	35740	-347
9941	4	35741	55
9942	4	35742	-134
9943	4	35743	-663
9944	4	35744	-285
9945	4	35745	-35
9946	4	35746	547
9947	4	35747	-237
9948	4	35748	242
9949	4	35749	-34
9950	4	35750	-317
9951	4	35751	714
9952	4	35752	-475
9953	4	35753	378
9954	4	35754	-38
9955	4	35755	-800
9956	4	35756	807
9957	4	35757	-398
9958	4	35758	202
9959	4	35759	167
9960	4	35760	43
9961	4	35761	9
9962	4	35762	83
9963	4	35763	-57
9964	4	35764	-78
9965	4	35765	12
9966	4	35766	175
9967	4	35767	224
9968	4	35768	308
9969	4	35769	-42
9970	4	35770	-601
9971	4	35771	-394
9972	4	35772	-66
9973	4	35773	718
9974	4	35774	111
9975	4	35775	-358
9976	4	35776	-479
9977	4	35777	294
9978	4	35778	-166
9979	4	35779	161
9980	4	35780	111
9981	4	35781	-314
9982	4	35782	-389
9983	4	35783	-252
9984	4	35784	324
9985	4	35785	338
9986	4	35786	146
9987	4	35787	-755
9988	4	35788	455
9989	4	35789	653
9990	4	35790	14
9991	4	35791	-737
9992	4	35792	-228
9993	4	35793	541
9994	4	35794	-162
9995	4	35795	-33
9996	4	35796	-131
9997	4	35797	153
9998	4	35798	763
9999	4	35799	322
10000	4	35800	-82
10001	4	35801	297
10002	4	35802	94
10003	4	35803	-481
10004	4	35804	-194
10005	4	35805	-189
10006	4	35806	-403
10007	4	35807	366
10008	4	35808	-210
10009	4	35809	459
10010	4	35810	73
10011	4	35811	-53
10012	4	35812	827
10013	4	35813	-109
10014	4	35814	-117
10015	4	35815	242
10016	4	35816	-847
10017	4	35817	344
10018	4	35818	-255
10019	4	35819	-473
10020	4	35820	234
10021	4	35821	-368
10022	4	35822	-217
10023	4	35823	362
10024	4	35824	-10
10025	4	35825	119
10026	4	35826	-29
10027	4	35827	-140
10028	4	35828	-378
10029	4	35829	-208
10030	4	35830	547
10031	4	35831	1003
10032	4	35832	-198
10033	4	35833	-480
10034	4	35834	336
10035	4	35835	403
10036	4	35836	182
10037	4	35837	-729
10038	4	35838	2
10039	4	35839	71
10040	4	35840	313
10041	4	35841	255
10042	4	35842	-22
10043	4	35843	-517
10044	4	35844	325
10045	4	35845	-1
10046	4	35846	-191
10047	4	35847	487
10048	4	35848	190
10049	4	35849	-364
10050	4	35850	-43
10051	4	35851	577
10052	4	35852	-293
10053	4	35853	280
10054	4	35854	445
10055	4	35855	650
10056	4	35856	-648
10057	4	35857	-205
10058	4	35858	-414
10059	4	35859	414
10060	4	35860	176
10061	4	35861	500
10062	4	35862	25
10063	4	35863	-318
10064	4	35864	83
10065	4	35865	-401
10066	4	35866	-366
10067	4	35867	-239
10068	4	35868	67
10069	4	35869	-375
10070	4	35870	-27
10071	4	35871	249
10072	4	35872	-695
10073	4	35873	634
10074	4	35874	44
10075	4	35875	-651
10076	4	35876	521
10077	4	35877	-895
10078	4	35878	11
10079	4	35879	-87
10080	4	35880	440
10081	4	35881	-640
10082	4	35882	-323
10083	4	35883	595
10084	4	35884	-72
10085	4	35885	9
10086	4	35886	565
10087	4	35887	34
10088	4	35888	354
10089	4	35889	305
10090	4	35890	-72
10091	4	35891	-203
10092	4	35892	755
10093	4	35893	504
10094	4	35894	-84
10095	4	35895	-393
10096	4	35896	14
10097	4	35897	-84
10098	4	35898	-250
10099	4	35899	-324
10100	4	35900	-7
10101	4	35901	-167
10102	4	35902	177
10103	4	35903	71
10104	4	35904	-748
10105	4	35905	260
10106	4	35906	352
10107	4	35907	38
10108	4	35908	-717
10109	4	35909	545
10110	4	35910	510
10111	4	35911	453
10112	4	35912	-21
10113	4	35913	43
10114	4	35914	-463
10115	4	35915	-214
10116	4	35916	860
10117	4	35917	697
10118	4	35918	-32
10119	4	35919	-641
10120	4	35920	338
10121	4	35921	-31
10122	4	35922	-161
10123	4	35923	906
10124	4	35924	-230
10125	4	35925	-28
10126	4	35926	-22
10127	4	35927	-497
10128	4	35928	-233
10129	4	35929	-29
10130	4	35930	65
10131	4	35931	-898
10132	4	35932	-235
10133	4	35933	-750
10134	4	35934	-665
10135	4	35935	375
10136	4	35936	-648
10137	4	35937	411
10138	4	35938	255
10139	4	35939	-47
10140	4	35940	-97
10141	4	35941	-64
10142	4	35942	-261
10143	4	35943	201
10144	4	35944	221
10145	4	35945	-241
10146	4	35946	-566
10147	4	35947	-488
10148	4	35948	-173
10149	4	35949	247
10150	4	35950	-325
10151	4	35951	52
10152	4	35952	365
10153	4	35953	136
10154	4	35954	398
10155	4	35955	458
10156	4	35956	513
10157	4	35957	5
10158	4	35958	193
10159	4	35959	-768
10160	4	35960	655
10161	4	35961	121
10162	4	35962	418
10163	4	35963	-403
10164	4	35964	-75
10165	4	35965	-390
10166	4	35966	343
10167	4	35967	440
10168	4	35968	279
10169	4	35969	417
10170	4	35970	-604
10171	4	35971	29
10172	4	35972	-7
10173	4	35973	270
10174	4	35974	93
10175	4	35975	110
10176	4	35976	397
10177	4	35977	-652
10178	4	35978	-589
10179	4	35979	-504
10180	4	35980	-61
10181	4	35981	253
10182	4	35982	254
10183	4	35983	-126
10184	4	35984	878
10185	4	35985	173
10186	4	35986	-572
10187	4	35987	-230
10188	4	35988	-333
10189	4	35989	-123
10190	4	35990	-242
10191	4	35991	178
10192	4	35992	183
10193	4	35993	-139
10194	4	35994	723
10195	4	35995	-351
10196	4	35996	-342
10197	4	35997	-90
10198	4	35998	-325
10199	4	35999	135
10200	4	36000	120
10201	4	36001	-35
10202	4	36002	138
10203	4	36003	-64
10204	4	36004	-160
10205	4	36005	161
10206	4	36006	86
10207	4	36007	173
10208	4	36008	633
10209	4	36009	511
10210	4	36010	237
10211	4	36011	59
10212	4	36012	-33
10213	4	36013	-551
10214	4	36014	-624
10215	4	36015	-341
10216	4	36016	-28
10217	4	36017	-217
10218	4	36018	-156
10219	4	36019	272
10220	4	36020	-295
10221	4	36021	420
10222	4	36022	-750
10223	4	36023	696
10224	4	36024	-669
10225	4	36025	381
10226	4	36026	-161
10227	4	36027	215
10228	4	36028	-256
10229	4	36029	-211
10230	4	36030	-113
10231	4	36031	123
10232	4	36032	118
10233	4	36033	-197
10234	4	36034	-256
10235	4	36035	66
10236	4	36036	-190
10237	4	36037	386
10238	4	36038	-115
10239	4	36039	581
10240	4	36040	292
10241	4	36041	-503
10242	4	36042	166
10243	4	36043	572
10244	4	36044	-406
10245	4	36045	-277
10246	4	36046	304
10247	4	36047	24
10248	4	36048	-130
10249	4	36049	-233
10250	4	36050	313
10251	4	36051	-218
10252	4	36052	-223
10253	4	36053	-274
10254	4	36054	16
10255	4	36055	170
10256	4	36056	471
10257	4	36057	122
10258	4	36058	-157
10259	4	36059	15
10260	4	36060	120
10261	4	36061	-35
10262	4	36062	138
10263	4	36063	-64
10264	4	36064	-160
10265	4	36065	161
10266	4	36066	86
10267	4	36067	173
10268	4	36068	633
10269	4	36069	511
10270	4	36070	237
10271	4	36071	59
10272	4	36072	-33
10273	4	36073	-551
10274	4	36074	-624
10275	4	36075	-341
10276	4	36076	-28
10277	4	36077	-217
10278	4	36078	-156
10279	4	36079	272
10280	4	36080	-295
10281	4	36081	420
10282	4	36082	-750
10283	4	36083	696
10284	4	36084	-669
10285	4	36085	381
10286	4	36086	-161
10287	4	36087	215
10288	4	36088	-256
10289	4	36089	-211
10290	4	36090	-113
10291	4	36091	123
10292	4	36092	118
10293	4	36093	-197
10294	4	36094	-256
10295	4	36095	66
10296	4	36096	-190
10297	4	36097	386
10298	4	36098	-115
10299	4	36099	581
10300	4	36100	292
10301	4	36101	-503
10302	4	36102	166
10303	4	36103	572
10304	4	36104	-406
10305	4	36105	-277
10306	4	36106	304
10307	4	36107	24
10308	4	36108	-130
10309	4	36109	-233
10310	4	36110	313
10311	4	36111	-218
10312	4	36112	-223
10313	4	36113	-274
10314	4	36114	16
10315	4	36115	170
10316	4	36116	471
10317	4	36117	122
10318	4	36118	-157
10319	4	36119	15
10320	4	36120	120
10321	4	36121	-35
10322	4	36122	138
10323	4	36123	-64
10324	4	36124	-160
10325	4	36125	161
10326	4	36126	86
10327	4	36127	173
10328	4	36128	633
10329	4	36129	511
10330	4	36130	237
10331	4	36131	59
10332	4	36132	-33
10333	4	36133	-551
10334	4	36134	-624
10335	4	36135	-341
10336	4	36136	-28
10337	4	36137	-217
10338	4	36138	-156
10339	4	36139	272
10340	4	36140	-295
10341	4	36141	420
10342	4	36142	-750
10343	4	36143	696
10344	4	36144	-669
10345	4	36145	381
10346	4	36146	-161
10347	4	36147	215
10348	4	36148	-256
10349	4	36149	-211
10350	4	36150	-113
10351	4	36151	123
10352	4	36152	118
10353	4	36153	-197
10354	4	36154	-256
10355	4	36155	66
10356	4	36156	-190
10357	4	36157	386
10358	4	36158	-115
10359	4	36159	581
10360	4	36160	292
10361	4	36161	-503
10362	4	36162	166
10363	4	36163	572
10364	4	36164	-406
10365	4	36165	-277
10366	4	36166	304
10367	4	36167	24
10368	4	36168	-130
10369	4	36169	-233
10370	4	36170	313
10371	4	36171	-218
10372	4	36172	-223
10373	4	36173	-274
10374	4	36174	16
10375	4	36175	170
10376	4	36176	471
10377	4	36177	122
10378	4	36178	-157
10379	4	36179	15
10380	4	36180	109
10381	4	36181	51
10382	4	36182	258
10383	4	36183	-191
10384	4	36184	-227
10385	4	36185	39
10386	4	36186	457
10387	4	36187	212
10388	4	36188	-394
10389	4	36189	-188
10390	4	36190	25
10391	4	36191	-210
10392	4	36192	143
10393	4	36193	455
10394	4	36194	-206
10395	4	36195	-153
10396	4	36196	-195
10397	4	36197	478
10398	4	36198	-102
10399	4	36199	-246
10400	4	36200	-380
10401	4	36201	-324
10402	4	36202	424
10403	4	36203	50
10404	4	36204	65
10405	4	36205	-113
10406	4	36206	-297
10407	4	36207	-252
10408	4	36208	-199
10409	4	36209	212
10410	4	36210	573
10411	4	36211	-440
10412	4	36212	-253
10413	4	36213	-273
10414	4	36214	433
10415	4	36215	-430
10416	4	36216	47
10417	4	36217	-166
10418	4	36218	276
10419	4	36219	-291
10420	4	36220	-563
10421	4	36221	126
10422	4	36222	-291
10423	4	36223	83
10424	4	36224	255
10425	4	36225	336
10426	4	36226	404
10427	4	36227	456
10428	4	36228	69
10429	4	36229	131
10430	4	36230	283
10431	4	36231	14
10432	4	36232	256
10433	4	36233	215
10434	4	36234	-637
10435	4	36235	360
10436	4	36236	-413
10437	4	36237	-138
10438	4	36238	239
10439	4	36239	38
10440	4	36240	43
10441	4	36241	9
10442	4	36242	83
10443	4	36243	-57
10444	4	36244	-78
10445	4	36245	12
10446	4	36246	175
10447	4	36247	224
10448	4	36248	308
10449	4	36249	-42
10450	4	36250	-601
10451	4	36251	-394
10452	4	36252	-66
10453	4	36253	718
10454	4	36254	111
10455	4	36255	-358
10456	4	36256	-479
10457	4	36257	294
10458	4	36258	-166
10459	4	36259	161
10460	4	36260	111
10461	4	36261	-314
10462	4	36262	-389
10463	4	36263	-252
10464	4	36264	324
10465	4	36265	338
10466	4	36266	146
10467	4	36267	-755
10468	4	36268	455
10469	4	36269	653
10470	4	36270	14
10471	4	36271	-737
10472	4	36272	-228
10473	4	36273	541
10474	4	36274	-162
10475	4	36275	-33
10476	4	36276	-131
10477	4	36277	153
10478	4	36278	763
10479	4	36279	322
10480	4	36280	-82
10481	4	36281	297
10482	4	36282	94
10483	4	36283	-481
10484	4	36284	-194
10485	4	36285	-189
10486	4	36286	-403
10487	4	36287	366
10488	4	36288	-210
10489	4	36289	459
10490	4	36290	73
10491	4	36291	-53
10492	4	36292	827
10493	4	36293	-109
10494	4	36294	-117
10495	4	36295	242
10496	4	36296	-847
10497	4	36297	344
10498	4	36298	-255
10499	4	36299	-473
10500	4	36300	-97
10501	4	36301	-64
10502	4	36302	-261
10503	4	36303	201
10504	4	36304	221
10505	4	36305	-241
10506	4	36306	-566
10507	4	36307	-488
10508	4	36308	-173
10509	4	36309	247
10510	4	36310	-325
10511	4	36311	52
10512	4	36312	365
10513	4	36313	136
10514	4	36314	398
10515	4	36315	458
10516	4	36316	513
10517	4	36317	5
10518	4	36318	193
10519	4	36319	-768
10520	4	36320	655
10521	4	36321	121
10522	4	36322	418
10523	4	36323	-403
10524	4	36324	-75
10525	4	36325	-390
10526	4	36326	343
10527	4	36327	440
10528	4	36328	279
10529	4	36329	417
10530	4	36330	-604
10531	4	36331	29
10532	4	36332	-7
10533	4	36333	270
10534	4	36334	93
10535	4	36335	110
10536	4	36336	397
10537	4	36337	-652
10538	4	36338	-589
10539	4	36339	-504
10540	4	36340	-61
10541	4	36341	253
10542	4	36342	254
10543	4	36343	-126
10544	4	36344	878
10545	4	36345	173
10546	4	36346	-572
10547	4	36347	-230
10548	4	36348	-333
10549	4	36349	-123
10550	4	36350	-242
10551	4	36351	178
10552	4	36352	183
10553	4	36353	-139
10554	4	36354	723
10555	4	36355	-351
10556	4	36356	-342
10557	4	36357	-90
10558	4	36358	-325
10559	4	36359	135
10560	4	36360	-186
10561	4	36361	103
10562	4	36362	-134
10563	4	36363	19
10564	4	36364	197
10565	4	36365	190
10566	4	36366	-44
10567	4	36367	171
10568	4	36368	-341
10569	4	36369	-612
10570	4	36370	328
10571	4	36371	184
10572	4	36372	-891
10573	4	36373	-657
10574	4	36374	351
10575	4	36375	778
10576	4	36376	-274
10577	4	36377	101
10578	4	36378	110
10579	4	36379	726
10580	4	36380	-443
10581	4	36381	257
10582	4	36382	173
10583	4	36383	-251
10584	4	36384	788
10585	4	36385	-459
10586	4	36386	-56
10587	4	36387	-136
10588	4	36388	285
10589	4	36389	-648
10590	4	36390	106
10591	4	36391	440
10592	4	36392	162
10593	4	36393	-441
10594	4	36394	461
10595	4	36395	516
10596	4	36396	-271
10597	4	36397	-265
10598	4	36398	253
10599	4	36399	60
10600	4	36400	-347
10601	4	36401	55
10602	4	36402	-134
10603	4	36403	-663
10604	4	36404	-285
10605	4	36405	-35
10606	4	36406	547
10607	4	36407	-237
10608	4	36408	242
10609	4	36409	-34
10610	4	36410	-317
10611	4	36411	714
10612	4	36412	-475
10613	4	36413	378
10614	4	36414	-38
10615	4	36415	-800
10616	4	36416	807
10617	4	36417	-398
10618	4	36418	202
10619	4	36419	167
10620	4	36420	440
10621	4	36421	-640
10622	4	36422	-323
10623	4	36423	595
10624	4	36424	-72
10625	4	36425	9
10626	4	36426	565
10627	4	36427	34
10628	4	36428	354
10629	4	36429	305
10630	4	36430	-72
10631	4	36431	-203
10632	4	36432	755
10633	4	36433	504
10634	4	36434	-84
10635	4	36435	-393
10636	4	36436	14
10637	4	36437	-84
10638	4	36438	-250
10639	4	36439	-324
10640	4	36440	-7
10641	4	36441	-167
10642	4	36442	177
10643	4	36443	71
10644	4	36444	-748
10645	4	36445	260
10646	4	36446	352
10647	4	36447	38
10648	4	36448	-717
10649	4	36449	545
10650	4	36450	510
10651	4	36451	453
10652	4	36452	-21
10653	4	36453	43
10654	4	36454	-463
10655	4	36455	-214
10656	4	36456	860
10657	4	36457	697
10658	4	36458	-32
10659	4	36459	-641
10660	4	36460	338
10661	4	36461	-31
10662	4	36462	-161
10663	4	36463	906
10664	4	36464	-230
10665	4	36465	-28
10666	4	36466	-22
10667	4	36467	-497
10668	4	36468	-233
10669	4	36469	-29
10670	4	36470	65
10671	4	36471	-898
10672	4	36472	-235
10673	4	36473	-750
10674	4	36474	-665
10675	4	36475	375
10676	4	36476	-648
10677	4	36477	411
10678	4	36478	255
10679	4	36479	-47
10680	4	36480	-664
10681	4	36481	945
10682	4	36482	455
10683	4	36483	-865
10684	4	36484	129
10685	4	36485	-291
10686	4	36486	-645
10687	4	36487	-185
10688	4	36488	-8
10689	4	36489	-14
10690	4	36490	-140
10691	4	36491	-492
10692	4	36492	-76
10693	4	36493	-125
10694	4	36494	-283
10695	4	36495	-395
10696	4	36496	267
10697	4	36497	151
10698	4	36498	370
10699	4	36499	108
10700	4	36500	47
10701	4	36501	-249
10702	4	36502	-32
10703	4	36503	606
10704	4	36504	-9
10705	4	36505	-16
10706	4	36506	-135
10707	4	36507	-37
10708	4	36508	-37
10709	4	36509	-605
10710	4	36510	-445
10711	4	36511	-445
10712	4	36512	522
10713	4	36513	-223
10714	4	36514	-551
10715	4	36515	-666
10716	4	36516	-64
10717	4	36517	53
10718	4	36518	-142
10719	4	36519	60
10720	4	36520	247
10721	4	36521	-697
10722	4	36522	46
10723	4	36523	28
10724	4	36524	-100
10725	4	36525	421
10726	4	36526	109
10727	4	36527	358
10728	4	36528	527
10729	4	36529	203
10730	4	36530	-148
10731	4	36531	14
10732	4	36532	361
10733	4	36533	45
10734	4	36534	673
10735	4	36535	656
10736	4	36536	451
10737	4	36537	645
10738	4	36538	31
10739	4	36539	252
10740	4	36540	234
10741	4	36541	-368
10742	4	36542	-217
10743	4	36543	362
10744	4	36544	-10
10745	4	36545	119
10746	4	36546	-29
10747	4	36547	-140
10748	4	36548	-378
10749	4	36549	-208
10750	4	36550	547
10751	4	36551	1003
10752	4	36552	-198
10753	4	36553	-480
10754	4	36554	336
10755	4	36555	403
10756	4	36556	182
10757	4	36557	-729
10758	4	36558	2
10759	4	36559	71
10760	4	36560	313
10761	4	36561	255
10762	4	36562	-22
10763	4	36563	-517
10764	4	36564	325
10765	4	36565	-1
10766	4	36566	-191
10767	4	36567	487
10768	4	36568	190
10769	4	36569	-364
10770	4	36570	-43
10771	4	36571	577
10772	4	36572	-293
10773	4	36573	280
10774	4	36574	445
10775	4	36575	650
10776	4	36576	-648
10777	4	36577	-205
10778	4	36578	-414
10779	4	36579	414
10780	4	36580	176
10781	4	36581	500
10782	4	36582	25
10783	4	36583	-318
10784	4	36584	83
10785	4	36585	-401
10786	4	36586	-366
10787	4	36587	-239
10788	4	36588	67
10789	4	36589	-375
10790	4	36590	-27
10791	4	36591	249
10792	4	36592	-695
10793	4	36593	634
10794	4	36594	44
10795	4	36595	-651
10796	4	36596	521
10797	4	36597	-895
10798	4	36598	11
10799	4	36599	-87
10800	4	36600	109
10801	4	36601	51
10802	4	36602	258
10803	4	36603	-191
10804	4	36604	-227
10805	4	36605	39
10806	4	36606	457
10807	4	36607	212
10808	4	36608	-394
10809	4	36609	-188
10810	4	36610	25
10811	4	36611	-210
10812	4	36612	143
10813	4	36613	455
10814	4	36614	-206
10815	4	36615	-153
10816	4	36616	-195
10817	4	36617	478
10818	4	36618	-102
10819	4	36619	-246
10820	4	36620	-380
10821	4	36621	-324
10822	4	36622	424
10823	4	36623	50
10824	4	36624	65
10825	4	36625	-113
10826	4	36626	-297
10827	4	36627	-252
10828	4	36628	-199
10829	4	36629	212
10830	4	36630	573
10831	4	36631	-440
10832	4	36632	-253
10833	4	36633	-273
10834	4	36634	433
10835	4	36635	-430
10836	4	36636	47
10837	4	36637	-166
10838	4	36638	276
10839	4	36639	-291
10840	4	36640	-563
10841	4	36641	126
10842	4	36642	-291
10843	4	36643	83
10844	4	36644	255
10845	4	36645	336
10846	4	36646	404
10847	4	36647	456
10848	4	36648	69
10849	4	36649	131
10850	4	36650	283
10851	4	36651	14
10852	4	36652	256
10853	4	36653	215
10854	4	36654	-637
10855	4	36655	360
10856	4	36656	-413
10857	4	36657	-138
10858	4	36658	239
10859	4	36659	38
10860	4	36660	440
10861	4	36661	-640
10862	4	36662	-323
10863	4	36663	595
10864	4	36664	-72
10865	4	36665	9
10866	4	36666	565
10867	4	36667	34
10868	4	36668	354
10869	4	36669	305
10870	4	36670	-72
10871	4	36671	-203
10872	4	36672	755
10873	4	36673	504
10874	4	36674	-84
10875	4	36675	-393
10876	4	36676	14
10877	4	36677	-84
10878	4	36678	-250
10879	4	36679	-324
10880	4	36680	-7
10881	4	36681	-167
10882	4	36682	177
10883	4	36683	71
10884	4	36684	-748
10885	4	36685	260
10886	4	36686	352
10887	4	36687	38
10888	4	36688	-717
10889	4	36689	545
10890	4	36690	510
10891	4	36691	453
10892	4	36692	-21
10893	4	36693	43
10894	4	36694	-463
10895	4	36695	-214
10896	4	36696	860
10897	4	36697	697
10898	4	36698	-32
10899	4	36699	-641
10900	4	36700	338
10901	4	36701	-31
10902	4	36702	-161
10903	4	36703	906
10904	4	36704	-230
10905	4	36705	-28
10906	4	36706	-22
10907	4	36707	-497
10908	4	36708	-233
10909	4	36709	-29
10910	4	36710	65
10911	4	36711	-898
10912	4	36712	-235
10913	4	36713	-750
10914	4	36714	-665
10915	4	36715	375
10916	4	36716	-648
10917	4	36717	411
10918	4	36718	255
10919	4	36719	-47
10920	4	36720	43
10921	4	36721	9
10922	4	36722	83
10923	4	36723	-57
10924	4	36724	-78
10925	4	36725	12
10926	4	36726	175
10927	4	36727	224
10928	4	36728	308
10929	4	36729	-42
10930	4	36730	-601
10931	4	36731	-394
10932	4	36732	-66
10933	4	36733	718
10934	4	36734	111
10935	4	36735	-358
10936	4	36736	-479
10937	4	36737	294
10938	4	36738	-166
10939	4	36739	161
10940	4	36740	111
10941	4	36741	-314
10942	4	36742	-389
10943	4	36743	-252
10944	4	36744	324
10945	4	36745	338
10946	4	36746	146
10947	4	36747	-755
10948	4	36748	455
10949	4	36749	653
10950	4	36750	14
10951	4	36751	-737
10952	4	36752	-228
10953	4	36753	541
10954	4	36754	-162
10955	4	36755	-33
10956	4	36756	-131
10957	4	36757	153
10958	4	36758	763
10959	4	36759	322
10960	4	36760	-82
10961	4	36761	297
10962	4	36762	94
10963	4	36763	-481
10964	4	36764	-194
10965	4	36765	-189
10966	4	36766	-403
10967	4	36767	366
10968	4	36768	-210
10969	4	36769	459
10970	4	36770	73
10971	4	36771	-53
10972	4	36772	827
10973	4	36773	-109
10974	4	36774	-117
10975	4	36775	242
10976	4	36776	-847
10977	4	36777	344
10978	4	36778	-255
10979	4	36779	-473
10980	4	36780	-664
10981	4	36781	945
10982	4	36782	455
10983	4	36783	-865
10984	4	36784	129
10985	4	36785	-291
10986	4	36786	-645
10987	4	36787	-185
10988	4	36788	-8
10989	4	36789	-14
10990	4	36790	-140
10991	4	36791	-492
10992	4	36792	-76
10993	4	36793	-125
10994	4	36794	-283
10995	4	36795	-395
10996	4	36796	267
10997	4	36797	151
10998	4	36798	370
10999	4	36799	108
11000	4	36800	47
11001	4	36801	-249
11002	4	36802	-32
11003	4	36803	606
11004	4	36804	-9
11005	4	36805	-16
11006	4	36806	-135
11007	4	36807	-37
11008	4	36808	-37
11009	4	36809	-605
11010	4	36810	-445
11011	4	36811	-445
11012	4	36812	522
11013	4	36813	-223
11014	4	36814	-551
11015	4	36815	-666
11016	4	36816	-64
11017	4	36817	53
11018	4	36818	-142
11019	4	36819	60
11020	4	36820	247
11021	4	36821	-697
11022	4	36822	46
11023	4	36823	28
11024	4	36824	-100
11025	4	36825	421
11026	4	36826	109
11027	4	36827	358
11028	4	36828	527
11029	4	36829	203
11030	4	36830	-148
11031	4	36831	14
11032	4	36832	361
11033	4	36833	45
11034	4	36834	673
11035	4	36835	656
11036	4	36836	451
11037	4	36837	645
11038	4	36838	31
11039	4	36839	252
11040	4	36840	-97
11041	4	36841	-64
11042	4	36842	-261
11043	4	36843	201
11044	4	36844	221
11045	4	36845	-241
11046	4	36846	-566
11047	4	36847	-488
11048	4	36848	-173
11049	4	36849	247
11050	4	36850	-325
11051	4	36851	52
11052	4	36852	365
11053	4	36853	136
11054	4	36854	398
11055	4	36855	458
11056	4	36856	513
11057	4	36857	5
11058	4	36858	193
11059	4	36859	-768
11060	4	36860	655
11061	4	36861	121
11062	4	36862	418
11063	4	36863	-403
11064	4	36864	-75
11065	4	36865	-390
11066	4	36866	343
11067	4	36867	440
11068	4	36868	279
11069	4	36869	417
11070	4	36870	-604
11071	4	36871	29
11072	4	36872	-7
11073	4	36873	270
11074	4	36874	93
11075	4	36875	110
11076	4	36876	397
11077	4	36877	-652
11078	4	36878	-589
11079	4	36879	-504
11080	4	36880	-61
11081	4	36881	253
11082	4	36882	254
11083	4	36883	-126
11084	4	36884	878
11085	4	36885	173
11086	4	36886	-572
11087	4	36887	-230
11088	4	36888	-333
11089	4	36889	-123
11090	4	36890	-242
11091	4	36891	178
11092	4	36892	183
11093	4	36893	-139
11094	4	36894	723
11095	4	36895	-351
11096	4	36896	-342
11097	4	36897	-90
11098	4	36898	-325
11099	4	36899	135
11100	4	36900	234
11101	4	36901	-368
11102	4	36902	-217
11103	4	36903	362
11104	4	36904	-10
11105	4	36905	119
11106	4	36906	-29
11107	4	36907	-140
11108	4	36908	-378
11109	4	36909	-208
11110	4	36910	547
11111	4	36911	1003
11112	4	36912	-198
11113	4	36913	-480
11114	4	36914	336
11115	4	36915	403
11116	4	36916	182
11117	4	36917	-729
11118	4	36918	2
11119	4	36919	71
11120	4	36920	313
11121	4	36921	255
11122	4	36922	-22
11123	4	36923	-517
11124	4	36924	325
11125	4	36925	-1
11126	4	36926	-191
11127	4	36927	487
11128	4	36928	190
11129	4	36929	-364
11130	4	36930	-43
11131	4	36931	577
11132	4	36932	-293
11133	4	36933	280
11134	4	36934	445
11135	4	36935	650
11136	4	36936	-648
11137	4	36937	-205
11138	4	36938	-414
11139	4	36939	414
11140	4	36940	176
11141	4	36941	500
11142	4	36942	25
11143	4	36943	-318
11144	4	36944	83
11145	4	36945	-401
11146	4	36946	-366
11147	4	36947	-239
11148	4	36948	67
11149	4	36949	-375
11150	4	36950	-27
11151	4	36951	249
11152	4	36952	-695
11153	4	36953	634
11154	4	36954	44
11155	4	36955	-651
11156	4	36956	521
11157	4	36957	-895
11158	4	36958	11
11159	4	36959	-87
11160	4	36960	-186
11161	4	36961	103
11162	4	36962	-134
11163	4	36963	19
11164	4	36964	197
11165	4	36965	190
11166	4	36966	-44
11167	4	36967	171
11168	4	36968	-341
11169	4	36969	-612
11170	4	36970	328
11171	4	36971	184
11172	4	36972	-891
11173	4	36973	-657
11174	4	36974	351
11175	4	36975	778
11176	4	36976	-274
11177	4	36977	101
11178	4	36978	110
11179	4	36979	726
11180	4	36980	-443
11181	4	36981	257
11182	4	36982	173
11183	4	36983	-251
11184	4	36984	788
11185	4	36985	-459
11186	4	36986	-56
11187	4	36987	-136
11188	4	36988	285
11189	4	36989	-648
11190	4	36990	106
11191	4	36991	440
11192	4	36992	162
11193	4	36993	-441
11194	4	36994	461
11195	4	36995	516
11196	4	36996	-271
11197	4	36997	-265
11198	4	36998	253
11199	4	36999	60
11200	4	37000	-347
11201	4	37001	55
11202	4	37002	-134
11203	4	37003	-663
11204	4	37004	-285
11205	4	37005	-35
11206	4	37006	547
11207	4	37007	-237
11208	4	37008	242
11209	4	37009	-34
11210	4	37010	-317
11211	4	37011	714
11212	4	37012	-475
11213	4	37013	378
11214	4	37014	-38
11215	4	37015	-800
11216	4	37016	807
11217	4	37017	-398
11218	4	37018	202
11219	4	37019	167
11220	4	37020	109
11221	4	37021	51
11222	4	37022	258
11223	4	37023	-191
11224	4	37024	-227
11225	4	37025	39
11226	4	37026	457
11227	4	37027	212
11228	4	37028	-394
11229	4	37029	-188
11230	4	37030	25
11231	4	37031	-210
11232	4	37032	143
11233	4	37033	455
11234	4	37034	-206
11235	4	37035	-153
11236	4	37036	-195
11237	4	37037	478
11238	4	37038	-102
11239	4	37039	-246
11240	4	37040	-380
11241	4	37041	-324
11242	4	37042	424
11243	4	37043	50
11244	4	37044	65
11245	4	37045	-113
11246	4	37046	-297
11247	4	37047	-252
11248	4	37048	-199
11249	4	37049	212
11250	4	37050	573
11251	4	37051	-440
11252	4	37052	-253
11253	4	37053	-273
11254	4	37054	433
11255	4	37055	-430
11256	4	37056	47
11257	4	37057	-166
11258	4	37058	276
11259	4	37059	-291
11260	4	37060	-563
11261	4	37061	126
11262	4	37062	-291
11263	4	37063	83
11264	4	37064	255
11265	4	37065	336
11266	4	37066	404
11267	4	37067	456
11268	4	37068	69
11269	4	37069	131
11270	4	37070	283
11271	4	37071	14
11272	4	37072	256
11273	4	37073	215
11274	4	37074	-637
11275	4	37075	360
11276	4	37076	-413
11277	4	37077	-138
11278	4	37078	239
11279	4	37079	38
11280	4	37080	-664
11281	4	37081	945
11282	4	37082	455
11283	4	37083	-865
11284	4	37084	129
11285	4	37085	-291
11286	4	37086	-645
11287	4	37087	-185
11288	4	37088	-8
11289	4	37089	-14
11290	4	37090	-140
11291	4	37091	-492
11292	4	37092	-76
11293	4	37093	-125
11294	4	37094	-283
11295	4	37095	-395
11296	4	37096	267
11297	4	37097	151
11298	4	37098	370
11299	4	37099	108
11300	4	37100	47
11301	4	37101	-249
11302	4	37102	-32
11303	4	37103	606
11304	4	37104	-9
11305	4	37105	-16
11306	4	37106	-135
11307	4	37107	-37
11308	4	37108	-37
11309	4	37109	-605
11310	4	37110	-445
11311	4	37111	-445
11312	4	37112	522
11313	4	37113	-223
11314	4	37114	-551
11315	4	37115	-666
11316	4	37116	-64
11317	4	37117	53
11318	4	37118	-142
11319	4	37119	60
11320	4	37120	247
11321	4	37121	-697
11322	4	37122	46
11323	4	37123	28
11324	4	37124	-100
11325	4	37125	421
11326	4	37126	109
11327	4	37127	358
11328	4	37128	527
11329	4	37129	203
11330	4	37130	-148
11331	4	37131	14
11332	4	37132	361
11333	4	37133	45
11334	4	37134	673
11335	4	37135	656
11336	4	37136	451
11337	4	37137	645
11338	4	37138	31
11339	4	37139	252
11340	4	37140	-186
11341	4	37141	103
11342	4	37142	-134
11343	4	37143	19
11344	4	37144	197
11345	4	37145	190
11346	4	37146	-44
11347	4	37147	171
11348	4	37148	-341
11349	4	37149	-612
11350	4	37150	328
11351	4	37151	184
11352	4	37152	-891
11353	4	37153	-657
11354	4	37154	351
11355	4	37155	778
11356	4	37156	-274
11357	4	37157	101
11358	4	37158	110
11359	4	37159	726
11360	4	37160	-443
11361	4	37161	257
11362	4	37162	173
11363	4	37163	-251
11364	4	37164	788
11365	4	37165	-459
11366	4	37166	-56
11367	4	37167	-136
11368	4	37168	285
11369	4	37169	-648
11370	4	37170	106
11371	4	37171	440
11372	4	37172	162
11373	4	37173	-441
11374	4	37174	461
11375	4	37175	516
11376	4	37176	-271
11377	4	37177	-265
11378	4	37178	253
11379	4	37179	60
11380	4	37180	-347
11381	4	37181	55
11382	4	37182	-134
11383	4	37183	-663
11384	4	37184	-285
11385	4	37185	-35
11386	4	37186	547
11387	4	37187	-237
11388	4	37188	242
11389	4	37189	-34
11390	4	37190	-317
11391	4	37191	714
11392	4	37192	-475
11393	4	37193	378
11394	4	37194	-38
11395	4	37195	-800
11396	4	37196	807
11397	4	37197	-398
11398	4	37198	202
11399	4	37199	167
11400	4	37200	43
11401	4	37201	9
11402	4	37202	83
11403	4	37203	-57
11404	4	37204	-78
11405	4	37205	12
11406	4	37206	175
11407	4	37207	224
11408	4	37208	308
11409	4	37209	-42
11410	4	37210	-601
11411	4	37211	-394
11412	4	37212	-66
11413	4	37213	718
11414	4	37214	111
11415	4	37215	-358
11416	4	37216	-479
11417	4	37217	294
11418	4	37218	-166
11419	4	37219	161
11420	4	37220	111
11421	4	37221	-314
11422	4	37222	-389
11423	4	37223	-252
11424	4	37224	324
11425	4	37225	338
11426	4	37226	146
11427	4	37227	-755
11428	4	37228	455
11429	4	37229	653
11430	4	37230	14
11431	4	37231	-737
11432	4	37232	-228
11433	4	37233	541
11434	4	37234	-162
11435	4	37235	-33
11436	4	37236	-131
11437	4	37237	153
11438	4	37238	763
11439	4	37239	322
11440	4	37240	-82
11441	4	37241	297
11442	4	37242	94
11443	4	37243	-481
11444	4	37244	-194
11445	4	37245	-189
11446	4	37246	-403
11447	4	37247	366
11448	4	37248	-210
11449	4	37249	459
11450	4	37250	73
11451	4	37251	-53
11452	4	37252	827
11453	4	37253	-109
11454	4	37254	-117
11455	4	37255	242
11456	4	37256	-847
11457	4	37257	344
11458	4	37258	-255
11459	4	37259	-473
11460	4	37260	234
11461	4	37261	-368
11462	4	37262	-217
11463	4	37263	362
11464	4	37264	-10
11465	4	37265	119
11466	4	37266	-29
11467	4	37267	-140
11468	4	37268	-378
11469	4	37269	-208
11470	4	37270	547
11471	4	37271	1003
11472	4	37272	-198
11473	4	37273	-480
11474	4	37274	336
11475	4	37275	403
11476	4	37276	182
11477	4	37277	-729
11478	4	37278	2
11479	4	37279	71
11480	4	37280	313
11481	4	37281	255
11482	4	37282	-22
11483	4	37283	-517
11484	4	37284	325
11485	4	37285	-1
11486	4	37286	-191
11487	4	37287	487
11488	4	37288	190
11489	4	37289	-364
11490	4	37290	-43
11491	4	37291	577
11492	4	37292	-293
11493	4	37293	280
11494	4	37294	445
11495	4	37295	650
11496	4	37296	-648
11497	4	37297	-205
11498	4	37298	-414
11499	4	37299	414
11500	4	37300	176
11501	4	37301	500
11502	4	37302	25
11503	4	37303	-318
11504	4	37304	83
11505	4	37305	-401
11506	4	37306	-366
11507	4	37307	-239
11508	4	37308	67
11509	4	37309	-375
11510	4	37310	-27
11511	4	37311	249
11512	4	37312	-695
11513	4	37313	634
11514	4	37314	44
11515	4	37315	-651
11516	4	37316	521
11517	4	37317	-895
11518	4	37318	11
11519	4	37319	-87
11520	4	37320	440
11521	4	37321	-640
11522	4	37322	-323
11523	4	37323	595
11524	4	37324	-72
11525	4	37325	9
11526	4	37326	565
11527	4	37327	34
11528	4	37328	354
11529	4	37329	305
11530	4	37330	-72
11531	4	37331	-203
11532	4	37332	755
11533	4	37333	504
11534	4	37334	-84
11535	4	37335	-393
11536	4	37336	14
11537	4	37337	-84
11538	4	37338	-250
11539	4	37339	-324
11540	4	37340	-7
11541	4	37341	-167
11542	4	37342	177
11543	4	37343	71
11544	4	37344	-748
11545	4	37345	260
11546	4	37346	352
11547	4	37347	38
11548	4	37348	-717
11549	4	37349	545
11550	4	37350	510
11551	4	37351	453
11552	4	37352	-21
11553	4	37353	43
11554	4	37354	-463
11555	4	37355	-214
11556	4	37356	860
11557	4	37357	697
11558	4	37358	-32
11559	4	37359	-641
11560	4	37360	338
11561	4	37361	-31
11562	4	37362	-161
11563	4	37363	906
11564	4	37364	-230
11565	4	37365	-28
11566	4	37366	-22
11567	4	37367	-497
11568	4	37368	-233
11569	4	37369	-29
11570	4	37370	65
11571	4	37371	-898
11572	4	37372	-235
11573	4	37373	-750
11574	4	37374	-665
11575	4	37375	375
11576	4	37376	-648
11577	4	37377	411
11578	4	37378	255
11579	4	37379	-47
11580	4	37380	-97
11581	4	37381	-64
11582	4	37382	-261
11583	4	37383	201
11584	4	37384	221
11585	4	37385	-241
11586	4	37386	-566
11587	4	37387	-488
11588	4	37388	-173
11589	4	37389	247
11590	4	37390	-325
11591	4	37391	52
11592	4	37392	365
11593	4	37393	136
11594	4	37394	398
11595	4	37395	458
11596	4	37396	513
11597	4	37397	5
11598	4	37398	193
11599	4	37399	-768
11600	4	37400	655
11601	4	37401	121
11602	4	37402	418
11603	4	37403	-403
11604	4	37404	-75
11605	4	37405	-390
11606	4	37406	343
11607	4	37407	440
11608	4	37408	279
11609	4	37409	417
11610	4	37410	-604
11611	4	37411	29
11612	4	37412	-7
11613	4	37413	270
11614	4	37414	93
11615	4	37415	110
11616	4	37416	397
11617	4	37417	-652
11618	4	37418	-589
11619	4	37419	-504
11620	4	37420	-61
11621	4	37421	253
11622	4	37422	254
11623	4	37423	-126
11624	4	37424	878
11625	4	37425	173
11626	4	37426	-572
11627	4	37427	-230
11628	4	37428	-333
11629	4	37429	-123
11630	4	37430	-242
11631	4	37431	178
11632	4	37432	183
11633	4	37433	-139
11634	4	37434	723
11635	4	37435	-351
11636	4	37436	-342
11637	4	37437	-90
11638	4	37438	-325
11639	4	37439	135
11640	4	38880	128
11641	4	38881	-167
11642	4	38882	-62
11643	4	38883	141
11644	4	38884	-41
11645	4	38885	-355
11646	4	38886	188
11647	4	38887	426
11648	4	38888	-253
11649	4	38889	47
11650	4	38890	261
11651	4	38891	275
11652	4	38892	60
11653	4	38893	129
11654	4	38894	-102
11655	4	38895	-184
11656	4	38896	432
11657	4	38897	139
11658	4	38898	-50
11659	4	38899	-308
11660	4	38900	-297
11661	4	38901	130
11662	4	38902	172
11663	4	38903	64
11664	4	38904	-43
11665	4	38905	59
11666	4	38906	-549
11667	4	38907	124
11668	4	38908	6
11669	4	38909	419
11670	4	38910	223
11671	4	38911	-466
11672	4	38912	-61
11673	4	38913	210
11674	4	38914	670
11675	4	38915	-202
11676	4	38916	-132
11677	4	38917	-400
11678	4	38918	-344
11679	4	38919	-25
11680	4	38920	-500
11681	4	38921	-2
11682	4	38922	-106
11683	4	38923	23
11684	4	38924	437
11685	4	38925	88
11686	4	38926	54
11687	4	38927	627
11688	4	38928	-339
11689	4	38929	143
11690	4	38930	101
11691	4	38931	210
11692	4	38932	126
11693	4	38933	238
11694	4	38934	-254
11695	4	38935	238
11696	4	38936	-339
11697	4	38937	-584
11698	4	38938	-33
11699	4	38939	-393
11700	4	38940	128
11701	4	38941	-167
11702	4	38942	-62
11703	4	38943	141
11704	4	38944	-41
11705	4	38945	-355
11706	4	38946	188
11707	4	38947	426
11708	4	38948	-253
11709	4	38949	47
11710	4	38950	261
11711	4	38951	275
11712	4	38952	60
11713	4	38953	129
11714	4	38954	-102
11715	4	38955	-184
11716	4	38956	432
11717	4	38957	139
11718	4	38958	-50
11719	4	38959	-308
11720	4	38960	-297
11721	4	38961	130
11722	4	38962	172
11723	4	38963	64
11724	4	38964	-43
11725	4	38965	59
11726	4	38966	-549
11727	4	38967	124
11728	4	38968	6
11729	4	38969	419
11730	4	38970	223
11731	4	38971	-466
11732	4	38972	-61
11733	4	38973	210
11734	4	38974	670
11735	4	38975	-202
11736	4	38976	-132
11737	4	38977	-400
11738	4	38978	-344
11739	4	38979	-25
11740	4	38980	-500
11741	4	38981	-2
11742	4	38982	-106
11743	4	38983	23
11744	4	38984	437
11745	4	38985	88
11746	4	38986	54
11747	4	38987	627
11748	4	38988	-339
11749	4	38989	143
11750	4	38990	101
11751	4	38991	210
11752	4	38992	126
11753	4	38993	238
11754	4	38994	-254
11755	4	38995	238
11756	4	38996	-339
11757	4	38997	-584
11758	4	38998	-33
11759	4	38999	-393
11760	4	39000	128
11761	4	39001	-167
11762	4	39002	-62
11763	4	39003	141
11764	4	39004	-41
11765	4	39005	-355
11766	4	39006	188
11767	4	39007	426
11768	4	39008	-253
11769	4	39009	47
11770	4	39010	261
11771	4	39011	275
11772	4	39012	60
11773	4	39013	129
11774	4	39014	-102
11775	4	39015	-184
11776	4	39016	432
11777	4	39017	139
11778	4	39018	-50
11779	4	39019	-308
11780	4	39020	-297
11781	4	39021	130
11782	4	39022	172
11783	4	39023	64
11784	4	39024	-43
11785	4	39025	59
11786	4	39026	-549
11787	4	39027	124
11788	4	39028	6
11789	4	39029	419
11790	4	39030	223
11791	4	39031	-466
11792	4	39032	-61
11793	4	39033	210
11794	4	39034	670
11795	4	39035	-202
11796	4	39036	-132
11797	4	39037	-400
11798	4	39038	-344
11799	4	39039	-25
11800	4	39040	-500
11801	4	39041	-2
11802	4	39042	-106
11803	4	39043	23
11804	4	39044	437
11805	4	39045	88
11806	4	39046	54
11807	4	39047	627
11808	4	39048	-339
11809	4	39049	143
11810	4	39050	101
11811	4	39051	210
11812	4	39052	126
11813	4	39053	238
11814	4	39054	-254
11815	4	39055	238
11816	4	39056	-339
11817	4	39057	-584
11818	4	39058	-33
11819	4	39059	-393
11820	4	39120	-38
11821	4	39121	106
11822	4	39122	110
11823	4	39123	-133
11824	4	39124	-44
11825	2	39126	-18
11826	4	39127	155
11827	4	39128	-475
11828	4	39129	-719
11829	4	39130	-183
11830	4	39131	102
11831	4	39132	130
11832	4	39133	-260
11833	4	39134	323
11834	2	39135	768
11835	2	39138	62
11836	4	39139	-291
11837	4	39140	-353
11838	4	39141	81
11839	4	39142	738
11840	4	39143	-339
11841	4	39144	426
11842	2	39145	-958
11843	2	39150	70
11844	4	39151	226
11845	4	39152	-27
11846	4	39153	-320
11847	4	39154	416
11848	2	39155	-308
11849	2	39162	-82
11850	4	39163	30
11851	4	39164	341
11852	2	39165	782
11853	2	39174	-32
11854	2	39175	-284
11855	4	39180	172
11856	4	39181	-374
11857	4	39182	-328
11858	4	39183	434
11859	4	39184	96
11860	4	39185	-156
11861	4	39186	-385
11862	4	39187	-162
11863	4	39188	369
11864	4	39189	582
11865	4	39190	449
11866	4	39191	164
11867	4	39192	54
11868	4	39193	-431
11869	4	39194	254
11870	4	39195	107
11871	4	39196	569
11872	4	39197	-488
11873	4	39198	45
11874	4	39199	34
11875	4	39200	185
11876	4	39201	247
11877	4	39202	-176
11878	4	39203	185
11879	4	39204	-604
11880	4	39205	-2
11881	4	39206	5
11882	4	39207	670
11883	4	39208	-35
11884	4	39209	-298
11885	4	39210	-550
11886	4	39211	735
11887	4	39212	711
11888	4	39213	37
11889	4	39214	-523
11890	4	39215	171
11891	4	39216	312
11892	4	39217	143
11893	4	39218	-766
11894	4	39219	-84
11895	4	39220	625
11896	4	39221	-554
11897	4	39222	312
11898	4	39223	395
11899	4	39224	-110
11900	4	39225	-105
11901	4	39226	-138
11902	4	39227	-458
11903	4	39228	31
11904	4	39229	-318
11905	4	39230	-597
11906	4	39231	-122
11907	4	39232	-732
11908	4	39233	-421
11909	4	39234	578
11910	4	39235	-172
11911	4	39236	450
11912	4	39237	222
11913	4	39238	-338
11914	4	39239	77
11915	4	39240	629
11916	4	39241	-841
11917	4	39242	-343
11918	4	39243	732
11919	4	39244	-176
11920	4	39245	188
11921	4	39246	309
11922	4	39247	504
11923	4	39248	1045
11924	4	39249	53
11925	4	39250	145
11926	4	39251	33
11927	4	39252	58
11928	4	39253	-18
11929	4	39254	-95
11930	4	39255	223
11931	4	39256	-601
11932	4	39257	-213
11933	4	39258	171
11934	4	39259	439
11935	4	39260	-755
11936	4	39261	94
11937	4	39262	-567
11938	4	39263	222
11939	4	39264	-239
11940	4	39265	175
11941	4	39266	102
11942	4	39267	-669
11943	4	39268	-300
11944	4	39269	122
11945	4	39270	777
11946	4	39271	401
11947	4	39272	205
11948	4	39273	-406
11949	4	39274	-291
11950	4	39275	645
11951	4	39276	774
11952	4	39277	804
11953	4	39278	785
11954	4	39279	-127
11955	4	39280	312
11956	4	39281	-263
11957	4	39282	-586
11958	4	39283	333
11959	4	39284	-768
11960	4	39285	-507
11961	4	39286	718
11962	4	39287	-311
11963	4	39288	-133
11964	4	39289	297
11965	4	39290	-68
11966	4	39291	-532
11967	4	39292	-338
11968	4	39293	-1124
11969	4	39294	-671
11970	4	39295	-536
11971	4	39296	-64
11972	4	39297	160
11973	4	39298	152
11974	4	39299	-61
11975	4	39300	-156
11976	4	39301	569
11977	4	39302	670
11978	4	39303	-766
11979	4	39304	-318
11980	4	39305	172
11981	4	39306	-385
11982	4	39307	-488
11983	4	39308	-35
11984	4	39309	-84
11985	4	39310	-597
11986	4	39311	77
11987	4	39312	31
11988	4	39313	143
11989	4	39314	5
11990	4	39315	107
11991	4	39316	-374
11992	4	39317	-162
11993	4	39318	45
11994	4	39319	-298
11995	4	39320	625
11996	4	39321	-122
11997	4	39322	-338
11998	4	39323	-458
11999	4	39324	312
12000	4	39325	-2
12001	4	39326	254
12002	4	39327	-328
12003	4	39328	369
12004	4	39329	34
12005	4	39330	-550
12006	4	39331	-554
12007	4	39332	-732
12008	4	39333	222
12009	4	39334	-138
12010	4	39335	171
12011	4	39336	-604
12012	4	39337	-431
12013	4	39338	434
12014	4	39339	582
12015	4	39340	185
12016	4	39341	735
12017	4	39342	312
12018	4	39343	-421
12019	4	39344	450
12020	4	39345	-105
12021	4	39346	-523
12022	4	39347	185
12023	4	39348	54
12024	4	39349	96
12025	4	39350	449
12026	4	39351	247
12027	4	39352	711
12028	4	39353	395
12029	4	39354	578
12030	4	39355	-172
12031	4	39356	-110
12032	4	39357	37
12033	4	39358	-176
12034	4	39359	164
12035	4	39360	188
12036	4	39361	-601
12037	4	39362	-669
12038	4	39363	785
12039	4	39364	297
12040	4	39365	629
12041	4	39366	309
12042	4	39367	-213
12043	4	39368	-300
12044	4	39369	-127
12045	4	39370	-68
12046	4	39371	-61
12047	4	39372	-133
12048	4	39373	804
12049	4	39374	102
12050	4	39375	223
12051	4	39376	-841
12052	4	39377	504
12053	4	39378	171
12054	4	39379	122
12055	4	39380	312
12056	4	39381	-532
12057	4	39382	152
12058	4	39383	-311
12059	4	39384	774
12060	4	39385	175
12061	4	39386	-95
12062	4	39387	-343
12063	4	39388	1045
12064	4	39389	439
12065	4	39390	777
12066	4	39391	-263
12067	4	39392	-338
12068	4	39393	160
12069	4	39394	718
12070	4	39395	645
12071	4	39396	-239
12072	4	39397	-18
12073	4	39398	732
12074	4	39399	53
12075	4	39400	-755
12076	4	39401	401
12077	4	39402	-586
12078	4	39403	-1124
12079	4	39404	-64
12080	4	39405	-507
12081	4	39406	-291
12082	4	39407	222
12083	4	39408	58
12084	4	39409	-176
12085	4	39410	145
12086	4	39411	94
12087	4	39412	205
12088	4	39413	333
12089	4	39414	-671
12090	4	39415	-536
12091	4	39416	-768
12092	4	39417	-406
12093	4	39418	-567
12094	4	39419	33
12095	4	39420	-568
12096	4	39421	876
12097	4	39422	498
12098	4	39423	-849
12099	4	39424	43
12100	2	39426	-207
12101	4	39427	-362
12102	4	39428	-358
12103	4	39429	274
12104	4	39430	-110
12105	4	39431	-197
12106	4	39432	140
12107	4	39433	33
12108	4	39434	62
12109	2	39435	-1061
12110	2	39438	-392
12111	4	39439	-119
12112	4	39440	783
12113	4	39441	-107
12114	4	39442	52
12115	4	39443	10
12116	4	39444	-495
12117	2	39445	493
12118	2	39450	-969
12119	4	39451	-78
12120	4	39452	116
12121	4	39453	681
12122	4	39454	-905
12123	2	39455	-920
12124	2	39462	841
12125	4	39463	527
12126	4	39464	53
12127	2	39465	264
12128	2	39474	727
12129	2	39475	1224
12130	4	39600	-38
12131	4	39601	106
12132	4	39602	110
12133	4	39603	-133
12134	4	39604	-44
12135	2	39606	-18
12136	4	39607	155
12137	4	39608	-475
12138	4	39609	-719
12139	4	39610	-183
12140	4	39611	102
12141	4	39612	130
12142	4	39613	-260
12143	4	39614	323
12144	2	39615	768
12145	2	39618	62
12146	4	39619	-291
12147	4	39620	-353
12148	4	39621	81
12149	4	39622	738
12150	4	39623	-339
12151	4	39624	426
12152	2	39625	-958
12153	2	39630	70
12154	4	39631	226
12155	4	39632	-27
12156	4	39633	-320
12157	4	39634	416
12158	2	39635	-308
12159	2	39642	-82
12160	4	39643	30
12161	4	39644	341
12162	2	39645	782
12163	2	39654	-32
12164	2	39655	-284
12165	4	39660	188
12166	4	39661	-601
12167	4	39662	-669
12168	4	39663	785
12169	4	39664	297
12170	4	39665	629
12171	4	39666	309
12172	4	39667	-213
12173	4	39668	-300
12174	4	39669	-127
12175	4	39670	-68
12176	4	39671	-61
12177	4	39672	-133
12178	4	39673	804
12179	4	39674	102
12180	4	39675	223
12181	4	39676	-841
12182	4	39677	504
12183	4	39678	171
12184	4	39679	122
12185	4	39680	312
12186	4	39681	-532
12187	4	39682	152
12188	4	39683	-311
12189	4	39684	774
12190	4	39685	175
12191	4	39686	-95
12192	4	39687	-343
12193	4	39688	1045
12194	4	39689	439
12195	4	39690	777
12196	4	39691	-263
12197	4	39692	-338
12198	4	39693	160
12199	4	39694	718
12200	4	39695	645
12201	4	39696	-239
12202	4	39697	-18
12203	4	39698	732
12204	4	39699	53
12205	4	39700	-755
12206	4	39701	401
12207	4	39702	-586
12208	4	39703	-1124
12209	4	39704	-64
12210	4	39705	-507
12211	4	39706	-291
12212	4	39707	222
12213	4	39708	58
12214	4	39709	-176
12215	4	39710	145
12216	4	39711	94
12217	4	39712	205
12218	4	39713	333
12219	4	39714	-671
12220	4	39715	-536
12221	4	39716	-768
12222	4	39717	-406
12223	4	39718	-567
12224	4	39719	33
12225	4	39720	172
12226	4	39721	-374
12227	4	39722	-328
12228	4	39723	434
12229	4	39724	96
12230	4	39725	-156
12231	4	39726	-385
12232	4	39727	-162
12233	4	39728	369
12234	4	39729	582
12235	4	39730	449
12236	4	39731	164
12237	4	39732	54
12238	4	39733	-431
12239	4	39734	254
12240	4	39735	107
12241	4	39736	569
12242	4	39737	-488
12243	4	39738	45
12244	4	39739	34
12245	4	39740	185
12246	4	39741	247
12247	4	39742	-176
12248	4	39743	185
12249	4	39744	-604
12250	4	39745	-2
12251	4	39746	5
12252	4	39747	670
12253	4	39748	-35
12254	4	39749	-298
12255	4	39750	-550
12256	4	39751	735
12257	4	39752	711
12258	4	39753	37
12259	4	39754	-523
12260	4	39755	171
12261	4	39756	312
12262	4	39757	143
12263	4	39758	-766
12264	4	39759	-84
12265	4	39760	625
12266	4	39761	-554
12267	4	39762	312
12268	4	39763	395
12269	4	39764	-110
12270	4	39765	-105
12271	4	39766	-138
12272	4	39767	-458
12273	4	39768	31
12274	4	39769	-318
12275	4	39770	-597
12276	4	39771	-122
12277	4	39772	-732
12278	4	39773	-421
12279	4	39774	578
12280	4	39775	-172
12281	4	39776	450
12282	4	39777	222
12283	4	39778	-338
12284	4	39779	77
12285	4	39780	-568
12286	4	39781	876
12287	4	39782	498
12288	4	39783	-849
12289	4	39784	43
12290	2	39786	-207
12291	4	39787	-362
12292	4	39788	-358
12293	4	39789	274
12294	4	39790	-110
12295	4	39791	-197
12296	4	39792	140
12297	4	39793	33
12298	4	39794	62
12299	2	39795	-1061
12300	2	39798	-392
12301	4	39799	-119
12302	4	39800	783
12303	4	39801	-107
12304	4	39802	52
12305	4	39803	10
12306	4	39804	-495
12307	2	39805	493
12308	2	39810	-969
12309	4	39811	-78
12310	4	39812	116
12311	4	39813	681
12312	4	39814	-905
12313	2	39815	-920
12314	2	39822	841
12315	4	39823	527
12316	4	39824	53
12317	2	39825	264
12318	2	39834	727
12319	2	39835	1224
12320	4	40080	-38
12321	4	40081	106
12322	4	40082	110
12323	4	40083	-133
12324	4	40084	-44
12325	2	40086	-18
12326	4	40087	155
12327	4	40088	-475
12328	4	40089	-719
12329	4	40090	-183
12330	4	40091	102
12331	4	40092	130
12332	4	40093	-260
12333	4	40094	323
12334	2	40095	768
12335	2	40098	62
12336	4	40099	-291
12337	4	40100	-353
12338	4	40101	81
12339	4	40102	738
12340	4	40103	-339
12341	4	40104	426
12342	2	40105	-958
12343	2	40110	70
12344	4	40111	226
12345	4	40112	-27
12346	4	40113	-320
12347	4	40114	416
12348	2	40115	-308
12349	2	40122	-82
12350	4	40123	30
12351	4	40124	341
12352	2	40125	782
12353	2	40134	-32
12354	2	40135	-284
12355	4	40140	-568
12356	4	40141	876
12357	4	40142	498
12358	4	40143	-849
12359	4	40144	43
12360	2	40146	-207
12361	4	40147	-362
12362	4	40148	-358
12363	4	40149	274
12364	4	40150	-110
12365	4	40151	-197
12366	4	40152	140
12367	4	40153	33
12368	4	40154	62
12369	2	40155	-1061
12370	2	40158	-392
12371	4	40159	-119
12372	4	40160	783
12373	4	40161	-107
12374	4	40162	52
12375	4	40163	10
12376	4	40164	-495
12377	2	40165	493
12378	2	40170	-969
12379	4	40171	-78
12380	4	40172	116
12381	4	40173	681
12382	4	40174	-905
12383	2	40175	-920
12384	2	40182	841
12385	4	40183	527
12386	4	40184	53
12387	2	40185	264
12388	2	40194	727
12389	2	40195	1224
12390	4	40320	-183
12391	4	40321	387
12392	4	40322	331
12393	4	40323	-444
12394	4	40324	-92
12395	4	40325	-234
12396	4	40326	-594
12397	4	40327	-553
12398	4	40328	160
12399	4	40329	229
12400	4	40330	73
12401	4	40331	-159
12402	4	40332	-100
12403	4	40333	-279
12404	4	40334	185
12405	4	40335	384
12406	4	40336	155
12407	4	40337	-223
12408	4	40338	344
12409	4	40339	-157
12410	4	40340	151
12411	4	40341	91
12412	4	40342	125
12413	4	40343	-112
12414	4	40344	-342
12415	4	40345	-186
12416	4	40346	175
12417	4	40347	-127
12418	4	40348	-183
12419	4	40349	-305
12420	4	40350	-405
12421	4	40351	401
12422	4	40352	119
12423	4	40353	-651
12424	4	40354	-617
12425	4	40355	319
12426	4	40356	462
12427	4	40357	-415
12428	4	40358	-17
12429	4	40359	-363
12430	4	40360	519
12431	4	40361	-5
12432	4	40362	38
12433	4	40363	325
12434	4	40364	354
12435	4	40365	-82
12436	4	40366	309
12437	4	40367	-356
12438	4	40368	132
12439	4	40369	223
12440	4	40370	-188
12441	4	40371	318
12442	4	40372	-293
12443	4	40373	-385
12444	4	40374	617
12445	4	40375	-435
12446	4	40376	361
12447	4	40377	479
12448	4	40378	-28
12449	4	40379	745
12450	4	40380	-183
12451	4	40381	387
12452	4	40382	331
12453	4	40383	-444
12454	4	40384	-92
12455	4	40385	-234
12456	4	40386	-594
12457	4	40387	-553
12458	4	40388	160
12459	4	40389	229
12460	4	40390	73
12461	4	40391	-159
12462	4	40392	-100
12463	4	40393	-279
12464	4	40394	185
12465	4	40395	384
12466	4	40396	155
12467	4	40397	-223
12468	4	40398	344
12469	4	40399	-157
12470	4	40400	151
12471	4	40401	91
12472	4	40402	125
12473	4	40403	-112
12474	4	40404	-342
12475	4	40405	-186
12476	4	40406	175
12477	4	40407	-127
12478	4	40408	-183
12479	4	40409	-305
12480	4	40410	-405
12481	4	40411	401
12482	4	40412	119
12483	4	40413	-651
12484	4	40414	-617
12485	4	40415	319
12486	4	40416	462
12487	4	40417	-415
12488	4	40418	-17
12489	4	40419	-363
12490	4	40420	519
12491	4	40421	-5
12492	4	40422	38
12493	4	40423	325
12494	4	40424	354
12495	4	40425	-82
12496	4	40426	309
12497	4	40427	-356
12498	4	40428	132
12499	4	40429	223
12500	4	40430	-188
12501	4	40431	318
12502	4	40432	-293
12503	4	40433	-385
12504	4	40434	617
12505	4	40435	-435
12506	4	40436	361
12507	4	40437	479
12508	4	40438	-28
12509	4	40439	745
12510	4	40440	-183
12511	4	40441	387
12512	4	40442	331
12513	4	40443	-444
12514	4	40444	-92
12515	4	40445	-234
12516	4	40446	-594
12517	4	40447	-553
12518	4	40448	160
12519	4	40449	229
12520	4	40450	73
12521	4	40451	-159
12522	4	40452	-100
12523	4	40453	-279
12524	4	40454	185
12525	4	40455	384
12526	4	40456	155
12527	4	40457	-223
12528	4	40458	344
12529	4	40459	-157
12530	4	40460	151
12531	4	40461	91
12532	4	40462	125
12533	4	40463	-112
12534	4	40464	-342
12535	4	40465	-186
12536	4	40466	175
12537	4	40467	-127
12538	4	40468	-183
12539	4	40469	-305
12540	4	40470	-405
12541	4	40471	401
12542	4	40472	119
12543	4	40473	-651
12544	4	40474	-617
12545	4	40475	319
12546	4	40476	462
12547	4	40477	-415
12548	4	40478	-17
12549	4	40479	-363
12550	4	40480	519
12551	4	40481	-5
12552	4	40482	38
12553	4	40483	325
12554	4	40484	354
12555	4	40485	-82
12556	4	40486	309
12557	4	40487	-356
12558	4	40488	132
12559	4	40489	223
12560	4	40490	-188
12561	4	40491	318
12562	4	40492	-293
12563	4	40493	-385
12564	4	40494	617
12565	4	40495	-435
12566	4	40496	361
12567	4	40497	479
12568	4	40498	-28
12569	4	40499	745
12570	4	40500	127
12571	4	40501	-102
12572	4	40502	41
12573	4	40503	38
12574	4	40504	-104
12575	4	40505	331
12576	4	40506	-53
12577	4	40507	-187
12578	4	40508	495
12579	4	40509	-448
12580	4	40510	-510
12581	4	40511	-49
12582	4	40512	-392
12583	4	40513	-71
12584	4	40514	677
12585	4	40515	615
12586	4	40516	-823
12587	4	40517	-386
12588	4	40518	-61
12589	4	40519	617
12590	4	40520	211
12591	4	40521	-5
12592	4	40522	-398
12593	4	40523	-851
12594	4	40524	534
12595	4	40525	-103
12596	4	40526	875
12597	4	40527	-796
12598	4	40528	139
12599	4	40529	-123
12600	4	40530	-183
12601	4	40531	591
12602	4	40532	-281
12603	4	40533	39
12604	4	40534	-703
12605	4	40535	829
12606	4	40536	158
12607	4	40537	365
12608	4	40538	1001
12609	4	40539	148
12610	4	40540	673
12611	4	40541	700
12612	4	40542	151
12613	4	40543	-416
12614	4	40544	-607
12615	4	40545	-449
12616	4	40546	-155
12617	4	40547	-906
12618	4	40548	80
12619	4	40549	288
12620	4	40550	-244
12621	4	40551	16
12622	4	40552	-50
12623	4	40553	-404
12624	4	40554	146
12625	4	40555	-892
12626	4	40556	120
12627	4	40557	465
12628	4	40558	191
12629	4	40559	91
12630	4	40560	33
12631	4	40561	468
12632	4	40562	812
12633	4	40563	-791
12634	4	40564	-522
12635	4	40565	-664
12636	4	40566	-445
12637	4	40567	-50
12638	4	40568	428
12639	4	40569	419
12640	4	40570	77
12641	4	40571	191
12642	4	40572	538
12643	4	40573	-185
12644	4	40574	-426
12645	4	40575	-387
12646	4	40576	630
12647	4	40577	-518
12648	4	40578	251
12649	4	40579	-697
12650	4	40580	-130
12651	4	40581	191
12652	4	40582	-252
12653	4	40583	352
12654	4	40584	-914
12655	4	40585	172
12656	4	40586	-293
12657	4	40587	-55
12658	4	40588	-801
12659	4	40589	10
12660	4	40590	-315
12661	4	40591	-350
12662	4	40592	-120
12663	4	40593	-292
12664	4	40594	-528
12665	4	40595	-349
12666	4	40596	285
12667	4	40597	-258
12668	4	40598	-355
12669	4	40599	-20
12670	4	40600	646
12671	4	40601	-144
12672	4	40602	40
12673	4	40603	1060
12674	4	40604	590
12675	4	40605	109
12676	4	40606	261
12677	4	40607	397
12678	4	40608	-124
12679	4	40609	444
12680	4	40610	337
12681	4	40611	-173
12682	4	40612	169
12683	4	40613	-440
12684	4	40614	470
12685	4	40615	455
12686	4	40616	108
12687	4	40617	208
12688	4	40618	236
12689	4	40619	212
12690	4	40620	124
12691	4	40621	-352
12692	4	40622	-369
12693	4	40623	446
12694	4	40624	151
12695	4	40625	162
12696	4	40626	174
12697	4	40627	-62
12698	4	40628	59
12699	4	40629	34
12700	4	40630	-250
12701	4	40631	380
12702	4	40632	304
12703	4	40633	111
12704	4	40634	-357
12705	4	40635	157
12706	4	40636	-188
12707	4	40637	70
12708	4	40638	98
12709	4	40639	-439
12710	4	40640	156
12711	4	40641	326
12712	4	40642	-70
12713	4	40643	-107
12714	4	40644	54
12715	4	40645	184
12716	4	40646	101
12717	4	40647	-41
12718	4	40648	143
12719	4	40649	708
12720	4	40650	440
12721	4	40651	-241
12722	4	40652	-751
12723	4	40653	153
12724	4	40654	728
12725	4	40655	551
12726	4	40656	-18
12727	4	40657	-219
12728	4	40658	141
12729	4	40659	55
12730	4	40660	-493
12731	4	40661	531
12732	4	40662	-333
12733	4	40663	-121
12734	4	40664	407
12735	4	40665	-454
12736	4	40666	-191
12737	4	40667	86
12738	4	40668	-639
12739	4	40669	-75
12740	4	40670	685
12741	4	40671	-52
12742	4	40672	303
12743	4	40673	-25
12744	4	40674	-380
12745	4	40675	-438
12746	4	40676	-506
12747	4	40677	-684
12748	4	40678	-109
12749	4	40679	-56
12750	4	40680	-82
12751	4	40681	-144
12752	4	40682	-365
12753	4	40683	314
12754	4	40684	276
12755	4	40685	639
12756	4	40686	-119
12757	4	40687	-110
12758	4	40688	-87
12759	4	40689	301
12760	4	40690	168
12761	4	40691	95
12762	4	40692	-65
12763	4	40693	-306
12764	4	40694	-427
12765	4	40695	-96
12766	4	40696	-109
12767	4	40697	159
12768	4	40698	-46
12769	4	40699	229
12770	4	40700	288
12771	4	40701	7
12772	4	40702	-387
12773	4	40703	639
12774	4	40704	135
12775	4	40705	28
12776	4	40706	-223
12777	4	40707	858
12778	4	40708	707
12779	4	40709	-484
12780	4	40710	-268
12781	4	40711	-88
12782	4	40712	343
12783	4	40713	287
12784	4	40714	412
12785	4	40715	-110
12786	4	40716	-768
12787	4	40717	266
12788	4	40718	-463
12789	4	40719	714
12790	4	40720	-353
12791	4	40721	-607
12792	4	40722	194
12793	4	40723	-520
12794	4	40724	-306
12795	4	40725	51
12796	4	40726	-355
12797	4	40727	192
12798	4	40728	295
12799	4	40729	-925
12800	4	40730	52
12801	4	40731	-124
12802	4	40732	-49
12803	4	40733	529
12804	4	40734	239
12805	4	40735	127
12806	4	40736	488
12807	4	40737	-313
12808	4	40738	-623
12809	4	40739	-109
12810	4	40740	-252
12811	4	40741	174
12812	4	40742	-127
12813	4	40743	-29
12814	4	40744	234
12815	4	40745	-240
12816	4	40746	32
12817	4	40747	112
12818	4	40748	-1030
12819	4	40749	-208
12820	4	40750	169
12821	4	40751	-17
12822	4	40752	26
12823	4	40753	477
12824	4	40754	115
12825	4	40755	-215
12826	4	40756	510
12827	4	40757	547
12828	4	40758	10
12829	4	40759	-386
12830	4	40760	124
12831	4	40761	-390
12832	4	40762	777
12833	4	40763	-17
12834	4	40764	479
12835	4	40765	-231
12836	4	40766	-587
12837	4	40767	437
12838	4	40768	438
12839	4	40769	140
12840	4	40770	67
12841	4	40771	-676
12842	4	40772	159
12843	4	40773	383
12844	4	40774	859
12845	4	40775	-722
12846	4	40776	-410
12847	4	40777	-583
12848	4	40778	-585
12849	4	40779	-226
12850	4	40780	-869
12851	4	40781	-88
12852	4	40782	-48
12853	4	40783	-567
12854	4	40784	599
12855	4	40785	589
12856	4	40786	-313
12857	4	40787	781
12858	4	40788	154
12859	4	40789	-122
12860	4	40790	-169
12861	4	40791	345
12862	4	40792	314
12863	4	40793	890
12864	4	40794	-61
12865	4	40795	579
12866	4	40796	-382
12867	4	40797	-520
12868	4	40798	-142
12869	4	40799	-306
12870	4	40800	-20
12871	4	40801	-226
12872	4	40802	-399
12873	4	40803	386
12874	4	40804	259
12875	4	40805	-30
12876	4	40806	703
12877	4	40807	249
12878	4	40808	-481
12879	4	40809	-439
12880	4	40810	203
12881	4	40811	-25
12882	4	40812	-130
12883	4	40813	152
12884	4	40814	470
12885	4	40815	-438
12886	4	40816	157
12887	4	40817	-125
12888	4	40818	-543
12889	4	40819	556
12890	4	40820	63
12891	4	40821	-217
12892	4	40822	436
12893	4	40823	-338
12894	4	40824	208
12895	4	40825	192
12896	4	40826	217
12897	4	40827	206
12898	4	40828	-374
12899	4	40829	-105
12900	4	40830	260
12901	4	40831	680
12902	4	40832	214
12903	4	40833	504
12904	4	40834	-243
12905	4	40835	-399
12906	4	40836	-74
12907	4	40837	688
12908	4	40838	-224
12909	4	40839	-224
12910	4	40840	228
12911	4	40841	77
12912	4	40842	174
12913	4	40843	102
12914	4	40844	-769
12915	4	40845	128
12916	4	40846	-350
12917	4	40847	-554
12918	4	40848	199
12919	4	40849	-109
12920	4	40850	-423
12921	4	40851	-345
12922	4	40852	-546
12923	4	40853	343
12924	4	40854	-596
12925	4	40855	517
12926	4	40856	-29
12927	4	40857	166
12928	4	40858	502
12929	4	40859	-465
12930	4	40860	253
12931	4	40861	-206
12932	4	40862	76
12933	4	40863	80
12934	4	40864	-203
12935	4	40865	35
12936	4	40866	301
12937	4	40867	601
12938	4	40868	456
12939	4	40869	112
12940	4	40870	70
12941	4	40871	-417
12942	4	40872	-180
12943	4	40873	100
12944	4	40874	-237
12945	4	40875	-20
12946	4	40876	-332
12947	4	40877	475
12948	4	40878	-52
12949	4	40879	277
12950	4	40880	-863
12951	4	40881	-2
12952	4	40882	-230
12953	4	40883	433
12954	4	40884	-154
12955	4	40885	-54
12956	4	40886	-266
12957	4	40887	-481
12958	4	40888	-69
12959	4	40889	159
12960	4	40890	402
12961	4	40891	-316
12962	4	40892	317
12963	4	40893	-422
12964	4	40894	94
12965	4	40895	-121
12966	4	40896	365
12967	4	40897	156
12968	4	40898	502
12969	4	40899	-84
12970	4	40900	-351
12971	4	40901	-464
12972	4	40902	-216
12973	4	40903	138
12974	4	40904	-268
12975	4	40905	108
12976	4	40906	794
12977	4	40907	359
12978	4	40908	-97
12979	4	40909	275
12980	4	40910	-49
12981	4	40911	15
12982	4	40912	152
12983	4	40913	-507
12984	4	40914	-434
12985	4	40915	87
12986	4	40916	-160
12987	4	40917	200
12988	4	40918	-27
12989	4	40919	-111
12990	4	40920	127
12991	4	40921	-102
12992	4	40922	41
12993	4	40923	38
12994	4	40924	-104
12995	4	40925	331
12996	4	40926	-53
12997	4	40927	-187
12998	4	40928	495
12999	4	40929	-448
13000	4	40930	-510
13001	4	40931	-49
13002	4	40932	-392
13003	4	40933	-71
13004	4	40934	677
13005	4	40935	615
13006	4	40936	-823
13007	4	40937	-386
13008	4	40938	-61
13009	4	40939	617
13010	4	40940	211
13011	4	40941	-5
13012	4	40942	-398
13013	4	40943	-851
13014	4	40944	534
13015	4	40945	-103
13016	4	40946	875
13017	4	40947	-796
13018	4	40948	139
13019	4	40949	-123
13020	4	40950	-183
13021	4	40951	591
13022	4	40952	-281
13023	4	40953	39
13024	4	40954	-703
13025	4	40955	829
13026	4	40956	158
13027	4	40957	365
13028	4	40958	1001
13029	4	40959	148
13030	4	40960	673
13031	4	40961	700
13032	4	40962	151
13033	4	40963	-416
13034	4	40964	-607
13035	4	40965	-449
13036	4	40966	-155
13037	4	40967	-906
13038	4	40968	80
13039	4	40969	288
13040	4	40970	-244
13041	4	40971	16
13042	4	40972	-50
13043	4	40973	-404
13044	4	40974	146
13045	4	40975	-892
13046	4	40976	120
13047	4	40977	465
13048	4	40978	191
13049	4	40979	91
13050	4	40980	-252
13051	4	40981	174
13052	4	40982	-127
13053	4	40983	-29
13054	4	40984	234
13055	4	40985	-240
13056	4	40986	32
13057	4	40987	112
13058	4	40988	-1030
13059	4	40989	-208
13060	4	40990	169
13061	4	40991	-17
13062	4	40992	26
13063	4	40993	477
13064	4	40994	115
13065	4	40995	-215
13066	4	40996	510
13067	4	40997	547
13068	4	40998	10
13069	4	40999	-386
13070	4	41000	124
13071	4	41001	-390
13072	4	41002	777
13073	4	41003	-17
13074	4	41004	479
13075	4	41005	-231
13076	4	41006	-587
13077	4	41007	437
13078	4	41008	438
13079	4	41009	140
13080	4	41010	67
13081	4	41011	-676
13082	4	41012	159
13083	4	41013	383
13084	4	41014	859
13085	4	41015	-722
13086	4	41016	-410
13087	4	41017	-583
13088	4	41018	-585
13089	4	41019	-226
13090	4	41020	-869
13091	4	41021	-88
13092	4	41022	-48
13093	4	41023	-567
13094	4	41024	599
13095	4	41025	589
13096	4	41026	-313
13097	4	41027	781
13098	4	41028	154
13099	4	41029	-122
13100	4	41030	-169
13101	4	41031	345
13102	4	41032	314
13103	4	41033	890
13104	4	41034	-61
13105	4	41035	579
13106	4	41036	-382
13107	4	41037	-520
13108	4	41038	-142
13109	4	41039	-306
13110	4	41040	33
13111	4	41041	468
13112	4	41042	812
13113	4	41043	-791
13114	4	41044	-522
13115	4	41045	-664
13116	4	41046	-445
13117	4	41047	-50
13118	4	41048	428
13119	4	41049	419
13120	4	41050	77
13121	4	41051	191
13122	4	41052	538
13123	4	41053	-185
13124	4	41054	-426
13125	4	41055	-387
13126	4	41056	630
13127	4	41057	-518
13128	4	41058	251
13129	4	41059	-697
13130	4	41060	-130
13131	4	41061	191
13132	4	41062	-252
13133	4	41063	352
13134	4	41064	-914
13135	4	41065	172
13136	4	41066	-293
13137	4	41067	-55
13138	4	41068	-801
13139	4	41069	10
13140	4	41070	-315
13141	4	41071	-350
13142	4	41072	-120
13143	4	41073	-292
13144	4	41074	-528
13145	4	41075	-349
13146	4	41076	285
13147	4	41077	-258
13148	4	41078	-355
13149	4	41079	-20
13150	4	41080	646
13151	4	41081	-144
13152	4	41082	40
13153	4	41083	1060
13154	4	41084	590
13155	4	41085	109
13156	4	41086	261
13157	4	41087	397
13158	4	41088	-124
13159	4	41089	444
13160	4	41090	337
13161	4	41091	-173
13162	4	41092	169
13163	4	41093	-440
13164	4	41094	470
13165	4	41095	455
13166	4	41096	108
13167	4	41097	208
13168	4	41098	236
13169	4	41099	212
13170	4	41100	-20
13171	4	41101	-226
13172	4	41102	-399
13173	4	41103	386
13174	4	41104	259
13175	4	41105	-30
13176	4	41106	703
13177	4	41107	249
13178	4	41108	-481
13179	4	41109	-439
13180	4	41110	203
13181	4	41111	-25
13182	4	41112	-130
13183	4	41113	152
13184	4	41114	470
13185	4	41115	-438
13186	4	41116	157
13187	4	41117	-125
13188	4	41118	-543
13189	4	41119	556
13190	4	41120	63
13191	4	41121	-217
13192	4	41122	436
13193	4	41123	-338
13194	4	41124	208
13195	4	41125	192
13196	4	41126	217
13197	4	41127	206
13198	4	41128	-374
13199	4	41129	-105
13200	4	41130	260
13201	4	41131	680
13202	4	41132	214
13203	4	41133	504
13204	4	41134	-243
13205	4	41135	-399
13206	4	41136	-74
13207	4	41137	688
13208	4	41138	-224
13209	4	41139	-224
13210	4	41140	228
13211	4	41141	77
13212	4	41142	174
13213	4	41143	102
13214	4	41144	-769
13215	4	41145	128
13216	4	41146	-350
13217	4	41147	-554
13218	4	41148	199
13219	4	41149	-109
13220	4	41150	-423
13221	4	41151	-345
13222	4	41152	-546
13223	4	41153	343
13224	4	41154	-596
13225	4	41155	517
13226	4	41156	-29
13227	4	41157	166
13228	4	41158	502
13229	4	41159	-465
13230	4	41160	124
13231	4	41161	-352
13232	4	41162	-369
13233	4	41163	446
13234	4	41164	151
13235	4	41165	162
13236	4	41166	174
13237	4	41167	-62
13238	4	41168	59
13239	4	41169	34
13240	4	41170	-250
13241	4	41171	380
13242	4	41172	304
13243	4	41173	111
13244	4	41174	-357
13245	4	41175	157
13246	4	41176	-188
13247	4	41177	70
13248	4	41178	98
13249	4	41179	-439
13250	4	41180	156
13251	4	41181	326
13252	4	41182	-70
13253	4	41183	-107
13254	4	41184	54
13255	4	41185	184
13256	4	41186	101
13257	4	41187	-41
13258	4	41188	143
13259	4	41189	708
13260	4	41190	440
13261	4	41191	-241
13262	4	41192	-751
13263	4	41193	153
13264	4	41194	728
13265	4	41195	551
13266	4	41196	-18
13267	4	41197	-219
13268	4	41198	141
13269	4	41199	55
13270	4	41200	-493
13271	4	41201	531
13272	4	41202	-333
13273	4	41203	-121
13274	4	41204	407
13275	4	41205	-454
13276	4	41206	-191
13277	4	41207	86
13278	4	41208	-639
13279	4	41209	-75
13280	4	41210	685
13281	4	41211	-52
13282	4	41212	303
13283	4	41213	-25
13284	4	41214	-380
13285	4	41215	-438
13286	4	41216	-506
13287	4	41217	-684
13288	4	41218	-109
13289	4	41219	-56
13290	4	41220	253
13291	4	41221	-206
13292	4	41222	76
13293	4	41223	80
13294	4	41224	-203
13295	4	41225	35
13296	4	41226	301
13297	4	41227	601
13298	4	41228	456
13299	4	41229	112
13300	4	41230	70
13301	4	41231	-417
13302	4	41232	-180
13303	4	41233	100
13304	4	41234	-237
13305	4	41235	-20
13306	4	41236	-332
13307	4	41237	475
13308	4	41238	-52
13309	4	41239	277
13310	4	41240	-863
13311	4	41241	-2
13312	4	41242	-230
13313	4	41243	433
13314	4	41244	-154
13315	4	41245	-54
13316	4	41246	-266
13317	4	41247	-481
13318	4	41248	-69
13319	4	41249	159
13320	4	41250	402
13321	4	41251	-316
13322	4	41252	317
13323	4	41253	-422
13324	4	41254	94
13325	4	41255	-121
13326	4	41256	365
13327	4	41257	156
13328	4	41258	502
13329	4	41259	-84
13330	4	41260	-351
13331	4	41261	-464
13332	4	41262	-216
13333	4	41263	138
13334	4	41264	-268
13335	4	41265	108
13336	4	41266	794
13337	4	41267	359
13338	4	41268	-97
13339	4	41269	275
13340	4	41270	-49
13341	4	41271	15
13342	4	41272	152
13343	4	41273	-507
13344	4	41274	-434
13345	4	41275	87
13346	4	41276	-160
13347	4	41277	200
13348	4	41278	-27
13349	4	41279	-111
13350	4	41280	-82
13351	4	41281	-144
13352	4	41282	-365
13353	4	41283	314
13354	4	41284	276
13355	4	41285	639
13356	4	41286	-119
13357	4	41287	-110
13358	4	41288	-87
13359	4	41289	301
13360	4	41290	168
13361	4	41291	95
13362	4	41292	-65
13363	4	41293	-306
13364	4	41294	-427
13365	4	41295	-96
13366	4	41296	-109
13367	4	41297	159
13368	4	41298	-46
13369	4	41299	229
13370	4	41300	288
13371	4	41301	7
13372	4	41302	-387
13373	4	41303	639
13374	4	41304	135
13375	4	41305	28
13376	4	41306	-223
13377	4	41307	858
13378	4	41308	707
13379	4	41309	-484
13380	4	41310	-268
13381	4	41311	-88
13382	4	41312	343
13383	4	41313	287
13384	4	41314	412
13385	4	41315	-110
13386	4	41316	-768
13387	4	41317	266
13388	4	41318	-463
13389	4	41319	714
13390	4	41320	-353
13391	4	41321	-607
13392	4	41322	194
13393	4	41323	-520
13394	4	41324	-306
13395	4	41325	51
13396	4	41326	-355
13397	4	41327	192
13398	4	41328	295
13399	4	41329	-925
13400	4	41330	52
13401	4	41331	-124
13402	4	41332	-49
13403	4	41333	529
13404	4	41334	239
13405	4	41335	127
13406	4	41336	488
13407	4	41337	-313
13408	4	41338	-623
13409	4	41339	-109
13410	4	41340	127
13411	4	41341	-102
13412	4	41342	41
13413	4	41343	38
13414	4	41344	-104
13415	4	41345	331
13416	4	41346	-53
13417	4	41347	-187
13418	4	41348	495
13419	4	41349	-448
13420	4	41350	-510
13421	4	41351	-49
13422	4	41352	-392
13423	4	41353	-71
13424	4	41354	677
13425	4	41355	615
13426	4	41356	-823
13427	4	41357	-386
13428	4	41358	-61
13429	4	41359	617
13430	4	41360	211
13431	4	41361	-5
13432	4	41362	-398
13433	4	41363	-851
13434	4	41364	534
13435	4	41365	-103
13436	4	41366	875
13437	4	41367	-796
13438	4	41368	139
13439	4	41369	-123
13440	4	41370	-183
13441	4	41371	591
13442	4	41372	-281
13443	4	41373	39
13444	4	41374	-703
13445	4	41375	829
13446	4	41376	158
13447	4	41377	365
13448	4	41378	1001
13449	4	41379	148
13450	4	41380	673
13451	4	41381	700
13452	4	41382	151
13453	4	41383	-416
13454	4	41384	-607
13455	4	41385	-449
13456	4	41386	-155
13457	4	41387	-906
13458	4	41388	80
13459	4	41389	288
13460	4	41390	-244
13461	4	41391	16
13462	4	41392	-50
13463	4	41393	-404
13464	4	41394	146
13465	4	41395	-892
13466	4	41396	120
13467	4	41397	465
13468	4	41398	191
13469	4	41399	91
13470	4	41400	-20
13471	4	41401	-226
13472	4	41402	-399
13473	4	41403	386
13474	4	41404	259
13475	4	41405	-30
13476	4	41406	703
13477	4	41407	249
13478	4	41408	-481
13479	4	41409	-439
13480	4	41410	203
13481	4	41411	-25
13482	4	41412	-130
13483	4	41413	152
13484	4	41414	470
13485	4	41415	-438
13486	4	41416	157
13487	4	41417	-125
13488	4	41418	-543
13489	4	41419	556
13490	4	41420	63
13491	4	41421	-217
13492	4	41422	436
13493	4	41423	-338
13494	4	41424	208
13495	4	41425	192
13496	4	41426	217
13497	4	41427	206
13498	4	41428	-374
13499	4	41429	-105
13500	4	41430	260
13501	4	41431	680
13502	4	41432	214
13503	4	41433	504
13504	4	41434	-243
13505	4	41435	-399
13506	4	41436	-74
13507	4	41437	688
13508	4	41438	-224
13509	4	41439	-224
13510	4	41440	228
13511	4	41441	77
13512	4	41442	174
13513	4	41443	102
13514	4	41444	-769
13515	4	41445	128
13516	4	41446	-350
13517	4	41447	-554
13518	4	41448	199
13519	4	41449	-109
13520	4	41450	-423
13521	4	41451	-345
13522	4	41452	-546
13523	4	41453	343
13524	4	41454	-596
13525	4	41455	517
13526	4	41456	-29
13527	4	41457	166
13528	4	41458	502
13529	4	41459	-465
13530	4	41460	-82
13531	4	41461	-144
13532	4	41462	-365
13533	4	41463	314
13534	4	41464	276
13535	4	41465	639
13536	4	41466	-119
13537	4	41467	-110
13538	4	41468	-87
13539	4	41469	301
13540	4	41470	168
13541	4	41471	95
13542	4	41472	-65
13543	4	41473	-306
13544	4	41474	-427
13545	4	41475	-96
13546	4	41476	-109
13547	4	41477	159
13548	4	41478	-46
13549	4	41479	229
13550	4	41480	288
13551	4	41481	7
13552	4	41482	-387
13553	4	41483	639
13554	4	41484	135
13555	4	41485	28
13556	4	41486	-223
13557	4	41487	858
13558	4	41488	707
13559	4	41489	-484
13560	4	41490	-268
13561	4	41491	-88
13562	4	41492	343
13563	4	41493	287
13564	4	41494	412
13565	4	41495	-110
13566	4	41496	-768
13567	4	41497	266
13568	4	41498	-463
13569	4	41499	714
13570	4	41500	-353
13571	4	41501	-607
13572	4	41502	194
13573	4	41503	-520
13574	4	41504	-306
13575	4	41505	51
13576	4	41506	-355
13577	4	41507	192
13578	4	41508	295
13579	4	41509	-925
13580	4	41510	52
13581	4	41511	-124
13582	4	41512	-49
13583	4	41513	529
13584	4	41514	239
13585	4	41515	127
13586	4	41516	488
13587	4	41517	-313
13588	4	41518	-623
13589	4	41519	-109
13590	4	41520	33
13591	4	41521	468
13592	4	41522	812
13593	4	41523	-791
13594	4	41524	-522
13595	4	41525	-664
13596	4	41526	-445
13597	4	41527	-50
13598	4	41528	428
13599	4	41529	419
13600	4	41530	77
13601	4	41531	191
13602	4	41532	538
13603	4	41533	-185
13604	4	41534	-426
13605	4	41535	-387
13606	4	41536	630
13607	4	41537	-518
13608	4	41538	251
13609	4	41539	-697
13610	4	41540	-130
13611	4	41541	191
13612	4	41542	-252
13613	4	41543	352
13614	4	41544	-914
13615	4	41545	172
13616	4	41546	-293
13617	4	41547	-55
13618	4	41548	-801
13619	4	41549	10
13620	4	41550	-315
13621	4	41551	-350
13622	4	41552	-120
13623	4	41553	-292
13624	4	41554	-528
13625	4	41555	-349
13626	4	41556	285
13627	4	41557	-258
13628	4	41558	-355
13629	4	41559	-20
13630	4	41560	646
13631	4	41561	-144
13632	4	41562	40
13633	4	41563	1060
13634	4	41564	590
13635	4	41565	109
13636	4	41566	261
13637	4	41567	397
13638	4	41568	-124
13639	4	41569	444
13640	4	41570	337
13641	4	41571	-173
13642	4	41572	169
13643	4	41573	-440
13644	4	41574	470
13645	4	41575	455
13646	4	41576	108
13647	4	41577	208
13648	4	41578	236
13649	4	41579	212
13650	4	41580	253
13651	4	41581	-206
13652	4	41582	76
13653	4	41583	80
13654	4	41584	-203
13655	4	41585	35
13656	4	41586	301
13657	4	41587	601
13658	4	41588	456
13659	4	41589	112
13660	4	41590	70
13661	4	41591	-417
13662	4	41592	-180
13663	4	41593	100
13664	4	41594	-237
13665	4	41595	-20
13666	4	41596	-332
13667	4	41597	475
13668	4	41598	-52
13669	4	41599	277
13670	4	41600	-863
13671	4	41601	-2
13672	4	41602	-230
13673	4	41603	433
13674	4	41604	-154
13675	4	41605	-54
13676	4	41606	-266
13677	4	41607	-481
13678	4	41608	-69
13679	4	41609	159
13680	4	41610	402
13681	4	41611	-316
13682	4	41612	317
13683	4	41613	-422
13684	4	41614	94
13685	4	41615	-121
13686	4	41616	365
13687	4	41617	156
13688	4	41618	502
13689	4	41619	-84
13690	4	41620	-351
13691	4	41621	-464
13692	4	41622	-216
13693	4	41623	138
13694	4	41624	-268
13695	4	41625	108
13696	4	41626	794
13697	4	41627	359
13698	4	41628	-97
13699	4	41629	275
13700	4	41630	-49
13701	4	41631	15
13702	4	41632	152
13703	4	41633	-507
13704	4	41634	-434
13705	4	41635	87
13706	4	41636	-160
13707	4	41637	200
13708	4	41638	-27
13709	4	41639	-111
13710	4	41640	-252
13711	4	41641	174
13712	4	41642	-127
13713	4	41643	-29
13714	4	41644	234
13715	4	41645	-240
13716	4	41646	32
13717	4	41647	112
13718	4	41648	-1030
13719	4	41649	-208
13720	4	41650	169
13721	4	41651	-17
13722	4	41652	26
13723	4	41653	477
13724	4	41654	115
13725	4	41655	-215
13726	4	41656	510
13727	4	41657	547
13728	4	41658	10
13729	4	41659	-386
13730	4	41660	124
13731	4	41661	-390
13732	4	41662	777
13733	4	41663	-17
13734	4	41664	479
13735	4	41665	-231
13736	4	41666	-587
13737	4	41667	437
13738	4	41668	438
13739	4	41669	140
13740	4	41670	67
13741	4	41671	-676
13742	4	41672	159
13743	4	41673	383
13744	4	41674	859
13745	4	41675	-722
13746	4	41676	-410
13747	4	41677	-583
13748	4	41678	-585
13749	4	41679	-226
13750	4	41680	-869
13751	4	41681	-88
13752	4	41682	-48
13753	4	41683	-567
13754	4	41684	599
13755	4	41685	589
13756	4	41686	-313
13757	4	41687	781
13758	4	41688	154
13759	4	41689	-122
13760	4	41690	-169
13761	4	41691	345
13762	4	41692	314
13763	4	41693	890
13764	4	41694	-61
13765	4	41695	579
13766	4	41696	-382
13767	4	41697	-520
13768	4	41698	-142
13769	4	41699	-306
13770	4	41700	124
13771	4	41701	-352
13772	4	41702	-369
13773	4	41703	446
13774	4	41704	151
13775	4	41705	162
13776	4	41706	174
13777	4	41707	-62
13778	4	41708	59
13779	4	41709	34
13780	4	41710	-250
13781	4	41711	380
13782	4	41712	304
13783	4	41713	111
13784	4	41714	-357
13785	4	41715	157
13786	4	41716	-188
13787	4	41717	70
13788	4	41718	98
13789	4	41719	-439
13790	4	41720	156
13791	4	41721	326
13792	4	41722	-70
13793	4	41723	-107
13794	4	41724	54
13795	4	41725	184
13796	4	41726	101
13797	4	41727	-41
13798	4	41728	143
13799	4	41729	708
13800	4	41730	440
13801	4	41731	-241
13802	4	41732	-751
13803	4	41733	153
13804	4	41734	728
13805	4	41735	551
13806	4	41736	-18
13807	4	41737	-219
13808	4	41738	141
13809	4	41739	55
13810	4	41740	-493
13811	4	41741	531
13812	4	41742	-333
13813	4	41743	-121
13814	4	41744	407
13815	4	41745	-454
13816	4	41746	-191
13817	4	41747	86
13818	4	41748	-639
13819	4	41749	-75
13820	4	41750	685
13821	4	41751	-52
13822	4	41752	303
13823	4	41753	-25
13824	4	41754	-380
13825	4	41755	-438
13826	4	41756	-506
13827	4	41757	-684
13828	4	41758	-109
13829	4	41759	-56
13830	4	41760	331
13831	4	41761	-823
13832	4	41762	-796
13833	4	41763	1001
13834	4	41764	288
13835	4	41765	127
13836	4	41766	-53
13837	4	41767	-386
13838	4	41768	139
13839	4	41769	148
13840	4	41770	-244
13841	4	41771	91
13842	4	41772	80
13843	4	41773	365
13844	4	41774	875
13845	4	41775	615
13846	4	41776	-102
13847	4	41777	-187
13848	4	41778	-61
13849	4	41779	-123
13850	4	41780	673
13851	4	41781	16
13852	4	41782	191
13853	4	41783	-906
13854	4	41784	158
13855	4	41785	-103
13856	4	41786	677
13857	4	41787	41
13858	4	41788	495
13859	4	41789	617
13860	4	41790	-183
13861	4	41791	700
13862	4	41792	-50
13863	4	41793	465
13864	4	41794	-155
13865	4	41795	829
13866	4	41796	534
13867	4	41797	-71
13868	4	41798	38
13869	4	41799	-448
13870	4	41800	211
13871	4	41801	591
13872	4	41802	151
13873	4	41803	-404
13874	4	41804	120
13875	4	41805	-449
13876	4	41806	-703
13877	4	41807	-851
13878	4	41808	-392
13879	4	41809	-104
13880	4	41810	-510
13881	4	41811	-5
13882	4	41812	-281
13883	4	41813	-416
13884	4	41814	146
13885	4	41815	-892
13886	4	41816	-607
13887	4	41817	39
13888	4	41818	-398
13889	4	41819	-49
13890	4	41820	331
13891	4	41821	-823
13892	4	41822	-796
13893	4	41823	1001
13894	4	41824	288
13895	4	41825	127
13896	4	41826	-53
13897	4	41827	-386
13898	4	41828	139
13899	4	41829	148
13900	4	41830	-244
13901	4	41831	91
13902	4	41832	80
13903	4	41833	365
13904	4	41834	875
13905	4	41835	615
13906	4	41836	-102
13907	4	41837	-187
13908	4	41838	-61
13909	4	41839	-123
13910	4	41840	673
13911	4	41841	16
13912	4	41842	191
13913	4	41843	-906
13914	4	41844	158
13915	4	41845	-103
13916	4	41846	677
13917	4	41847	41
13918	4	41848	495
13919	4	41849	617
13920	4	41850	-183
13921	4	41851	700
13922	4	41852	-50
13923	4	41853	465
13924	4	41854	-155
13925	4	41855	829
13926	4	41856	534
13927	4	41857	-71
13928	4	41858	38
13929	4	41859	-448
13930	4	41860	211
13931	4	41861	591
13932	4	41862	151
13933	4	41863	-404
13934	4	41864	120
13935	4	41865	-449
13936	4	41866	-703
13937	4	41867	-851
13938	4	41868	-392
13939	4	41869	-104
13940	4	41870	-510
13941	4	41871	-5
13942	4	41872	-281
13943	4	41873	-416
13944	4	41874	146
13945	4	41875	-892
13946	4	41876	-607
13947	4	41877	39
13948	4	41878	-398
13949	4	41879	-49
13950	4	41880	331
13951	4	41881	-823
13952	4	41882	-796
13953	4	41883	1001
13954	4	41884	288
13955	4	41885	127
13956	4	41886	-53
13957	4	41887	-386
13958	4	41888	139
13959	4	41889	148
13960	4	41890	-244
13961	4	41891	91
13962	4	41892	80
13963	4	41893	365
13964	4	41894	875
13965	4	41895	615
13966	4	41896	-102
13967	4	41897	-187
13968	4	41898	-61
13969	4	41899	-123
13970	4	41900	673
13971	4	41901	16
13972	4	41902	191
13973	4	41903	-906
13974	4	41904	158
13975	4	41905	-103
13976	4	41906	677
13977	4	41907	41
13978	4	41908	495
13979	4	41909	617
13980	4	41910	-183
13981	4	41911	700
13982	4	41912	-50
13983	4	41913	465
13984	4	41914	-155
13985	4	41915	829
13986	4	41916	534
13987	4	41917	-71
13988	4	41918	38
13989	4	41919	-448
13990	4	41920	211
13991	4	41921	591
13992	4	41922	151
13993	4	41923	-404
13994	4	41924	120
13995	4	41925	-449
13996	4	41926	-703
13997	4	41927	-851
13998	4	41928	-392
13999	4	41929	-104
14000	4	41930	-510
14001	4	41931	-5
14002	4	41932	-281
14003	4	41933	-416
14004	4	41934	146
14005	4	41935	-892
14006	4	41936	-607
14007	4	41937	39
14008	4	41938	-398
14009	4	41939	-49
14010	4	41940	-234
14011	4	41941	155
14012	4	41942	-127
14013	4	41943	-17
14014	4	41944	223
14015	4	41945	-183
14016	4	41946	-594
14017	4	41947	-223
14018	4	41948	-183
14019	4	41949	-363
14020	4	41950	-188
14021	4	41951	745
14022	4	41952	132
14023	4	41953	-415
14024	4	41954	175
14025	4	41955	384
14026	4	41956	387
14027	4	41957	-553
14028	4	41958	344
14029	4	41959	-305
14030	4	41960	519
14031	4	41961	318
14032	4	41962	-28
14033	4	41963	-356
14034	4	41964	462
14035	4	41965	-186
14036	4	41966	185
14037	4	41967	331
14038	4	41968	160
14039	4	41969	-157
14040	4	41970	-405
14041	4	41971	-5
14042	4	41972	-293
14043	4	41973	479
14044	4	41974	309
14045	4	41975	319
14046	4	41976	-342
14047	4	41977	-279
14048	4	41978	-444
14049	4	41979	229
14050	4	41980	151
14051	4	41981	401
14052	4	41982	38
14053	4	41983	-385
14054	4	41984	361
14055	4	41985	-82
14056	4	41986	-617
14057	4	41987	-112
14058	4	41988	-100
14059	4	41989	-92
14060	4	41990	73
14061	4	41991	91
14062	4	41992	119
14063	4	41993	325
14064	4	41994	617
14065	4	41995	-435
14066	4	41996	354
14067	4	41997	-651
14068	4	41998	125
14069	4	41999	-159
14070	4	42000	-664
14071	4	42001	630
14072	4	42002	-55
14073	4	42003	-355
14074	4	42004	444
14075	4	42005	33
14076	4	42006	-445
14077	4	42007	-518
14078	4	42008	-801
14079	4	42009	-20
14080	4	42010	337
14081	4	42011	212
14082	4	42012	-124
14083	4	42013	-258
14084	4	42014	-293
14085	4	42015	-387
14086	4	42016	468
14087	4	42017	-50
14088	4	42018	251
14089	4	42019	10
14090	4	42020	646
14091	4	42021	-173
14092	4	42022	236
14093	4	42023	397
14094	4	42024	285
14095	4	42025	172
14096	4	42026	-426
14097	4	42027	812
14098	4	42028	428
14099	4	42029	-697
14100	4	42030	-315
14101	4	42031	-144
14102	4	42032	169
14103	4	42033	208
14104	4	42034	261
14105	4	42035	-349
14106	4	42036	-914
14107	4	42037	-185
14108	4	42038	-791
14109	4	42039	419
14110	4	42040	-130
14111	4	42041	-350
14112	4	42042	40
14113	4	42043	-440
14114	4	42044	108
14115	4	42045	109
14116	4	42046	-528
14117	4	42047	352
14118	4	42048	538
14119	4	42049	-522
14120	4	42050	77
14121	4	42051	191
14122	4	42052	-120
14123	4	42053	1060
14124	4	42054	470
14125	4	42055	455
14126	4	42056	590
14127	4	42057	-292
14128	4	42058	-252
14129	4	42059	191
14130	4	42060	-240
14131	4	42061	510
14132	4	42062	437
14133	4	42063	-585
14134	4	42064	-122
14135	4	42065	-252
14136	4	42066	32
14137	4	42067	547
14138	4	42068	438
14139	4	42069	-226
14140	4	42070	-169
14141	4	42071	-306
14142	4	42072	154
14143	4	42073	-583
14144	4	42074	-587
14145	4	42075	-215
14146	4	42076	174
14147	4	42077	112
14148	4	42078	10
14149	4	42079	140
14150	4	42080	-869
14151	4	42081	345
14152	4	42082	-142
14153	4	42083	781
14154	4	42084	-410
14155	4	42085	-231
14156	4	42086	115
14157	4	42087	-127
14158	4	42088	-1030
14159	4	42089	-386
14160	4	42090	67
14161	4	42091	-88
14162	4	42092	314
14163	4	42093	-520
14164	4	42094	-313
14165	4	42095	-722
14166	4	42096	479
14167	4	42097	477
14168	4	42098	-29
14169	4	42099	-208
14170	4	42100	124
14171	4	42101	-676
14172	4	42102	-48
14173	4	42103	890
14174	4	42104	-382
14175	4	42105	589
14176	4	42106	859
14177	4	42107	-17
14178	4	42108	26
14179	4	42109	234
14180	4	42110	169
14181	4	42111	-390
14182	4	42112	159
14183	4	42113	-567
14184	4	42114	-61
14185	4	42115	579
14186	4	42116	599
14187	4	42117	383
14188	4	42118	777
14189	4	42119	-17
14190	4	42120	-30
14191	4	42121	157
14192	4	42122	206
14193	4	42123	-224
14194	4	42124	-109
14195	4	42125	-20
14196	4	42126	703
14197	4	42127	-125
14198	4	42128	-374
14199	4	42129	-224
14200	4	42130	-423
14201	4	42131	-465
14202	4	42132	199
14203	4	42133	688
14204	4	42134	217
14205	4	42135	-438
14206	4	42136	-226
14207	4	42137	249
14208	4	42138	-543
14209	4	42139	-105
14210	4	42140	228
14211	4	42141	-345
14212	4	42142	502
14213	4	42143	-554
14214	4	42144	-74
14215	4	42145	192
14216	4	42146	470
14217	4	42147	-399
14218	4	42148	-481
14219	4	42149	556
14220	4	42150	260
14221	4	42151	77
14222	4	42152	-546
14223	4	42153	166
14224	4	42154	-350
14225	4	42155	-399
14226	4	42156	208
14227	4	42157	152
14228	4	42158	386
14229	4	42159	-439
14230	4	42160	63
14231	4	42161	680
14232	4	42162	174
14233	4	42163	343
14234	4	42164	-29
14235	4	42165	128
14236	4	42166	-243
14237	4	42167	-338
14238	4	42168	-130
14239	4	42169	259
14240	4	42170	203
14241	4	42171	-217
14242	4	42172	214
14243	4	42173	102
14244	4	42174	-596
14245	4	42175	517
14246	4	42176	-769
14247	4	42177	504
14248	4	42178	436
14249	4	42179	-25
14250	4	42180	162
14251	4	42181	-188
14252	4	42182	-41
14253	4	42183	141
14254	4	42184	-75
14255	4	42185	124
14256	4	42186	174
14257	4	42187	70
14258	4	42188	143
14259	4	42189	55
14260	4	42190	685
14261	4	42191	-56
14262	4	42192	-639
14263	4	42193	-219
14264	4	42194	101
14265	4	42195	157
14266	4	42196	-352
14267	4	42197	-62
14268	4	42198	98
14269	4	42199	708
14270	4	42200	-493
14271	4	42201	-52
14272	4	42202	-109
14273	4	42203	86
14274	4	42204	-18
14275	4	42205	184
14276	4	42206	-357
14277	4	42207	-369
14278	4	42208	59
14279	4	42209	-439
14280	4	42210	440
14281	4	42211	531
14282	4	42212	303
14283	4	42213	-684
14284	4	42214	-191
14285	4	42215	551
14286	4	42216	54
14287	4	42217	111
14288	4	42218	446
14289	4	42219	34
14290	4	42220	156
14291	4	42221	-241
14292	4	42222	-333
14293	4	42223	-25
14294	4	42224	-506
14295	4	42225	-454
14296	4	42226	728
14297	4	42227	-107
14298	4	42228	304
14299	4	42229	151
14300	4	42230	-250
14301	4	42231	326
14302	4	42232	-751
14303	4	42233	-121
14304	4	42234	-380
14305	4	42235	-438
14306	4	42236	407
14307	4	42237	153
14308	4	42238	-70
14309	4	42239	380
14310	4	42240	639
14311	4	42241	-109
14312	4	42242	858
14313	4	42243	-463
14314	4	42244	-925
14315	4	42245	-82
14316	4	42246	-119
14317	4	42247	159
14318	4	42248	707
14319	4	42249	714
14320	4	42250	52
14321	4	42251	-109
14322	4	42252	295
14323	4	42253	266
14324	4	42254	-223
14325	4	42255	-96
14326	4	42256	-144
14327	4	42257	-110
14328	4	42258	-46
14329	4	42259	-484
14330	4	42260	-353
14331	4	42261	-124
14332	4	42262	-623
14333	4	42263	192
14334	4	42264	-768
14335	4	42265	28
14336	4	42266	-427
14337	4	42267	-365
14338	4	42268	-87
14339	4	42269	229
14340	4	42270	-268
14341	4	42271	-607
14342	4	42272	-49
14343	4	42273	-313
14344	4	42274	-355
14345	4	42275	-110
14346	4	42276	135
14347	4	42277	-306
14348	4	42278	314
14349	4	42279	301
14350	4	42280	288
14351	4	42281	-88
14352	4	42282	194
14353	4	42283	529
14354	4	42284	488
14355	4	42285	51
14356	4	42286	412
14357	4	42287	639
14358	4	42288	-65
14359	4	42289	276
14360	4	42290	168
14361	4	42291	7
14362	4	42292	343
14363	4	42293	-520
14364	4	42294	239
14365	4	42295	127
14366	4	42296	-306
14367	4	42297	287
14368	4	42298	-387
14369	4	42299	95
14370	4	42300	35
14371	4	42301	-332
14372	4	42302	-481
14373	4	42303	502
14374	4	42304	275
14375	4	42305	253
14376	4	42306	301
14377	4	42307	475
14378	4	42308	-69
14379	4	42309	-84
14380	4	42310	-49
14381	4	42311	-111
14382	4	42312	-97
14383	4	42313	156
14384	4	42314	-266
14385	4	42315	-20
14386	4	42316	-206
14387	4	42317	601
14388	4	42318	-52
14389	4	42319	159
14390	4	42320	-351
14391	4	42321	15
14392	4	42322	-27
14393	4	42323	359
14394	4	42324	365
14395	4	42325	-54
14396	4	42326	-237
14397	4	42327	76
14398	4	42328	456
14399	4	42329	277
14400	4	42330	402
14401	4	42331	-464
14402	4	42332	152
14403	4	42333	200
14404	4	42334	794
14405	4	42335	-121
14406	4	42336	-154
14407	4	42337	100
14408	4	42338	80
14409	4	42339	112
14410	4	42340	-863
14411	4	42341	-316
14412	4	42342	-216
14413	4	42343	-507
14414	4	42344	-160
14415	4	42345	108
14416	4	42346	94
14417	4	42347	433
14418	4	42348	-180
14419	4	42349	-203
14420	4	42350	70
14421	4	42351	-2
14422	4	42352	317
14423	4	42353	138
14424	4	42354	-434
14425	4	42355	87
14426	4	42356	-268
14427	4	42357	-422
14428	4	42358	-230
14429	4	42359	-417
14430	4	42360	-234
14431	4	42361	155
14432	4	42362	-127
14433	4	42363	-17
14434	4	42364	223
14435	4	42365	-183
14436	4	42366	-594
14437	4	42367	-223
14438	4	42368	-183
14439	4	42369	-363
14440	4	42370	-188
14441	4	42371	745
14442	4	42372	132
14443	4	42373	-415
14444	4	42374	175
14445	4	42375	384
14446	4	42376	387
14447	4	42377	-553
14448	4	42378	344
14449	4	42379	-305
14450	4	42380	519
14451	4	42381	318
14452	4	42382	-28
14453	4	42383	-356
14454	4	42384	462
14455	4	42385	-186
14456	4	42386	185
14457	4	42387	331
14458	4	42388	160
14459	4	42389	-157
14460	4	42390	-405
14461	4	42391	-5
14462	4	42392	-293
14463	4	42393	479
14464	4	42394	309
14465	4	42395	319
14466	4	42396	-342
14467	4	42397	-279
14468	4	42398	-444
14469	4	42399	229
14470	4	42400	151
14471	4	42401	401
14472	4	42402	38
14473	4	42403	-385
14474	4	42404	361
14475	4	42405	-82
14476	4	42406	-617
14477	4	42407	-112
14478	4	42408	-100
14479	4	42409	-92
14480	4	42410	73
14481	4	42411	91
14482	4	42412	119
14483	4	42413	325
14484	4	42414	617
14485	4	42415	-435
14486	4	42416	354
14487	4	42417	-651
14488	4	42418	125
14489	4	42419	-159
14490	4	42420	162
14491	4	42421	-188
14492	4	42422	-41
14493	4	42423	141
14494	4	42424	-75
14495	4	42425	124
14496	4	42426	174
14497	4	42427	70
14498	4	42428	143
14499	4	42429	55
14500	4	42430	685
14501	4	42431	-56
14502	4	42432	-639
14503	4	42433	-219
14504	4	42434	101
14505	4	42435	157
14506	4	42436	-352
14507	4	42437	-62
14508	4	42438	98
14509	4	42439	708
14510	4	42440	-493
14511	4	42441	-52
14512	4	42442	-109
14513	4	42443	86
14514	4	42444	-18
14515	4	42445	184
14516	4	42446	-357
14517	4	42447	-369
14518	4	42448	59
14519	4	42449	-439
14520	4	42450	440
14521	4	42451	531
14522	4	42452	303
14523	4	42453	-684
14524	4	42454	-191
14525	4	42455	551
14526	4	42456	54
14527	4	42457	111
14528	4	42458	446
14529	4	42459	34
14530	4	42460	156
14531	4	42461	-241
14532	4	42462	-333
14533	4	42463	-25
14534	4	42464	-506
14535	4	42465	-454
14536	4	42466	728
14537	4	42467	-107
14538	4	42468	304
14539	4	42469	151
14540	4	42470	-250
14541	4	42471	326
14542	4	42472	-751
14543	4	42473	-121
14544	4	42474	-380
14545	4	42475	-438
14546	4	42476	407
14547	4	42477	153
14548	4	42478	-70
14549	4	42479	380
14550	4	42480	-664
14551	4	42481	630
14552	4	42482	-55
14553	4	42483	-355
14554	4	42484	444
14555	4	42485	33
14556	4	42486	-445
14557	4	42487	-518
14558	4	42488	-801
14559	4	42489	-20
14560	4	42490	337
14561	4	42491	212
14562	4	42492	-124
14563	4	42493	-258
14564	4	42494	-293
14565	4	42495	-387
14566	4	42496	468
14567	4	42497	-50
14568	4	42498	251
14569	4	42499	10
14570	4	42500	646
14571	4	42501	-173
14572	4	42502	236
14573	4	42503	397
14574	4	42504	285
14575	4	42505	172
14576	4	42506	-426
14577	4	42507	812
14578	4	42508	428
14579	4	42509	-697
14580	4	42510	-315
14581	4	42511	-144
14582	4	42512	169
14583	4	42513	208
14584	4	42514	261
14585	4	42515	-349
14586	4	42516	-914
14587	4	42517	-185
14588	4	42518	-791
14589	4	42519	419
14590	4	42520	-130
14591	4	42521	-350
14592	4	42522	40
14593	4	42523	-440
14594	4	42524	108
14595	4	42525	109
14596	4	42526	-528
14597	4	42527	352
14598	4	42528	538
14599	4	42529	-522
14600	4	42530	77
14601	4	42531	191
14602	4	42532	-120
14603	4	42533	1060
14604	4	42534	470
14605	4	42535	455
14606	4	42536	590
14607	4	42537	-292
14608	4	42538	-252
14609	4	42539	191
14610	4	42540	639
14611	4	42541	-109
14612	4	42542	858
14613	4	42543	-463
14614	4	42544	-925
14615	4	42545	-82
14616	4	42546	-119
14617	4	42547	159
14618	4	42548	707
14619	4	42549	714
14620	4	42550	52
14621	4	42551	-109
14622	4	42552	295
14623	4	42553	266
14624	4	42554	-223
14625	4	42555	-96
14626	4	42556	-144
14627	4	42557	-110
14628	4	42558	-46
14629	4	42559	-484
14630	4	42560	-353
14631	4	42561	-124
14632	4	42562	-623
14633	4	42563	192
14634	4	42564	-768
14635	4	42565	28
14636	4	42566	-427
14637	4	42567	-365
14638	4	42568	-87
14639	4	42569	229
14640	4	42570	-268
14641	4	42571	-607
14642	4	42572	-49
14643	4	42573	-313
14644	4	42574	-355
14645	4	42575	-110
14646	4	42576	135
14647	4	42577	-306
14648	4	42578	314
14649	4	42579	301
14650	4	42580	288
14651	4	42581	-88
14652	4	42582	194
14653	4	42583	529
14654	4	42584	488
14655	4	42585	51
14656	4	42586	412
14657	4	42587	639
14658	4	42588	-65
14659	4	42589	276
14660	4	42590	168
14661	4	42591	7
14662	4	42592	343
14663	4	42593	-520
14664	4	42594	239
14665	4	42595	127
14666	4	42596	-306
14667	4	42597	287
14668	4	42598	-387
14669	4	42599	95
14670	4	42600	-240
14671	4	42601	510
14672	4	42602	437
14673	4	42603	-585
14674	4	42604	-122
14675	4	42605	-252
14676	4	42606	32
14677	4	42607	547
14678	4	42608	438
14679	4	42609	-226
14680	4	42610	-169
14681	4	42611	-306
14682	4	42612	154
14683	4	42613	-583
14684	4	42614	-587
14685	4	42615	-215
14686	4	42616	174
14687	4	42617	112
14688	4	42618	10
14689	4	42619	140
14690	4	42620	-869
14691	4	42621	345
14692	4	42622	-142
14693	4	42623	781
14694	4	42624	-410
14695	4	42625	-231
14696	4	42626	115
14697	4	42627	-127
14698	4	42628	-1030
14699	4	42629	-386
14700	4	42630	67
14701	4	42631	-88
14702	4	42632	314
14703	4	42633	-520
14704	4	42634	-313
14705	4	42635	-722
14706	4	42636	479
14707	4	42637	477
14708	4	42638	-29
14709	4	42639	-208
14710	4	42640	124
14711	4	42641	-676
14712	4	42642	-48
14713	4	42643	890
14714	4	42644	-382
14715	4	42645	589
14716	4	42646	859
14717	4	42647	-17
14718	4	42648	26
14719	4	42649	234
14720	4	42650	169
14721	4	42651	-390
14722	4	42652	159
14723	4	42653	-567
14724	4	42654	-61
14725	4	42655	579
14726	4	42656	599
14727	4	42657	383
14728	4	42658	777
14729	4	42659	-17
14730	4	42660	35
14731	4	42661	-332
14732	4	42662	-481
14733	4	42663	502
14734	4	42664	275
14735	4	42665	253
14736	4	42666	301
14737	4	42667	475
14738	4	42668	-69
14739	4	42669	-84
14740	4	42670	-49
14741	4	42671	-111
14742	4	42672	-97
14743	4	42673	156
14744	4	42674	-266
14745	4	42675	-20
14746	4	42676	-206
14747	4	42677	601
14748	4	42678	-52
14749	4	42679	159
14750	4	42680	-351
14751	4	42681	15
14752	4	42682	-27
14753	4	42683	359
14754	4	42684	365
14755	4	42685	-54
14756	4	42686	-237
14757	4	42687	76
14758	4	42688	456
14759	4	42689	277
14760	4	42690	402
14761	4	42691	-464
14762	4	42692	152
14763	4	42693	200
14764	4	42694	794
14765	4	42695	-121
14766	4	42696	-154
14767	4	42697	100
14768	4	42698	80
14769	4	42699	112
14770	4	42700	-863
14771	4	42701	-316
14772	4	42702	-216
14773	4	42703	-507
14774	4	42704	-160
14775	4	42705	108
14776	4	42706	94
14777	4	42707	433
14778	4	42708	-180
14779	4	42709	-203
14780	4	42710	70
14781	4	42711	-2
14782	4	42712	317
14783	4	42713	138
14784	4	42714	-434
14785	4	42715	87
14786	4	42716	-268
14787	4	42717	-422
14788	4	42718	-230
14789	4	42719	-417
14790	4	42720	-30
14791	4	42721	157
14792	4	42722	206
14793	4	42723	-224
14794	4	42724	-109
14795	4	42725	-20
14796	4	42726	703
14797	4	42727	-125
14798	4	42728	-374
14799	4	42729	-224
14800	4	42730	-423
14801	4	42731	-465
14802	4	42732	199
14803	4	42733	688
14804	4	42734	217
14805	4	42735	-438
14806	4	42736	-226
14807	4	42737	249
14808	4	42738	-543
14809	4	42739	-105
14810	4	42740	228
14811	4	42741	-345
14812	4	42742	502
14813	4	42743	-554
14814	4	42744	-74
14815	4	42745	192
14816	4	42746	470
14817	4	42747	-399
14818	4	42748	-481
14819	4	42749	556
14820	4	42750	260
14821	4	42751	77
14822	4	42752	-546
14823	4	42753	166
14824	4	42754	-350
14825	4	42755	-399
14826	4	42756	208
14827	4	42757	152
14828	4	42758	386
14829	4	42759	-439
14830	4	42760	63
14831	4	42761	680
14832	4	42762	174
14833	4	42763	343
14834	4	42764	-29
14835	4	42765	128
14836	4	42766	-243
14837	4	42767	-338
14838	4	42768	-130
14839	4	42769	259
14840	4	42770	203
14841	4	42771	-217
14842	4	42772	214
14843	4	42773	102
14844	4	42774	-596
14845	4	42775	517
14846	4	42776	-769
14847	4	42777	504
14848	4	42778	436
14849	4	42779	-25
14850	4	42780	-234
14851	4	42781	155
14852	4	42782	-127
14853	4	42783	-17
14854	4	42784	223
14855	4	42785	-183
14856	4	42786	-594
14857	4	42787	-223
14858	4	42788	-183
14859	4	42789	-363
14860	4	42790	-188
14861	4	42791	745
14862	4	42792	132
14863	4	42793	-415
14864	4	42794	175
14865	4	42795	384
14866	4	42796	387
14867	4	42797	-553
14868	4	42798	344
14869	4	42799	-305
14870	4	42800	519
14871	4	42801	318
14872	4	42802	-28
14873	4	42803	-356
14874	4	42804	462
14875	4	42805	-186
14876	4	42806	185
14877	4	42807	331
14878	4	42808	160
14879	4	42809	-157
14880	4	42810	-405
14881	4	42811	-5
14882	4	42812	-293
14883	4	42813	479
14884	4	42814	309
14885	4	42815	319
14886	4	42816	-342
14887	4	42817	-279
14888	4	42818	-444
14889	4	42819	229
14890	4	42820	151
14891	4	42821	401
14892	4	42822	38
14893	4	42823	-385
14894	4	42824	361
14895	4	42825	-82
14896	4	42826	-617
14897	4	42827	-112
14898	4	42828	-100
14899	4	42829	-92
14900	4	42830	73
14901	4	42831	91
14902	4	42832	119
14903	4	42833	325
14904	4	42834	617
14905	4	42835	-435
14906	4	42836	354
14907	4	42837	-651
14908	4	42838	125
14909	4	42839	-159
14910	4	42840	639
14911	4	42841	-109
14912	4	42842	858
14913	4	42843	-463
14914	4	42844	-925
14915	4	42845	-82
14916	4	42846	-119
14917	4	42847	159
14918	4	42848	707
14919	4	42849	714
14920	4	42850	52
14921	4	42851	-109
14922	4	42852	295
14923	4	42853	266
14924	4	42854	-223
14925	4	42855	-96
14926	4	42856	-144
14927	4	42857	-110
14928	4	42858	-46
14929	4	42859	-484
14930	4	42860	-353
14931	4	42861	-124
14932	4	42862	-623
14933	4	42863	192
14934	4	42864	-768
14935	4	42865	28
14936	4	42866	-427
14937	4	42867	-365
14938	4	42868	-87
14939	4	42869	229
14940	4	42870	-268
14941	4	42871	-607
14942	4	42872	-49
14943	4	42873	-313
14944	4	42874	-355
14945	4	42875	-110
14946	4	42876	135
14947	4	42877	-306
14948	4	42878	314
14949	4	42879	301
14950	4	42880	288
14951	4	42881	-88
14952	4	42882	194
14953	4	42883	529
14954	4	42884	488
14955	4	42885	51
14956	4	42886	412
14957	4	42887	639
14958	4	42888	-65
14959	4	42889	276
14960	4	42890	168
14961	4	42891	7
14962	4	42892	343
14963	4	42893	-520
14964	4	42894	239
14965	4	42895	127
14966	4	42896	-306
14967	4	42897	287
14968	4	42898	-387
14969	4	42899	95
14970	4	42900	-30
14971	4	42901	157
14972	4	42902	206
14973	4	42903	-224
14974	4	42904	-109
14975	4	42905	-20
14976	4	42906	703
14977	4	42907	-125
14978	4	42908	-374
14979	4	42909	-224
14980	4	42910	-423
14981	4	42911	-465
14982	4	42912	199
14983	4	42913	688
14984	4	42914	217
14985	4	42915	-438
14986	4	42916	-226
14987	4	42917	249
14988	4	42918	-543
14989	4	42919	-105
14990	4	42920	228
14991	4	42921	-345
14992	4	42922	502
14993	4	42923	-554
14994	4	42924	-74
14995	4	42925	192
14996	4	42926	470
14997	4	42927	-399
14998	4	42928	-481
14999	4	42929	556
15000	4	42930	260
15001	4	42931	77
15002	4	42932	-546
15003	4	42933	166
15004	4	42934	-350
15005	4	42935	-399
15006	4	42936	208
15007	4	42937	152
15008	4	42938	386
15009	4	42939	-439
15010	4	42940	63
15011	4	42941	680
15012	4	42942	174
15013	4	42943	343
15014	4	42944	-29
15015	4	42945	128
15016	4	42946	-243
15017	4	42947	-338
15018	4	42948	-130
15019	4	42949	259
15020	4	42950	203
15021	4	42951	-217
15022	4	42952	214
15023	4	42953	102
15024	4	42954	-596
15025	4	42955	517
15026	4	42956	-769
15027	4	42957	504
15028	4	42958	436
15029	4	42959	-25
15030	4	42960	-664
15031	4	42961	630
15032	4	42962	-55
15033	4	42963	-355
15034	4	42964	444
15035	4	42965	33
15036	4	42966	-445
15037	4	42967	-518
15038	4	42968	-801
15039	4	42969	-20
15040	4	42970	337
15041	4	42971	212
15042	4	42972	-124
15043	4	42973	-258
15044	4	42974	-293
15045	4	42975	-387
15046	4	42976	468
15047	4	42977	-50
15048	4	42978	251
15049	4	42979	10
15050	4	42980	646
15051	4	42981	-173
15052	4	42982	236
15053	4	42983	397
15054	4	42984	285
15055	4	42985	172
15056	4	42986	-426
15057	4	42987	812
15058	4	42988	428
15059	4	42989	-697
15060	4	42990	-315
15061	4	42991	-144
15062	4	42992	169
15063	4	42993	208
15064	4	42994	261
15065	4	42995	-349
15066	4	42996	-914
15067	4	42997	-185
15068	4	42998	-791
15069	4	42999	419
15070	4	43000	-130
15071	4	43001	-350
15072	4	43002	40
15073	4	43003	-440
15074	4	43004	108
15075	4	43005	109
15076	4	43006	-528
15077	4	43007	352
15078	4	43008	538
15079	4	43009	-522
15080	4	43010	77
15081	4	43011	191
15082	4	43012	-120
15083	4	43013	1060
15084	4	43014	470
15085	4	43015	455
15086	4	43016	590
15087	4	43017	-292
15088	4	43018	-252
15089	4	43019	191
15090	4	43020	35
15091	4	43021	-332
15092	4	43022	-481
15093	4	43023	502
15094	4	43024	275
15095	4	43025	253
15096	4	43026	301
15097	4	43027	475
15098	4	43028	-69
15099	4	43029	-84
15100	4	43030	-49
15101	4	43031	-111
15102	4	43032	-97
15103	4	43033	156
15104	4	43034	-266
15105	4	43035	-20
15106	4	43036	-206
15107	4	43037	601
15108	4	43038	-52
15109	4	43039	159
15110	4	43040	-351
15111	4	43041	15
15112	4	43042	-27
15113	4	43043	359
15114	4	43044	365
15115	4	43045	-54
15116	4	43046	-237
15117	4	43047	76
15118	4	43048	456
15119	4	43049	277
15120	4	43050	402
15121	4	43051	-464
15122	4	43052	152
15123	4	43053	200
15124	4	43054	794
15125	4	43055	-121
15126	4	43056	-154
15127	4	43057	100
15128	4	43058	80
15129	4	43059	112
15130	4	43060	-863
15131	4	43061	-316
15132	4	43062	-216
15133	4	43063	-507
15134	4	43064	-160
15135	4	43065	108
15136	4	43066	94
15137	4	43067	433
15138	4	43068	-180
15139	4	43069	-203
15140	4	43070	70
15141	4	43071	-2
15142	4	43072	317
15143	4	43073	138
15144	4	43074	-434
15145	4	43075	87
15146	4	43076	-268
15147	4	43077	-422
15148	4	43078	-230
15149	4	43079	-417
15150	4	43080	162
15151	4	43081	-188
15152	4	43082	-41
15153	4	43083	141
15154	4	43084	-75
15155	4	43085	124
15156	4	43086	174
15157	4	43087	70
15158	4	43088	143
15159	4	43089	55
15160	4	43090	685
15161	4	43091	-56
15162	4	43092	-639
15163	4	43093	-219
15164	4	43094	101
15165	4	43095	157
15166	4	43096	-352
15167	4	43097	-62
15168	4	43098	98
15169	4	43099	708
15170	4	43100	-493
15171	4	43101	-52
15172	4	43102	-109
15173	4	43103	86
15174	4	43104	-18
15175	4	43105	184
15176	4	43106	-357
15177	4	43107	-369
15178	4	43108	59
15179	4	43109	-439
15180	4	43110	440
15181	4	43111	531
15182	4	43112	303
15183	4	43113	-684
15184	4	43114	-191
15185	4	43115	551
15186	4	43116	54
15187	4	43117	111
15188	4	43118	446
15189	4	43119	34
15190	4	43120	156
15191	4	43121	-241
15192	4	43122	-333
15193	4	43123	-25
15194	4	43124	-506
15195	4	43125	-454
15196	4	43126	728
15197	4	43127	-107
15198	4	43128	304
15199	4	43129	151
15200	4	43130	-250
15201	4	43131	326
15202	4	43132	-751
15203	4	43133	-121
15204	4	43134	-380
15205	4	43135	-438
15206	4	43136	407
15207	4	43137	153
15208	4	43138	-70
15209	4	43139	380
15210	4	43140	-240
15211	4	43141	510
15212	4	43142	437
15213	4	43143	-585
15214	4	43144	-122
15215	4	43145	-252
15216	4	43146	32
15217	4	43147	547
15218	4	43148	438
15219	4	43149	-226
15220	4	43150	-169
15221	4	43151	-306
15222	4	43152	154
15223	4	43153	-583
15224	4	43154	-587
15225	4	43155	-215
15226	4	43156	174
15227	4	43157	112
15228	4	43158	10
15229	4	43159	140
15230	4	43160	-869
15231	4	43161	345
15232	4	43162	-142
15233	4	43163	781
15234	4	43164	-410
15235	4	43165	-231
15236	4	43166	115
15237	4	43167	-127
15238	4	43168	-1030
15239	4	43169	-386
15240	4	43170	67
15241	4	43171	-88
15242	4	43172	314
15243	4	43173	-520
15244	4	43174	-313
15245	4	43175	-722
15246	4	43176	479
15247	4	43177	477
15248	4	43178	-29
15249	4	43179	-208
15250	4	43180	124
15251	4	43181	-676
15252	4	43182	-48
15253	4	43183	890
15254	4	43184	-382
15255	4	43185	589
15256	4	43186	859
15257	4	43187	-17
15258	4	43188	26
15259	4	43189	234
15260	4	43190	169
15261	4	43191	-390
15262	4	43192	159
15263	4	43193	-567
15264	4	43194	-61
15265	4	43195	579
15266	4	43196	599
15267	4	43197	383
15268	4	43198	777
15269	4	43199	-17
15270	4	43200	-436
15271	4	43201	831
15272	4	43202	640
15273	4	43203	-910
15274	4	43204	-127
15275	4	43205	191
15276	4	43206	-84
15277	4	43207	-138
15278	4	43208	-480
15279	4	43209	-644
15280	4	43210	-611
15281	4	43211	-304
15282	4	43212	-76
15283	4	43213	502
15284	4	43214	-37
15285	4	43215	-322
15286	4	43216	-507
15287	4	43217	275
15288	4	43218	25
15289	4	43219	104
15290	4	43220	331
15291	4	43221	-672
15292	4	43222	23
15293	4	43223	-199
15294	4	43224	849
15295	4	43225	-38
15296	4	43226	65
15297	4	43227	-511
15298	4	43228	332
15299	4	43229	-275
15300	4	43230	-95
15301	4	43231	-883
15302	4	43232	-382
15303	4	43233	312
15304	4	43234	-46
15305	4	43235	-582
15306	4	43236	-740
15307	4	43237	45
15308	4	43238	629
15309	4	43239	443
15310	4	43240	-142
15311	4	43241	359
15312	4	43242	43
15313	4	43243	-730
15314	4	43244	-92
15315	4	43245	383
15316	4	43246	-397
15317	4	43247	506
15318	4	43248	585
15319	4	43249	198
15320	4	43250	259
15321	4	43251	19
15322	4	43252	923
15323	4	43253	754
15324	4	43254	111
15325	4	43255	559
15326	4	43256	-140
15327	4	43257	217
15328	4	43258	192
15329	4	43259	-107
15330	4	43260	-436
15331	4	43261	831
15332	4	43262	640
15333	4	43263	-910
15334	4	43264	-127
15335	4	43265	191
15336	4	43266	-84
15337	4	43267	-138
15338	4	43268	-480
15339	4	43269	-644
15340	4	43270	-611
15341	4	43271	-304
15342	4	43272	-76
15343	4	43273	502
15344	4	43274	-37
15345	4	43275	-322
15346	4	43276	-507
15347	4	43277	275
15348	4	43278	25
15349	4	43279	104
15350	4	43280	331
15351	4	43281	-672
15352	4	43282	23
15353	4	43283	-199
15354	4	43284	849
15355	4	43285	-38
15356	4	43286	65
15357	4	43287	-511
15358	4	43288	332
15359	4	43289	-275
15360	4	43290	-95
15361	4	43291	-883
15362	4	43292	-382
15363	4	43293	312
15364	4	43294	-46
15365	4	43295	-582
15366	4	43296	-740
15367	4	43297	45
15368	4	43298	629
15369	4	43299	443
15370	4	43300	-142
15371	4	43301	359
15372	4	43302	43
15373	4	43303	-730
15374	4	43304	-92
15375	4	43305	383
15376	4	43306	-397
15377	4	43307	506
15378	4	43308	585
15379	4	43309	198
15380	4	43310	259
15381	4	43311	19
15382	4	43312	923
15383	4	43313	754
15384	4	43314	111
15385	4	43315	559
15386	4	43316	-140
15387	4	43317	217
15388	4	43318	192
15389	4	43319	-107
15390	4	43320	-436
15391	4	43321	831
15392	4	43322	640
15393	4	43323	-910
15394	4	43324	-127
15395	4	43325	191
15396	4	43326	-84
15397	4	43327	-138
15398	4	43328	-480
15399	4	43329	-644
15400	4	43330	-611
15401	4	43331	-304
15402	4	43332	-76
15403	4	43333	502
15404	4	43334	-37
15405	4	43335	-322
15406	4	43336	-507
15407	4	43337	275
15408	4	43338	25
15409	4	43339	104
15410	4	43340	331
15411	4	43341	-672
15412	4	43342	23
15413	4	43343	-199
15414	4	43344	849
15415	4	43345	-38
15416	4	43346	65
15417	4	43347	-511
15418	4	43348	332
15419	4	43349	-275
15420	4	43350	-95
15421	4	43351	-883
15422	4	43352	-382
15423	4	43353	312
15424	4	43354	-46
15425	4	43355	-582
15426	4	43356	-740
15427	4	43357	45
15428	4	43358	629
15429	4	43359	443
15430	4	43360	-142
15431	4	43361	359
15432	4	43362	43
15433	4	43363	-730
15434	4	43364	-92
15435	4	43365	383
15436	4	43366	-397
15437	4	43367	506
15438	4	43368	585
15439	4	43369	198
15440	4	43370	259
15441	4	43371	19
15442	4	43372	923
15443	4	43373	754
15444	4	43374	111
15445	4	43375	559
15446	4	43376	-140
15447	4	43377	217
15448	4	43378	192
15449	4	43379	-107
15450	4	43440	614
15451	4	43441	-733
15452	4	43442	-194
15453	4	43443	573
15454	4	43444	-259
15455	2	43446	557
15456	4	43447	-106
15457	4	43448	85
15458	4	43449	41
15459	4	43450	297
15460	4	43451	363
15461	4	43452	-268
15462	4	43453	-168
15463	4	43454	140
15464	2	43455	724
15465	2	43458	-230
15466	4	43459	164
15467	4	43460	-191
15468	4	43461	269
15469	4	43462	-78
15470	4	43463	-524
15471	4	43464	11
15472	2	43465	-62
15473	2	43470	530
15474	4	43471	707
15475	4	43472	-620
15476	4	43473	-481
15477	4	43474	416
15478	2	43475	1071
15479	2	43482	-186
15480	4	43483	-59
15481	4	43484	2
15482	2	43485	-623
15483	2	43494	-672
15484	2	43495	-1109
15485	4	43500	31
15486	4	43501	267
15487	4	43502	482
15488	4	43503	-463
15489	4	43504	-317
15490	4	43505	46
15491	4	43506	179
15492	4	43507	248
15493	4	43508	24
15494	4	43509	4
15495	4	43510	231
15496	4	43511	-243
15497	4	43512	-644
15498	4	43513	70
15499	4	43514	-60
15500	4	43515	-115
15501	4	43516	-429
15502	4	43517	267
15503	4	43518	-95
15504	4	43519	487
15505	4	43520	-465
15506	4	43521	-142
15507	4	43522	-285
15508	4	43523	41
15509	4	43524	175
15510	4	43525	179
15511	4	43526	-481
15512	4	43527	-618
15513	4	43528	290
15514	4	43529	-117
15515	4	43530	136
15516	4	43531	-405
15517	4	43532	-31
15518	4	43533	-351
15519	4	43534	38
15520	4	43535	104
15521	4	43536	-422
15522	4	43537	-253
15523	4	43538	647
15524	4	43539	437
15525	4	43540	-188
15526	4	43541	-6
15527	4	43542	-25
15528	4	43543	-287
15529	4	43544	-145
15530	4	43545	-175
15531	4	43546	505
15532	4	43547	548
15533	4	43548	160
15534	4	43549	353
15535	4	43550	57
15536	4	43551	554
15537	4	43552	108
15538	4	43553	246
15539	4	43554	-195
15540	4	43555	7
15541	4	43556	29
15542	4	43557	127
15543	4	43558	-181
15544	4	43559	63
15545	4	43560	-41
15546	4	43561	457
15547	4	43562	674
15548	4	43563	-699
15549	4	43564	-392
15550	4	43565	-334
15551	4	43566	-205
15552	4	43567	-590
15553	4	43568	-207
15554	4	43569	421
15555	4	43570	-71
15556	4	43571	-99
15557	4	43572	171
15558	4	43573	240
15559	4	43574	89
15560	4	43575	-72
15561	4	43576	266
15562	4	43577	-111
15563	4	43578	-62
15564	4	43579	-685
15565	4	43580	436
15566	4	43581	-26
15567	4	43582	248
15568	4	43583	-413
15569	4	43584	-546
15570	4	43585	80
15571	4	43586	-11
15572	4	43587	-110
15573	4	43588	-203
15574	4	43589	345
15575	4	43590	-431
15576	4	43591	-132
15577	4	43592	-525
15578	4	43593	-251
15579	4	43594	-339
15580	4	43595	13
15581	4	43596	66
15582	4	43597	-831
15583	4	43598	-97
15584	4	43599	-194
15585	4	43600	278
15586	4	43601	580
15587	4	43602	305
15588	4	43603	463
15589	4	43604	937
15590	4	43605	-58
15591	4	43606	-114
15592	4	43607	88
15593	4	43608	-197
15594	4	43609	274
15595	4	43610	270
15596	4	43611	408
15597	4	43612	126
15598	4	43613	87
15599	4	43614	393
15600	4	43615	37
15601	4	43616	-362
15602	4	43617	271
15603	4	43618	-135
15604	4	43619	520
15605	4	43620	46
15606	4	43621	-429
15607	4	43622	-618
15608	4	43623	647
15609	4	43624	353
15610	4	43625	31
15611	4	43626	179
15612	4	43627	267
15613	4	43628	290
15614	4	43629	437
15615	4	43630	57
15616	4	43631	63
15617	4	43632	160
15618	4	43633	-253
15619	4	43634	-481
15620	4	43635	-115
15621	4	43636	267
15622	4	43637	248
15623	4	43638	-95
15624	4	43639	-117
15625	4	43640	-188
15626	4	43641	554
15627	4	43642	-181
15628	4	43643	548
15629	4	43644	-422
15630	4	43645	179
15631	4	43646	-60
15632	4	43647	482
15633	4	43648	24
15634	4	43649	487
15635	4	43650	136
15636	4	43651	-6
15637	4	43652	108
15638	4	43653	127
15639	4	43654	505
15640	4	43655	104
15641	4	43656	175
15642	4	43657	70
15643	4	43658	-463
15644	4	43659	4
15645	4	43660	-465
15646	4	43661	-405
15647	4	43662	-25
15648	4	43663	246
15649	4	43664	29
15650	4	43665	-175
15651	4	43666	38
15652	4	43667	41
15653	4	43668	-644
15654	4	43669	-317
15655	4	43670	231
15656	4	43671	-142
15657	4	43672	-31
15658	4	43673	-287
15659	4	43674	-195
15660	4	43675	7
15661	4	43676	-145
15662	4	43677	-351
15663	4	43678	-285
15664	4	43679	-243
15665	4	43680	-334
15666	4	43681	266
15667	4	43682	-110
15668	4	43683	-97
15669	4	43684	274
15670	4	43685	-41
15671	4	43686	-205
15672	4	43687	-111
15673	4	43688	-203
15674	4	43689	-194
15675	4	43690	270
15676	4	43691	520
15677	4	43692	-197
15678	4	43693	-831
15679	4	43694	-11
15680	4	43695	-72
15681	4	43696	457
15682	4	43697	-590
15683	4	43698	-62
15684	4	43699	345
15685	4	43700	278
15686	4	43701	408
15687	4	43702	-135
15688	4	43703	88
15689	4	43704	66
15690	4	43705	80
15691	4	43706	89
15692	4	43707	674
15693	4	43708	-207
15694	4	43709	-685
15695	4	43710	-431
15696	4	43711	580
15697	4	43712	126
15698	4	43713	271
15699	4	43714	-114
15700	4	43715	13
15701	4	43716	-546
15702	4	43717	240
15703	4	43718	-699
15704	4	43719	421
15705	4	43720	436
15706	4	43721	-132
15707	4	43722	305
15708	4	43723	87
15709	4	43724	-362
15710	4	43725	-58
15711	4	43726	-339
15712	4	43727	-413
15713	4	43728	171
15714	4	43729	-392
15715	4	43730	-71
15716	4	43731	-26
15717	4	43732	-525
15718	4	43733	463
15719	4	43734	393
15720	4	43735	37
15721	4	43736	937
15722	4	43737	-251
15723	4	43738	248
15724	4	43739	-99
15725	4	43740	-72
15726	4	43741	-152
15727	4	43742	-364
15728	4	43743	319
15729	4	43744	270
15730	2	43746	-337
15731	4	43747	154
15732	4	43748	159
15733	4	43749	-508
15734	4	43750	-431
15735	4	43751	-192
15736	4	43752	268
15737	4	43753	396
15738	4	43754	296
15739	2	43755	295
15740	2	43758	493
15741	4	43759	-24
15742	4	43760	-58
15743	4	43761	-410
15744	4	43762	216
15745	4	43763	-47
15746	4	43764	606
15747	2	43765	-381
15748	2	43770	251
15749	4	43771	-219
15750	4	43772	402
15751	4	43773	156
15752	4	43774	-61
15753	2	43775	-140
15754	2	43782	-460
15755	4	43783	-473
15756	4	43784	-230
15757	2	43785	322
15758	2	43794	53
15759	2	43795	-96
15760	4	43920	614
15761	4	43921	-733
15762	4	43922	-194
15763	4	43923	573
15764	4	43924	-259
15765	2	43926	557
15766	4	43927	-106
15767	4	43928	85
15768	4	43929	41
15769	4	43930	297
15770	4	43931	363
15771	4	43932	-268
15772	4	43933	-168
15773	4	43934	140
15774	2	43935	724
15775	2	43938	-230
15776	4	43939	164
15777	4	43940	-191
15778	4	43941	269
15779	4	43942	-78
15780	4	43943	-524
15781	4	43944	11
15782	2	43945	-62
15783	2	43950	530
15784	4	43951	707
15785	4	43952	-620
15786	4	43953	-481
15787	4	43954	416
15788	2	43955	1071
15789	2	43962	-186
15790	4	43963	-59
15791	4	43964	2
15792	2	43965	-623
15793	2	43974	-672
15794	2	43975	-1109
15795	4	43980	-334
15796	4	43981	266
15797	4	43982	-110
15798	4	43983	-97
15799	4	43984	274
15800	4	43985	-41
15801	4	43986	-205
15802	4	43987	-111
15803	4	43988	-203
15804	4	43989	-194
15805	4	43990	270
15806	4	43991	520
15807	4	43992	-197
15808	4	43993	-831
15809	4	43994	-11
15810	4	43995	-72
15811	4	43996	457
15812	4	43997	-590
15813	4	43998	-62
15814	4	43999	345
15815	4	44000	278
15816	4	44001	408
15817	4	44002	-135
15818	4	44003	88
15819	4	44004	66
15820	4	44005	80
15821	4	44006	89
15822	4	44007	674
15823	4	44008	-207
15824	4	44009	-685
15825	4	44010	-431
15826	4	44011	580
15827	4	44012	126
15828	4	44013	271
15829	4	44014	-114
15830	4	44015	13
15831	4	44016	-546
15832	4	44017	240
15833	4	44018	-699
15834	4	44019	421
15835	4	44020	436
15836	4	44021	-132
15837	4	44022	305
15838	4	44023	87
15839	4	44024	-362
15840	4	44025	-58
15841	4	44026	-339
15842	4	44027	-413
15843	4	44028	171
15844	4	44029	-392
15845	4	44030	-71
15846	4	44031	-26
15847	4	44032	-525
15848	4	44033	463
15849	4	44034	393
15850	4	44035	37
15851	4	44036	937
15852	4	44037	-251
15853	4	44038	248
15854	4	44039	-99
15855	4	44040	31
15856	4	44041	267
15857	4	44042	482
15858	4	44043	-463
15859	4	44044	-317
15860	4	44045	46
15861	4	44046	179
15862	4	44047	248
15863	4	44048	24
15864	4	44049	4
15865	4	44050	231
15866	4	44051	-243
15867	4	44052	-644
15868	4	44053	70
15869	4	44054	-60
15870	4	44055	-115
15871	4	44056	-429
15872	4	44057	267
15873	4	44058	-95
15874	4	44059	487
15875	4	44060	-465
15876	4	44061	-142
15877	4	44062	-285
15878	4	44063	41
15879	4	44064	175
15880	4	44065	179
15881	4	44066	-481
15882	4	44067	-618
15883	4	44068	290
15884	4	44069	-117
15885	4	44070	136
15886	4	44071	-405
15887	4	44072	-31
15888	4	44073	-351
15889	4	44074	38
15890	4	44075	104
15891	4	44076	-422
15892	4	44077	-253
15893	4	44078	647
15894	4	44079	437
15895	4	44080	-188
15896	4	44081	-6
15897	4	44082	-25
15898	4	44083	-287
15899	4	44084	-145
15900	4	44085	-175
15901	4	44086	505
15902	4	44087	548
15903	4	44088	160
15904	4	44089	353
15905	4	44090	57
15906	4	44091	554
15907	4	44092	108
15908	4	44093	246
15909	4	44094	-195
15910	4	44095	7
15911	4	44096	29
15912	4	44097	127
15913	4	44098	-181
15914	4	44099	63
15915	4	44100	-72
15916	4	44101	-152
15917	4	44102	-364
15918	4	44103	319
15919	4	44104	270
15920	2	44106	-337
15921	4	44107	154
15922	4	44108	159
15923	4	44109	-508
15924	4	44110	-431
15925	4	44111	-192
15926	4	44112	268
15927	4	44113	396
15928	4	44114	296
15929	2	44115	295
15930	2	44118	493
15931	4	44119	-24
15932	4	44120	-58
15933	4	44121	-410
15934	4	44122	216
15935	4	44123	-47
15936	4	44124	606
15937	2	44125	-381
15938	2	44130	251
15939	4	44131	-219
15940	4	44132	402
15941	4	44133	156
15942	4	44134	-61
15943	2	44135	-140
15944	2	44142	-460
15945	4	44143	-473
15946	4	44144	-230
15947	2	44145	322
15948	2	44154	53
15949	2	44155	-96
15950	4	44400	614
15951	4	44401	-733
15952	4	44402	-194
15953	4	44403	573
15954	4	44404	-259
15955	2	44406	557
15956	4	44407	-106
15957	4	44408	85
15958	4	44409	41
15959	4	44410	297
15960	4	44411	363
15961	4	44412	-268
15962	4	44413	-168
15963	4	44414	140
15964	2	44415	724
15965	2	44418	-230
15966	4	44419	164
15967	4	44420	-191
15968	4	44421	269
15969	4	44422	-78
15970	4	44423	-524
15971	4	44424	11
15972	2	44425	-62
15973	2	44430	530
15974	4	44431	707
15975	4	44432	-620
15976	4	44433	-481
15977	4	44434	416
15978	2	44435	1071
15979	2	44442	-186
15980	4	44443	-59
15981	4	44444	2
15982	2	44445	-623
15983	2	44454	-672
15984	2	44455	-1109
15985	4	44460	-72
15986	4	44461	-152
15987	4	44462	-364
15988	4	44463	319
15989	4	44464	270
15990	2	44466	-337
15991	4	44467	154
15992	4	44468	159
15993	4	44469	-508
15994	4	44470	-431
15995	4	44471	-192
15996	4	44472	268
15997	4	44473	396
15998	4	44474	296
15999	2	44475	295
16000	2	44478	493
16001	4	44479	-24
16002	4	44480	-58
16003	4	44481	-410
16004	4	44482	216
16005	4	44483	-47
16006	4	44484	606
16007	2	44485	-381
16008	2	44490	251
16009	4	44491	-219
16010	4	44492	402
16011	4	44493	156
16012	4	44494	-61
16013	2	44495	-140
16014	2	44502	-460
16015	4	44503	-473
16016	4	44504	-230
16017	2	44505	322
16018	2	44514	53
16019	2	44515	-96
16020	4	47520	128
16021	4	47521	-167
16022	4	47522	-62
16023	4	47523	141
16024	4	47524	-41
16025	4	47525	-355
16026	4	47526	188
16027	4	47527	426
16028	4	47528	-253
16029	4	47529	47
16030	4	47530	261
16031	4	47531	275
16032	4	47532	60
16033	4	47533	129
16034	4	47534	-102
16035	4	47535	-184
16036	4	47536	432
16037	4	47537	139
16038	4	47538	-50
16039	4	47539	-308
16040	4	47540	-297
16041	4	47541	130
16042	4	47542	172
16043	4	47543	64
16044	4	47544	-43
16045	4	47545	59
16046	4	47546	-549
16047	4	47547	124
16048	4	47548	6
16049	4	47549	419
16050	4	47550	223
16051	4	47551	-466
16052	4	47552	-61
16053	4	47553	210
16054	4	47554	670
16055	4	47555	-202
16056	4	47556	-132
16057	4	47557	-400
16058	4	47558	-344
16059	4	47559	-25
16060	4	47560	-500
16061	4	47561	-2
16062	4	47562	-106
16063	4	47563	23
16064	4	47564	437
16065	4	47565	88
16066	4	47566	54
16067	4	47567	627
16068	4	47568	-339
16069	4	47569	143
16070	4	47570	101
16071	4	47571	210
16072	4	47572	126
16073	4	47573	238
16074	4	47574	-254
16075	4	47575	238
16076	4	47576	-339
16077	4	47577	-584
16078	4	47578	-33
16079	4	47579	-393
16080	4	47580	128
16081	4	47581	-167
16082	4	47582	-62
16083	4	47583	141
16084	4	47584	-41
16085	4	47585	-355
16086	4	47586	188
16087	4	47587	426
16088	4	47588	-253
16089	4	47589	47
16090	4	47590	261
16091	4	47591	275
16092	4	47592	60
16093	4	47593	129
16094	4	47594	-102
16095	4	47595	-184
16096	4	47596	432
16097	4	47597	139
16098	4	47598	-50
16099	4	47599	-308
16100	4	47600	-297
16101	4	47601	130
16102	4	47602	172
16103	4	47603	64
16104	4	47604	-43
16105	4	47605	59
16106	4	47606	-549
16107	4	47607	124
16108	4	47608	6
16109	4	47609	419
16110	4	47610	223
16111	4	47611	-466
16112	4	47612	-61
16113	4	47613	210
16114	4	47614	670
16115	4	47615	-202
16116	4	47616	-132
16117	4	47617	-400
16118	4	47618	-344
16119	4	47619	-25
16120	4	47620	-500
16121	4	47621	-2
16122	4	47622	-106
16123	4	47623	23
16124	4	47624	437
16125	4	47625	88
16126	4	47626	54
16127	4	47627	627
16128	4	47628	-339
16129	4	47629	143
16130	4	47630	101
16131	4	47631	210
16132	4	47632	126
16133	4	47633	238
16134	4	47634	-254
16135	4	47635	238
16136	4	47636	-339
16137	4	47637	-584
16138	4	47638	-33
16139	4	47639	-393
16140	4	47640	128
16141	4	47641	-167
16142	4	47642	-62
16143	4	47643	141
16144	4	47644	-41
16145	4	47645	-355
16146	4	47646	188
16147	4	47647	426
16148	4	47648	-253
16149	4	47649	47
16150	4	47650	261
16151	4	47651	275
16152	4	47652	60
16153	4	47653	129
16154	4	47654	-102
16155	4	47655	-184
16156	4	47656	432
16157	4	47657	139
16158	4	47658	-50
16159	4	47659	-308
16160	4	47660	-297
16161	4	47661	130
16162	4	47662	172
16163	4	47663	64
16164	4	47664	-43
16165	4	47665	59
16166	4	47666	-549
16167	4	47667	124
16168	4	47668	6
16169	4	47669	419
16170	4	47670	223
16171	4	47671	-466
16172	4	47672	-61
16173	4	47673	210
16174	4	47674	670
16175	4	47675	-202
16176	4	47676	-132
16177	4	47677	-400
16178	4	47678	-344
16179	4	47679	-25
16180	4	47680	-500
16181	4	47681	-2
16182	4	47682	-106
16183	4	47683	23
16184	4	47684	437
16185	4	47685	88
16186	4	47686	54
16187	4	47687	627
16188	4	47688	-339
16189	4	47689	143
16190	4	47690	101
16191	4	47691	210
16192	4	47692	126
16193	4	47693	238
16194	4	47694	-254
16195	4	47695	238
16196	4	47696	-339
16197	4	47697	-584
16198	4	47698	-33
16199	4	47699	-393
16200	4	47760	-38
16201	4	47761	106
16202	4	47762	110
16203	4	47763	-133
16204	4	47764	-44
16205	2	47766	-18
16206	4	47767	155
16207	4	47768	-475
16208	4	47769	-719
16209	4	47770	-183
16210	4	47771	102
16211	4	47772	130
16212	4	47773	-260
16213	4	47774	323
16214	2	47775	768
16215	2	47778	62
16216	4	47779	-291
16217	4	47780	-353
16218	4	47781	81
16219	4	47782	738
16220	4	47783	-339
16221	4	47784	426
16222	2	47785	-958
16223	2	47790	70
16224	4	47791	226
16225	4	47792	-27
16226	4	47793	-320
16227	4	47794	416
16228	2	47795	-308
16229	2	47802	-82
16230	4	47803	30
16231	4	47804	341
16232	2	47805	782
16233	2	47814	-32
16234	2	47815	-284
16235	4	47820	172
16236	4	47821	-374
16237	4	47822	-328
16238	4	47823	434
16239	4	47824	96
16240	4	47825	-156
16241	4	47826	-385
16242	4	47827	-162
16243	4	47828	369
16244	4	47829	582
16245	4	47830	449
16246	4	47831	164
16247	4	47832	54
16248	4	47833	-431
16249	4	47834	254
16250	4	47835	107
16251	4	47836	569
16252	4	47837	-488
16253	4	47838	45
16254	4	47839	34
16255	4	47840	185
16256	4	47841	247
16257	4	47842	-176
16258	4	47843	185
16259	4	47844	-604
16260	4	47845	-2
16261	4	47846	5
16262	4	47847	670
16263	4	47848	-35
16264	4	47849	-298
16265	4	47850	-550
16266	4	47851	735
16267	4	47852	711
16268	4	47853	37
16269	4	47854	-523
16270	4	47855	171
16271	4	47856	312
16272	4	47857	143
16273	4	47858	-766
16274	4	47859	-84
16275	4	47860	625
16276	4	47861	-554
16277	4	47862	312
16278	4	47863	395
16279	4	47864	-110
16280	4	47865	-105
16281	4	47866	-138
16282	4	47867	-458
16283	4	47868	31
16284	4	47869	-318
16285	4	47870	-597
16286	4	47871	-122
16287	4	47872	-732
16288	4	47873	-421
16289	4	47874	578
16290	4	47875	-172
16291	4	47876	450
16292	4	47877	222
16293	4	47878	-338
16294	4	47879	77
16295	4	47880	629
16296	4	47881	-841
16297	4	47882	-343
16298	4	47883	732
16299	4	47884	-176
16300	4	47885	188
16301	4	47886	309
16302	4	47887	504
16303	4	47888	1045
16304	4	47889	53
16305	4	47890	145
16306	4	47891	33
16307	4	47892	58
16308	4	47893	-18
16309	4	47894	-95
16310	4	47895	223
16311	4	47896	-601
16312	4	47897	-213
16313	4	47898	171
16314	4	47899	439
16315	4	47900	-755
16316	4	47901	94
16317	4	47902	-567
16318	4	47903	222
16319	4	47904	-239
16320	4	47905	175
16321	4	47906	102
16322	4	47907	-669
16323	4	47908	-300
16324	4	47909	122
16325	4	47910	777
16326	4	47911	401
16327	4	47912	205
16328	4	47913	-406
16329	4	47914	-291
16330	4	47915	645
16331	4	47916	774
16332	4	47917	804
16333	4	47918	785
16334	4	47919	-127
16335	4	47920	312
16336	4	47921	-263
16337	4	47922	-586
16338	4	47923	333
16339	4	47924	-768
16340	4	47925	-507
16341	4	47926	718
16342	4	47927	-311
16343	4	47928	-133
16344	4	47929	297
16345	4	47930	-68
16346	4	47931	-532
16347	4	47932	-338
16348	4	47933	-1124
16349	4	47934	-671
16350	4	47935	-536
16351	4	47936	-64
16352	4	47937	160
16353	4	47938	152
16354	4	47939	-61
16355	4	47940	-156
16356	4	47941	569
16357	4	47942	670
16358	4	47943	-766
16359	4	47944	-318
16360	4	47945	172
16361	4	47946	-385
16362	4	47947	-488
16363	4	47948	-35
16364	4	47949	-84
16365	4	47950	-597
16366	4	47951	77
16367	4	47952	31
16368	4	47953	143
16369	4	47954	5
16370	4	47955	107
16371	4	47956	-374
16372	4	47957	-162
16373	4	47958	45
16374	4	47959	-298
16375	4	47960	625
16376	4	47961	-122
16377	4	47962	-338
16378	4	47963	-458
16379	4	47964	312
16380	4	47965	-2
16381	4	47966	254
16382	4	47967	-328
16383	4	47968	369
16384	4	47969	34
16385	4	47970	-550
16386	4	47971	-554
16387	4	47972	-732
16388	4	47973	222
16389	4	47974	-138
16390	4	47975	171
16391	4	47976	-604
16392	4	47977	-431
16393	4	47978	434
16394	4	47979	582
16395	4	47980	185
16396	4	47981	735
16397	4	47982	312
16398	4	47983	-421
16399	4	47984	450
16400	4	47985	-105
16401	4	47986	-523
16402	4	47987	185
16403	4	47988	54
16404	4	47989	96
16405	4	47990	449
16406	4	47991	247
16407	4	47992	711
16408	4	47993	395
16409	4	47994	578
16410	4	47995	-172
16411	4	47996	-110
16412	4	47997	37
16413	4	47998	-176
16414	4	47999	164
16415	4	48000	188
16416	4	48001	-601
16417	4	48002	-669
16418	4	48003	785
16419	4	48004	297
16420	4	48005	629
16421	4	48006	309
16422	4	48007	-213
16423	4	48008	-300
16424	4	48009	-127
16425	4	48010	-68
16426	4	48011	-61
16427	4	48012	-133
16428	4	48013	804
16429	4	48014	102
16430	4	48015	223
16431	4	48016	-841
16432	4	48017	504
16433	4	48018	171
16434	4	48019	122
16435	4	48020	312
16436	4	48021	-532
16437	4	48022	152
16438	4	48023	-311
16439	4	48024	774
16440	4	48025	175
16441	4	48026	-95
16442	4	48027	-343
16443	4	48028	1045
16444	4	48029	439
16445	4	48030	777
16446	4	48031	-263
16447	4	48032	-338
16448	4	48033	160
16449	4	48034	718
16450	4	48035	645
16451	4	48036	-239
16452	4	48037	-18
16453	4	48038	732
16454	4	48039	53
16455	4	48040	-755
16456	4	48041	401
16457	4	48042	-586
16458	4	48043	-1124
16459	4	48044	-64
16460	4	48045	-507
16461	4	48046	-291
16462	4	48047	222
16463	4	48048	58
16464	4	48049	-176
16465	4	48050	145
16466	4	48051	94
16467	4	48052	205
16468	4	48053	333
16469	4	48054	-671
16470	4	48055	-536
16471	4	48056	-768
16472	4	48057	-406
16473	4	48058	-567
16474	4	48059	33
16475	4	48060	-568
16476	4	48061	876
16477	4	48062	498
16478	4	48063	-849
16479	4	48064	43
16480	2	48066	-207
16481	4	48067	-362
16482	4	48068	-358
16483	4	48069	274
16484	4	48070	-110
16485	4	48071	-197
16486	4	48072	140
16487	4	48073	33
16488	4	48074	62
16489	2	48075	-1061
16490	2	48078	-392
16491	4	48079	-119
16492	4	48080	783
16493	4	48081	-107
16494	4	48082	52
16495	4	48083	10
16496	4	48084	-495
16497	2	48085	493
16498	2	48090	-969
16499	4	48091	-78
16500	4	48092	116
16501	4	48093	681
16502	4	48094	-905
16503	2	48095	-920
16504	2	48102	841
16505	4	48103	527
16506	4	48104	53
16507	2	48105	264
16508	2	48114	727
16509	2	48115	1224
16510	4	48240	-38
16511	4	48241	106
16512	4	48242	110
16513	4	48243	-133
16514	4	48244	-44
16515	2	48246	-18
16516	4	48247	155
16517	4	48248	-475
16518	4	48249	-719
16519	4	48250	-183
16520	4	48251	102
16521	4	48252	130
16522	4	48253	-260
16523	4	48254	323
16524	2	48255	768
16525	2	48258	62
16526	4	48259	-291
16527	4	48260	-353
16528	4	48261	81
16529	4	48262	738
16530	4	48263	-339
16531	4	48264	426
16532	2	48265	-958
16533	2	48270	70
16534	4	48271	226
16535	4	48272	-27
16536	4	48273	-320
16537	4	48274	416
16538	2	48275	-308
16539	2	48282	-82
16540	4	48283	30
16541	4	48284	341
16542	2	48285	782
16543	2	48294	-32
16544	2	48295	-284
16545	4	48300	188
16546	4	48301	-601
16547	4	48302	-669
16548	4	48303	785
16549	4	48304	297
16550	4	48305	629
16551	4	48306	309
16552	4	48307	-213
16553	4	48308	-300
16554	4	48309	-127
16555	4	48310	-68
16556	4	48311	-61
16557	4	48312	-133
16558	4	48313	804
16559	4	48314	102
16560	4	48315	223
16561	4	48316	-841
16562	4	48317	504
16563	4	48318	171
16564	4	48319	122
16565	4	48320	312
16566	4	48321	-532
16567	4	48322	152
16568	4	48323	-311
16569	4	48324	774
16570	4	48325	175
16571	4	48326	-95
16572	4	48327	-343
16573	4	48328	1045
16574	4	48329	439
16575	4	48330	777
16576	4	48331	-263
16577	4	48332	-338
16578	4	48333	160
16579	4	48334	718
16580	4	48335	645
16581	4	48336	-239
16582	4	48337	-18
16583	4	48338	732
16584	4	48339	53
16585	4	48340	-755
16586	4	48341	401
16587	4	48342	-586
16588	4	48343	-1124
16589	4	48344	-64
16590	4	48345	-507
16591	4	48346	-291
16592	4	48347	222
16593	4	48348	58
16594	4	48349	-176
16595	4	48350	145
16596	4	48351	94
16597	4	48352	205
16598	4	48353	333
16599	4	48354	-671
16600	4	48355	-536
16601	4	48356	-768
16602	4	48357	-406
16603	4	48358	-567
16604	4	48359	33
16605	4	48360	172
16606	4	48361	-374
16607	4	48362	-328
16608	4	48363	434
16609	4	48364	96
16610	4	48365	-156
16611	4	48366	-385
16612	4	48367	-162
16613	4	48368	369
16614	4	48369	582
16615	4	48370	449
16616	4	48371	164
16617	4	48372	54
16618	4	48373	-431
16619	4	48374	254
16620	4	48375	107
16621	4	48376	569
16622	4	48377	-488
16623	4	48378	45
16624	4	48379	34
16625	4	48380	185
16626	4	48381	247
16627	4	48382	-176
16628	4	48383	185
16629	4	48384	-604
16630	4	48385	-2
16631	4	48386	5
16632	4	48387	670
16633	4	48388	-35
16634	4	48389	-298
16635	4	48390	-550
16636	4	48391	735
16637	4	48392	711
16638	4	48393	37
16639	4	48394	-523
16640	4	48395	171
16641	4	48396	312
16642	4	48397	143
16643	4	48398	-766
16644	4	48399	-84
16645	4	48400	625
16646	4	48401	-554
16647	4	48402	312
16648	4	48403	395
16649	4	48404	-110
16650	4	48405	-105
16651	4	48406	-138
16652	4	48407	-458
16653	4	48408	31
16654	4	48409	-318
16655	4	48410	-597
16656	4	48411	-122
16657	4	48412	-732
16658	4	48413	-421
16659	4	48414	578
16660	4	48415	-172
16661	4	48416	450
16662	4	48417	222
16663	4	48418	-338
16664	4	48419	77
16665	4	48420	-568
16666	4	48421	876
16667	4	48422	498
16668	4	48423	-849
16669	4	48424	43
16670	2	48426	-207
16671	4	48427	-362
16672	4	48428	-358
16673	4	48429	274
16674	4	48430	-110
16675	4	48431	-197
16676	4	48432	140
16677	4	48433	33
16678	4	48434	62
16679	2	48435	-1061
16680	2	48438	-392
16681	4	48439	-119
16682	4	48440	783
16683	4	48441	-107
16684	4	48442	52
16685	4	48443	10
16686	4	48444	-495
16687	2	48445	493
16688	2	48450	-969
16689	4	48451	-78
16690	4	48452	116
16691	4	48453	681
16692	4	48454	-905
16693	2	48455	-920
16694	2	48462	841
16695	4	48463	527
16696	4	48464	53
16697	2	48465	264
16698	2	48474	727
16699	2	48475	1224
16700	4	48720	-38
16701	4	48721	106
16702	4	48722	110
16703	4	48723	-133
16704	4	48724	-44
16705	2	48726	-18
16706	4	48727	155
16707	4	48728	-475
16708	4	48729	-719
16709	4	48730	-183
16710	4	48731	102
16711	4	48732	130
16712	4	48733	-260
16713	4	48734	323
16714	2	48735	768
16715	2	48738	62
16716	4	48739	-291
16717	4	48740	-353
16718	4	48741	81
16719	4	48742	738
16720	4	48743	-339
16721	4	48744	426
16722	2	48745	-958
16723	2	48750	70
16724	4	48751	226
16725	4	48752	-27
16726	4	48753	-320
16727	4	48754	416
16728	2	48755	-308
16729	2	48762	-82
16730	4	48763	30
16731	4	48764	341
16732	2	48765	782
16733	2	48774	-32
16734	2	48775	-284
16735	4	48780	-568
16736	4	48781	876
16737	4	48782	498
16738	4	48783	-849
16739	4	48784	43
16740	2	48786	-207
16741	4	48787	-362
16742	4	48788	-358
16743	4	48789	274
16744	4	48790	-110
16745	4	48791	-197
16746	4	48792	140
16747	4	48793	33
16748	4	48794	62
16749	2	48795	-1061
16750	2	48798	-392
16751	4	48799	-119
16752	4	48800	783
16753	4	48801	-107
16754	4	48802	52
16755	4	48803	10
16756	4	48804	-495
16757	2	48805	493
16758	2	48810	-969
16759	4	48811	-78
16760	4	48812	116
16761	4	48813	681
16762	4	48814	-905
16763	2	48815	-920
16764	2	48822	841
16765	4	48823	527
16766	4	48824	53
16767	2	48825	264
16768	2	48834	727
16769	2	48835	1224
16770	4	48960	-436
16771	4	48961	831
16772	4	48962	640
16773	4	48963	-910
16774	4	48964	-127
16775	4	48965	191
16776	4	48966	-84
16777	4	48967	-138
16778	4	48968	-480
16779	4	48969	-644
16780	4	48970	-611
16781	4	48971	-304
16782	4	48972	-76
16783	4	48973	502
16784	4	48974	-37
16785	4	48975	-322
16786	4	48976	-507
16787	4	48977	275
16788	4	48978	25
16789	4	48979	104
16790	4	48980	331
16791	4	48981	-672
16792	4	48982	23
16793	4	48983	-199
16794	4	48984	849
16795	4	48985	-38
16796	4	48986	65
16797	4	48987	-511
16798	4	48988	332
16799	4	48989	-275
16800	4	48990	-95
16801	4	48991	-883
16802	4	48992	-382
16803	4	48993	312
16804	4	48994	-46
16805	4	48995	-582
16806	4	48996	-740
16807	4	48997	45
16808	4	48998	629
16809	4	48999	443
16810	4	49000	-142
16811	4	49001	359
16812	4	49002	43
16813	4	49003	-730
16814	4	49004	-92
16815	4	49005	383
16816	4	49006	-397
16817	4	49007	506
16818	4	49008	585
16819	4	49009	198
16820	4	49010	259
16821	4	49011	19
16822	4	49012	923
16823	4	49013	754
16824	4	49014	111
16825	4	49015	559
16826	4	49016	-140
16827	4	49017	217
16828	4	49018	192
16829	4	49019	-107
16830	4	49020	-436
16831	4	49021	831
16832	4	49022	640
16833	4	49023	-910
16834	4	49024	-127
16835	4	49025	191
16836	4	49026	-84
16837	4	49027	-138
16838	4	49028	-480
16839	4	49029	-644
16840	4	49030	-611
16841	4	49031	-304
16842	4	49032	-76
16843	4	49033	502
16844	4	49034	-37
16845	4	49035	-322
16846	4	49036	-507
16847	4	49037	275
16848	4	49038	25
16849	4	49039	104
16850	4	49040	331
16851	4	49041	-672
16852	4	49042	23
16853	4	49043	-199
16854	4	49044	849
16855	4	49045	-38
16856	4	49046	65
16857	4	49047	-511
16858	4	49048	332
16859	4	49049	-275
16860	4	49050	-95
16861	4	49051	-883
16862	4	49052	-382
16863	4	49053	312
16864	4	49054	-46
16865	4	49055	-582
16866	4	49056	-740
16867	4	49057	45
16868	4	49058	629
16869	4	49059	443
16870	4	49060	-142
16871	4	49061	359
16872	4	49062	43
16873	4	49063	-730
16874	4	49064	-92
16875	4	49065	383
16876	4	49066	-397
16877	4	49067	506
16878	4	49068	585
16879	4	49069	198
16880	4	49070	259
16881	4	49071	19
16882	4	49072	923
16883	4	49073	754
16884	4	49074	111
16885	4	49075	559
16886	4	49076	-140
16887	4	49077	217
16888	4	49078	192
16889	4	49079	-107
16890	4	49080	-436
16891	4	49081	831
16892	4	49082	640
16893	4	49083	-910
16894	4	49084	-127
16895	4	49085	191
16896	4	49086	-84
16897	4	49087	-138
16898	4	49088	-480
16899	4	49089	-644
16900	4	49090	-611
16901	4	49091	-304
16902	4	49092	-76
16903	4	49093	502
16904	4	49094	-37
16905	4	49095	-322
16906	4	49096	-507
16907	4	49097	275
16908	4	49098	25
16909	4	49099	104
16910	4	49100	331
16911	4	49101	-672
16912	4	49102	23
16913	4	49103	-199
16914	4	49104	849
16915	4	49105	-38
16916	4	49106	65
16917	4	49107	-511
16918	4	49108	332
16919	4	49109	-275
16920	4	49110	-95
16921	4	49111	-883
16922	4	49112	-382
16923	4	49113	312
16924	4	49114	-46
16925	4	49115	-582
16926	4	49116	-740
16927	4	49117	45
16928	4	49118	629
16929	4	49119	443
16930	4	49120	-142
16931	4	49121	359
16932	4	49122	43
16933	4	49123	-730
16934	4	49124	-92
16935	4	49125	383
16936	4	49126	-397
16937	4	49127	506
16938	4	49128	585
16939	4	49129	198
16940	4	49130	259
16941	4	49131	19
16942	4	49132	923
16943	4	49133	754
16944	4	49134	111
16945	4	49135	559
16946	4	49136	-140
16947	4	49137	217
16948	4	49138	192
16949	4	49139	-107
16950	4	49200	614
16951	4	49201	-733
16952	4	49202	-194
16953	4	49203	573
16954	4	49204	-259
16955	2	49206	557
16956	4	49207	-106
16957	4	49208	85
16958	4	49209	41
16959	4	49210	297
16960	4	49211	363
16961	4	49212	-268
16962	4	49213	-168
16963	4	49214	140
16964	2	49215	724
16965	2	49218	-230
16966	4	49219	164
16967	4	49220	-191
16968	4	49221	269
16969	4	49222	-78
16970	4	49223	-524
16971	4	49224	11
16972	2	49225	-62
16973	2	49230	530
16974	4	49231	707
16975	4	49232	-620
16976	4	49233	-481
16977	4	49234	416
16978	2	49235	1071
16979	2	49242	-186
16980	4	49243	-59
16981	4	49244	2
16982	2	49245	-623
16983	2	49254	-672
16984	2	49255	-1109
16985	4	49260	31
16986	4	49261	267
16987	4	49262	482
16988	4	49263	-463
16989	4	49264	-317
16990	4	49265	46
16991	4	49266	179
16992	4	49267	248
16993	4	49268	24
16994	4	49269	4
16995	4	49270	231
16996	4	49271	-243
16997	4	49272	-644
16998	4	49273	70
16999	4	49274	-60
17000	4	49275	-115
17001	4	49276	-429
17002	4	49277	267
17003	4	49278	-95
17004	4	49279	487
17005	4	49280	-465
17006	4	49281	-142
17007	4	49282	-285
17008	4	49283	41
17009	4	49284	175
17010	4	49285	179
17011	4	49286	-481
17012	4	49287	-618
17013	4	49288	290
17014	4	49289	-117
17015	4	49290	136
17016	4	49291	-405
17017	4	49292	-31
17018	4	49293	-351
17019	4	49294	38
17020	4	49295	104
17021	4	49296	-422
17022	4	49297	-253
17023	4	49298	647
17024	4	49299	437
17025	4	49300	-188
17026	4	49301	-6
17027	4	49302	-25
17028	4	49303	-287
17029	4	49304	-145
17030	4	49305	-175
17031	4	49306	505
17032	4	49307	548
17033	4	49308	160
17034	4	49309	353
17035	4	49310	57
17036	4	49311	554
17037	4	49312	108
17038	4	49313	246
17039	4	49314	-195
17040	4	49315	7
17041	4	49316	29
17042	4	49317	127
17043	4	49318	-181
17044	4	49319	63
17045	4	49320	-41
17046	4	49321	457
17047	4	49322	674
17048	4	49323	-699
17049	4	49324	-392
17050	4	49325	-334
17051	4	49326	-205
17052	4	49327	-590
17053	4	49328	-207
17054	4	49329	421
17055	4	49330	-71
17056	4	49331	-99
17057	4	49332	171
17058	4	49333	240
17059	4	49334	89
17060	4	49335	-72
17061	4	49336	266
17062	4	49337	-111
17063	4	49338	-62
17064	4	49339	-685
17065	4	49340	436
17066	4	49341	-26
17067	4	49342	248
17068	4	49343	-413
17069	4	49344	-546
17070	4	49345	80
17071	4	49346	-11
17072	4	49347	-110
17073	4	49348	-203
17074	4	49349	345
17075	4	49350	-431
17076	4	49351	-132
17077	4	49352	-525
17078	4	49353	-251
17079	4	49354	-339
17080	4	49355	13
17081	4	49356	66
17082	4	49357	-831
17083	4	49358	-97
17084	4	49359	-194
17085	4	49360	278
17086	4	49361	580
17087	4	49362	305
17088	4	49363	463
17089	4	49364	937
17090	4	49365	-58
17091	4	49366	-114
17092	4	49367	88
17093	4	49368	-197
17094	4	49369	274
17095	4	49370	270
17096	4	49371	408
17097	4	49372	126
17098	4	49373	87
17099	4	49374	393
17100	4	49375	37
17101	4	49376	-362
17102	4	49377	271
17103	4	49378	-135
17104	4	49379	520
17105	4	49380	46
17106	4	49381	-429
17107	4	49382	-618
17108	4	49383	647
17109	4	49384	353
17110	4	49385	31
17111	4	49386	179
17112	4	49387	267
17113	4	49388	290
17114	4	49389	437
17115	4	49390	57
17116	4	49391	63
17117	4	49392	160
17118	4	49393	-253
17119	4	49394	-481
17120	4	49395	-115
17121	4	49396	267
17122	4	49397	248
17123	4	49398	-95
17124	4	49399	-117
17125	4	49400	-188
17126	4	49401	554
17127	4	49402	-181
17128	4	49403	548
17129	4	49404	-422
17130	4	49405	179
17131	4	49406	-60
17132	4	49407	482
17133	4	49408	24
17134	4	49409	487
17135	4	49410	136
17136	4	49411	-6
17137	4	49412	108
17138	4	49413	127
17139	4	49414	505
17140	4	49415	104
17141	4	49416	175
17142	4	49417	70
17143	4	49418	-463
17144	4	49419	4
17145	4	49420	-465
17146	4	49421	-405
17147	4	49422	-25
17148	4	49423	246
17149	4	49424	29
17150	4	49425	-175
17151	4	49426	38
17152	4	49427	41
17153	4	49428	-644
17154	4	49429	-317
17155	4	49430	231
17156	4	49431	-142
17157	4	49432	-31
17158	4	49433	-287
17159	4	49434	-195
17160	4	49435	7
17161	4	49436	-145
17162	4	49437	-351
17163	4	49438	-285
17164	4	49439	-243
17165	4	49440	-334
17166	4	49441	266
17167	4	49442	-110
17168	4	49443	-97
17169	4	49444	274
17170	4	49445	-41
17171	4	49446	-205
17172	4	49447	-111
17173	4	49448	-203
17174	4	49449	-194
17175	4	49450	270
17176	4	49451	520
17177	4	49452	-197
17178	4	49453	-831
17179	4	49454	-11
17180	4	49455	-72
17181	4	49456	457
17182	4	49457	-590
17183	4	49458	-62
17184	4	49459	345
17185	4	49460	278
17186	4	49461	408
17187	4	49462	-135
17188	4	49463	88
17189	4	49464	66
17190	4	49465	80
17191	4	49466	89
17192	4	49467	674
17193	4	49468	-207
17194	4	49469	-685
17195	4	49470	-431
17196	4	49471	580
17197	4	49472	126
17198	4	49473	271
17199	4	49474	-114
17200	4	49475	13
17201	4	49476	-546
17202	4	49477	240
17203	4	49478	-699
17204	4	49479	421
17205	4	49480	436
17206	4	49481	-132
17207	4	49482	305
17208	4	49483	87
17209	4	49484	-362
17210	4	49485	-58
17211	4	49486	-339
17212	4	49487	-413
17213	4	49488	171
17214	4	49489	-392
17215	4	49490	-71
17216	4	49491	-26
17217	4	49492	-525
17218	4	49493	463
17219	4	49494	393
17220	4	49495	37
17221	4	49496	937
17222	4	49497	-251
17223	4	49498	248
17224	4	49499	-99
17225	4	49500	-72
17226	4	49501	-152
17227	4	49502	-364
17228	4	49503	319
17229	4	49504	270
17230	2	49506	-337
17231	4	49507	154
17232	4	49508	159
17233	4	49509	-508
17234	4	49510	-431
17235	4	49511	-192
17236	4	49512	268
17237	4	49513	396
17238	4	49514	296
17239	2	49515	295
17240	2	49518	493
17241	4	49519	-24
17242	4	49520	-58
17243	4	49521	-410
17244	4	49522	216
17245	4	49523	-47
17246	4	49524	606
17247	2	49525	-381
17248	2	49530	251
17249	4	49531	-219
17250	4	49532	402
17251	4	49533	156
17252	4	49534	-61
17253	2	49535	-140
17254	2	49542	-460
17255	4	49543	-473
17256	4	49544	-230
17257	2	49545	322
17258	2	49554	53
17259	2	49555	-96
17260	4	49680	614
17261	4	49681	-733
17262	4	49682	-194
17263	4	49683	573
17264	4	49684	-259
17265	2	49686	557
17266	4	49687	-106
17267	4	49688	85
17268	4	49689	41
17269	4	49690	297
17270	4	49691	363
17271	4	49692	-268
17272	4	49693	-168
17273	4	49694	140
17274	2	49695	724
17275	2	49698	-230
17276	4	49699	164
17277	4	49700	-191
17278	4	49701	269
17279	4	49702	-78
17280	4	49703	-524
17281	4	49704	11
17282	2	49705	-62
17283	2	49710	530
17284	4	49711	707
17285	4	49712	-620
17286	4	49713	-481
17287	4	49714	416
17288	2	49715	1071
17289	2	49722	-186
17290	4	49723	-59
17291	4	49724	2
17292	2	49725	-623
17293	2	49734	-672
17294	2	49735	-1109
17295	4	49740	-334
17296	4	49741	266
17297	4	49742	-110
17298	4	49743	-97
17299	4	49744	274
17300	4	49745	-41
17301	4	49746	-205
17302	4	49747	-111
17303	4	49748	-203
17304	4	49749	-194
17305	4	49750	270
17306	4	49751	520
17307	4	49752	-197
17308	4	49753	-831
17309	4	49754	-11
17310	4	49755	-72
17311	4	49756	457
17312	4	49757	-590
17313	4	49758	-62
17314	4	49759	345
17315	4	49760	278
17316	4	49761	408
17317	4	49762	-135
17318	4	49763	88
17319	4	49764	66
17320	4	49765	80
17321	4	49766	89
17322	4	49767	674
17323	4	49768	-207
17324	4	49769	-685
17325	4	49770	-431
17326	4	49771	580
17327	4	49772	126
17328	4	49773	271
17329	4	49774	-114
17330	4	49775	13
17331	4	49776	-546
17332	4	49777	240
17333	4	49778	-699
17334	4	49779	421
17335	4	49780	436
17336	4	49781	-132
17337	4	49782	305
17338	4	49783	87
17339	4	49784	-362
17340	4	49785	-58
17341	4	49786	-339
17342	4	49787	-413
17343	4	49788	171
17344	4	49789	-392
17345	4	49790	-71
17346	4	49791	-26
17347	4	49792	-525
17348	4	49793	463
17349	4	49794	393
17350	4	49795	37
17351	4	49796	937
17352	4	49797	-251
17353	4	49798	248
17354	4	49799	-99
17355	4	49800	31
17356	4	49801	267
17357	4	49802	482
17358	4	49803	-463
17359	4	49804	-317
17360	4	49805	46
17361	4	49806	179
17362	4	49807	248
17363	4	49808	24
17364	4	49809	4
17365	4	49810	231
17366	4	49811	-243
17367	4	49812	-644
17368	4	49813	70
17369	4	49814	-60
17370	4	49815	-115
17371	4	49816	-429
17372	4	49817	267
17373	4	49818	-95
17374	4	49819	487
17375	4	49820	-465
17376	4	49821	-142
17377	4	49822	-285
17378	4	49823	41
17379	4	49824	175
17380	4	49825	179
17381	4	49826	-481
17382	4	49827	-618
17383	4	49828	290
17384	4	49829	-117
17385	4	49830	136
17386	4	49831	-405
17387	4	49832	-31
17388	4	49833	-351
17389	4	49834	38
17390	4	49835	104
17391	4	49836	-422
17392	4	49837	-253
17393	4	49838	647
17394	4	49839	437
17395	4	49840	-188
17396	4	49841	-6
17397	4	49842	-25
17398	4	49843	-287
17399	4	49844	-145
17400	4	49845	-175
17401	4	49846	505
17402	4	49847	548
17403	4	49848	160
17404	4	49849	353
17405	4	49850	57
17406	4	49851	554
17407	4	49852	108
17408	4	49853	246
17409	4	49854	-195
17410	4	49855	7
17411	4	49856	29
17412	4	49857	127
17413	4	49858	-181
17414	4	49859	63
17415	4	49860	-72
17416	4	49861	-152
17417	4	49862	-364
17418	4	49863	319
17419	4	49864	270
17420	2	49866	-337
17421	4	49867	154
17422	4	49868	159
17423	4	49869	-508
17424	4	49870	-431
17425	4	49871	-192
17426	4	49872	268
17427	4	49873	396
17428	4	49874	296
17429	2	49875	295
17430	2	49878	493
17431	4	49879	-24
17432	4	49880	-58
17433	4	49881	-410
17434	4	49882	216
17435	4	49883	-47
17436	4	49884	606
17437	2	49885	-381
17438	2	49890	251
17439	4	49891	-219
17440	4	49892	402
17441	4	49893	156
17442	4	49894	-61
17443	2	49895	-140
17444	2	49902	-460
17445	4	49903	-473
17446	4	49904	-230
17447	2	49905	322
17448	2	49914	53
17449	2	49915	-96
17450	4	50160	614
17451	4	50161	-733
17452	4	50162	-194
17453	4	50163	573
17454	4	50164	-259
17455	2	50166	557
17456	4	50167	-106
17457	4	50168	85
17458	4	50169	41
17459	4	50170	297
17460	4	50171	363
17461	4	50172	-268
17462	4	50173	-168
17463	4	50174	140
17464	2	50175	724
17465	2	50178	-230
17466	4	50179	164
17467	4	50180	-191
17468	4	50181	269
17469	4	50182	-78
17470	4	50183	-524
17471	4	50184	11
17472	2	50185	-62
17473	2	50190	530
17474	4	50191	707
17475	4	50192	-620
17476	4	50193	-481
17477	4	50194	416
17478	2	50195	1071
17479	2	50202	-186
17480	4	50203	-59
17481	4	50204	2
17482	2	50205	-623
17483	2	50214	-672
17484	2	50215	-1109
17485	4	50220	-72
17486	4	50221	-152
17487	4	50222	-364
17488	4	50223	319
17489	4	50224	270
17490	2	50226	-337
17491	4	50227	154
17492	4	50228	159
17493	4	50229	-508
17494	4	50230	-431
17495	4	50231	-192
17496	4	50232	268
17497	4	50233	396
17498	4	50234	296
17499	2	50235	295
17500	2	50238	493
17501	4	50239	-24
17502	4	50240	-58
17503	4	50241	-410
17504	4	50242	216
17505	4	50243	-47
17506	4	50244	606
17507	2	50245	-381
17508	2	50250	251
17509	4	50251	-219
17510	4	50252	402
17511	4	50253	156
17512	4	50254	-61
17513	2	50255	-140
17514	2	50262	-460
17515	4	50263	-473
17516	4	50264	-230
17517	2	50265	322
17518	2	50274	53
17519	2	50275	-96
