# orbit_id	orbit_size	representative_state_index	value
0	2	0	13
1	2	1	13
2	2	2	13
3	2	3	13
4	2	4	13
5	2	5	-3
6	4	6	-2
7	4	7	-3
8	4	8	1
9	4	9	0
10	4	10	0
11	2	16	-3
12	4	17	0
13	4	18	-2
14	4	19	0
15	4	20	-3
16	4	21	1
17	2	27	-3
18	4	28	0
19	4	29	1
20	4	30	-2
21	4	31	0
22	4	32	-3
23	2	38	-3
24	4	39	1
25	4	40	0
26	4	41	-3
27	4	42	-2
28	4	43	0
29	2	49	-3
30	4	50	-3
31	4	51	0
32	4	52	0
33	4	53	1
34	4	54	-2
35	2	60	1
36	2	61	1
37	2	62	1
38	2	63	1
39	2	64	1
40	2	65	4
41	4	66	0
42	4	67	2
43	4	68	-2
44	4	69	-1
45	4	70	-1
46	2	76	4
47	4	77	-1
48	4	78	0
49	4	79	-1
50	4	80	2
51	4	81	-2
52	2	87	4
53	4	88	-1
54	4	89	-2
55	4	90	0
56	4	91	-1
57	4	92	2
58	2	98	4
59	4	99	-2
60	4	100	-1
61	4	101	2
62	4	102	0
63	4	103	-1
64	2	109	4
65	4	110	2
66	4	111	-1
67	4	112	-1
68	4	113	-2
69	4	114	0
70	2	120	-14
71	2	121	-14
72	2	122	-14
73	2	123	-14
74	2	124	-14
75	2	125	-1
76	4	126	2
77	4	127	1
78	4	128	1
79	4	129	2
80	4	130	2
81	2	136	-1
82	4	137	2
83	4	138	2
84	4	139	2
85	4	140	1
86	4	141	1
87	2	147	-1
88	4	148	2
89	4	149	1
90	4	150	2
91	4	151	2
92	4	152	1
93	2	158	-1
94	4	159	1
95	4	160	2
96	4	161	1
97	4	162	2
98	4	163	2
99	2	169	-1
100	4	170	1
101	4	171	2
102	4	172	2
103	4	173	1
104	4	174	2
105	2	180	-1
106	2	181	-1
107	2	182	-1
108	2	183	-1
109	2	184	-1
110	2	185	1
111	4	186	-1
112	4	187	-6
113	4	188	3
114	4	189	3
115	4	190	0
116	2	196	1
117	4	197	0
118	4	198	-1
119	4	199	3
120	4	200	-6
121	4	201	3
122	2	207	1
123	4	208	3
124	4	209	3
125	4	210	-1
126	4	211	0
127	4	212	-6
128	2	218	1
129	4	219	3
130	4	220	0
131	4	221	-6
132	4	222	-1
133	4	223	3
134	2	229	1
135	4	230	-6
136	4	231	3
137	4	232	0
138	4	233	3
139	4	234	-1
140	4	240	3
141	4	241	3
142	4	242	3
143	4	243	3
144	4	244	3
145	4	245	2
146	4	246	-1
147	4	247	3
148	4	248	-8
149	4	249	-3
150	4	250	4
151	4	251	3
152	4	252	1
153	4	253	5
154	4	254	-1
155	4	255	-10
156	4	256	2
157	4	257	3
158	4	258	-1
159	4	259	1
160	4	260	3
161	4	261	5
162	4	262	-8
163	4	263	-1
164	4	264	-3
165	4	265	-10
166	4	266	4
167	4	267	2
168	4	268	-3
169	4	269	5
170	4	270	-1
171	4	271	4
172	4	272	-1
173	4	273	3
174	4	274	3
175	4	275	-10
176	4	276	-8
177	4	277	1
178	4	278	2
179	4	279	-8
180	4	280	3
181	4	281	-1
182	4	282	-1
183	4	283	-3
184	4	284	1
185	4	285	-10
186	4	286	3
187	4	287	4
188	4	288	5
189	4	289	2
190	4	290	-1
191	4	291	1
192	4	292	4
193	4	293	-8
194	4	294	-1
195	4	295	-10
196	4	296	5
197	4	297	3
198	4	298	-3
199	4	299	3
200	4	300	1
201	4	301	1
202	4	302	1
203	4	303	1
204	4	304	1
205	4	305	-6
206	4	306	1
207	4	307	3
208	4	308	-2
209	4	309	-7
210	4	310	4
211	4	311	2
212	4	312	1
213	4	313	-4
214	4	314	2
215	4	315	5
216	4	316	-6
217	4	317	2
218	4	318	1
219	4	319	1
220	4	320	3
221	4	321	-4
222	4	322	-2
223	4	323	2
224	4	324	-7
225	4	325	5
226	4	326	4
227	4	327	-6
228	4	328	-7
229	4	329	-4
230	4	330	1
231	4	331	4
232	4	332	2
233	4	333	3
234	4	334	2
235	4	335	5
236	4	336	-2
237	4	337	1
238	4	338	-6
239	4	339	-2
240	4	340	2
241	4	341	2
242	4	342	1
243	4	343	-7
244	4	344	1
245	4	345	5
246	4	346	3
247	4	347	4
248	4	348	-4
249	4	349	-6
250	4	350	2
251	4	351	1
252	4	352	4
253	4	353	-2
254	4	354	1
255	4	355	5
256	4	356	-4
257	4	357	2
258	4	358	-7
259	4	359	3
260	4	360	1
261	4	361	1
262	4	362	1
263	4	363	1
264	4	364	1
265	4	365	1
266	4	366	-8
267	4	367	3
268	4	368	-1
269	4	369	4
270	4	370	-6
271	4	371	-2
272	4	372	4
273	4	373	3
274	4	374	-4
275	4	375	7
276	4	376	1
277	4	377	-2
278	4	378	-8
279	4	379	4
280	4	380	3
281	4	381	3
282	4	382	-1
283	4	383	-4
284	4	384	4
285	4	385	7
286	4	386	-6
287	4	387	1
288	4	388	4
289	4	389	3
290	4	390	-8
291	4	391	-6
292	4	392	-4
293	4	393	3
294	4	394	-2
295	4	395	7
296	4	396	-1
297	4	397	4
298	4	398	1
299	4	399	-1
300	4	400	-2
301	4	401	-4
302	4	402	-8
303	4	403	4
304	4	404	4
305	4	405	7
306	4	406	3
307	4	407	-6
308	4	408	3
309	4	409	1
310	4	410	-4
311	4	411	4
312	4	412	-6
313	4	413	-1
314	4	414	-8
315	4	415	7
316	4	416	3
317	4	417	-2
318	4	418	4
319	4	419	3
320	2	600	-3
321	2	601	-3
322	2	602	-3
323	2	603	-3
324	2	604	-3
325	2	605	-4
326	4	606	9
327	4	607	4
328	4	608	-4
329	4	609	-2
330	4	610	-3
331	2	616	-4
332	4	617	-3
333	4	618	9
334	4	619	-2
335	4	620	4
336	4	621	-4
337	2	627	-4
338	4	628	-2
339	4	629	-4
340	4	630	9
341	4	631	-3
342	4	632	4
343	2	638	-4
344	4	639	-4
345	4	640	-3
346	4	641	4
347	4	642	9
348	4	643	-2
349	2	649	-4
350	4	650	4
351	4	651	-2
352	4	652	-3
353	4	653	-4
354	4	654	9
355	4	660	-5
356	4	661	-5
357	4	662	-5
358	4	663	-5
359	4	664	-5
360	4	665	0
361	4	666	-4
362	4	667	-1
363	4	668	3
364	4	669	-6
365	4	670	8
366	4	671	6
367	4	672	-2
368	4	673	-3
369	4	674	2
370	4	675	0
371	4	676	0
372	4	677	6
373	4	678	-4
374	4	679	-2
375	4	680	-1
376	4	681	-3
377	4	682	3
378	4	683	2
379	4	684	-6
380	4	685	0
381	4	686	8
382	4	687	0
383	4	688	-6
384	4	689	-3
385	4	690	-4
386	4	691	8
387	4	692	2
388	4	693	-1
389	4	694	6
390	4	695	0
391	4	696	3
392	4	697	-2
393	4	698	0
394	4	699	3
395	4	700	6
396	4	701	2
397	4	702	-4
398	4	703	-6
399	4	704	-2
400	4	705	0
401	4	706	-1
402	4	707	8
403	4	708	-3
404	4	709	0
405	4	710	2
406	4	711	-2
407	4	712	8
408	4	713	3
409	4	714	-4
410	4	715	0
411	4	716	-3
412	4	717	6
413	4	718	-6
414	4	719	-1
415	4	720	-6
416	4	721	-6
417	4	722	-6
418	4	723	-6
419	4	724	-6
420	4	725	3
421	4	726	-1
422	4	727	1
423	4	728	5
424	4	729	5
425	4	730	-4
426	4	731	-2
427	4	732	-3
428	4	733	-4
429	4	734	4
430	4	735	4
431	4	736	3
432	4	737	-2
433	4	738	-1
434	4	739	-3
435	4	740	1
436	4	741	-4
437	4	742	5
438	4	743	4
439	4	744	5
440	4	745	4
441	4	746	-4
442	4	747	3
443	4	748	5
444	4	749	-4
445	4	750	-1
446	4	751	-4
447	4	752	4
448	4	753	1
449	4	754	-2
450	4	755	4
451	4	756	5
452	4	757	-3
453	4	758	3
454	4	759	5
455	4	760	-2
456	4	761	4
457	4	762	-1
458	4	763	5
459	4	764	-3
460	4	765	4
461	4	766	1
462	4	767	-4
463	4	768	-4
464	4	769	3
465	4	770	4
466	4	771	-3
467	4	772	-4
468	4	773	5
469	4	774	-1
470	4	775	4
471	4	776	-4
472	4	777	-2
473	4	778	5
474	4	779	1
475	4	780	-5
476	4	781	-5
477	4	782	-5
478	4	783	-5
479	4	784	-5
480	4	785	1
481	4	786	-5
482	4	787	2
483	4	788	-3
484	4	789	0
485	4	790	-3
486	4	791	-3
487	4	792	7
488	4	793	10
489	4	794	-6
490	4	795	6
491	4	796	1
492	4	797	-3
493	4	798	-5
494	4	799	7
495	4	800	2
496	4	801	10
497	4	802	-3
498	4	803	-6
499	4	804	0
500	4	805	6
501	4	806	-3
502	4	807	1
503	4	808	0
504	4	809	10
505	4	810	-5
506	4	811	-3
507	4	812	-6
508	4	813	2
509	4	814	-3
510	4	815	6
511	4	816	-3
512	4	817	7
513	4	818	1
514	4	819	-3
515	4	820	-3
516	4	821	-6
517	4	822	-5
518	4	823	0
519	4	824	7
520	4	825	6
521	4	826	2
522	4	827	-3
523	4	828	10
524	4	829	1
525	4	830	-6
526	4	831	7
527	4	832	-3
528	4	833	-3
529	4	834	-5
530	4	835	6
531	4	836	10
532	4	837	-3
533	4	838	0
534	4	839	2
535	2	1020	3
536	2	1021	3
537	2	1022	3
538	2	1023	3
539	2	1024	3
540	2	1025	3
541	4	1026	-8
542	4	1027	2
543	4	1028	1
544	4	1029	-1
545	4	1030	3
546	2	1036	3
547	4	1037	3
548	4	1038	-8
549	4	1039	-1
550	4	1040	2
551	4	1041	1
552	2	1047	3
553	4	1048	-1
554	4	1049	1
555	4	1050	-8
556	4	1051	3
557	4	1052	2
558	2	1058	3
559	4	1059	1
560	4	1060	3
561	4	1061	2
562	4	1062	-8
563	4	1063	-1
564	2	1069	3
565	4	1070	2
566	4	1071	-1
567	4	1072	3
568	4	1073	1
569	4	1074	-8
570	4	1080	3
571	4	1081	3
572	4	1082	3
573	4	1083	3
574	4	1084	3
575	4	1085	5
576	4	1086	0
577	4	1087	-4
578	4	1088	7
579	4	1089	-1
580	4	1090	2
581	4	1091	-1
582	4	1092	0
583	4	1093	-8
584	4	1094	3
585	4	1095	-7
586	4	1096	5
587	4	1097	-1
588	4	1098	0
589	4	1099	0
590	4	1100	-4
591	4	1101	-8
592	4	1102	7
593	4	1103	3
594	4	1104	-1
595	4	1105	-7
596	4	1106	2
597	4	1107	5
598	4	1108	-1
599	4	1109	-8
600	4	1110	0
601	4	1111	2
602	4	1112	3
603	4	1113	-4
604	4	1114	-1
605	4	1115	-7
606	4	1116	7
607	4	1117	0
608	4	1118	5
609	4	1119	7
610	4	1120	-1
611	4	1121	3
612	4	1122	0
613	4	1123	-1
614	4	1124	0
615	4	1125	-7
616	4	1126	-4
617	4	1127	2
618	4	1128	-8
619	4	1129	5
620	4	1130	3
621	4	1131	0
622	4	1132	2
623	4	1133	7
624	4	1134	0
625	4	1135	-7
626	4	1136	-8
627	4	1137	-1
628	4	1138	-1
629	4	1139	-4
630	4	1140	4
631	4	1141	4
632	4	1142	4
633	4	1143	4
634	4	1144	4
635	4	1145	0
636	4	1146	9
637	4	1147	-5
638	4	1148	3
639	4	1149	-3
640	4	1150	0
641	4	1151	-6
642	4	1152	2
643	4	1153	-5
644	4	1154	5
645	4	1155	-2
646	4	1156	0
647	4	1157	-6
648	4	1158	9
649	4	1159	2
650	4	1160	-5
651	4	1161	-5
652	4	1162	3
653	4	1163	5
654	4	1164	-3
655	4	1165	-2
656	4	1166	0
657	4	1167	0
658	4	1168	-3
659	4	1169	-5
660	4	1170	9
661	4	1171	0
662	4	1172	5
663	4	1173	-5
664	4	1174	-6
665	4	1175	-2
666	4	1176	3
667	4	1177	2
668	4	1178	0
669	4	1179	3
670	4	1180	-6
671	4	1181	5
672	4	1182	9
673	4	1183	-3
674	4	1184	2
675	4	1185	-2
676	4	1186	-5
677	4	1187	0
678	4	1188	-5
679	4	1189	0
680	4	1190	5
681	4	1191	2
682	4	1192	0
683	4	1193	3
684	4	1194	9
685	4	1195	-2
686	4	1196	-5
687	4	1197	-6
688	4	1198	-3
689	4	1199	-5
690	4	1200	3
691	4	1201	3
692	4	1202	3
693	4	1203	3
694	4	1204	3
695	4	1205	-5
696	4	1206	1
697	4	1207	-4
698	4	1208	3
699	4	1209	-3
700	4	1210	1
701	4	1211	-1
702	4	1212	2
703	4	1213	-1
704	4	1214	-2
705	4	1215	5
706	4	1216	-5
707	4	1217	-1
708	4	1218	1
709	4	1219	2
710	4	1220	-4
711	4	1221	-1
712	4	1222	3
713	4	1223	-2
714	4	1224	-3
715	4	1225	5
716	4	1226	1
717	4	1227	-5
718	4	1228	-3
719	4	1229	-1
720	4	1230	1
721	4	1231	1
722	4	1232	-2
723	4	1233	-4
724	4	1234	-1
725	4	1235	5
726	4	1236	3
727	4	1237	2
728	4	1238	-5
729	4	1239	3
730	4	1240	-1
731	4	1241	-2
732	4	1242	1
733	4	1243	-3
734	4	1244	2
735	4	1245	5
736	4	1246	-4
737	4	1247	1
738	4	1248	-1
739	4	1249	-5
740	4	1250	-2
741	4	1251	2
742	4	1252	1
743	4	1253	3
744	4	1254	1
745	4	1255	5
746	4	1256	-1
747	4	1257	-1
748	4	1258	-3
749	4	1259	-4
750	2	1440	-13
751	2	1441	-13
752	2	1442	-13
753	2	1443	-13
754	2	1444	-13
755	2	1445	3
756	4	1446	2
757	4	1447	3
758	4	1448	-1
759	4	1449	0
760	4	1450	0
761	2	1456	3
762	4	1457	0
763	4	1458	2
764	4	1459	0
765	4	1460	3
766	4	1461	-1
767	2	1467	3
768	4	1468	0
769	4	1469	-1
770	4	1470	2
771	4	1471	0
772	4	1472	3
773	2	1478	3
774	4	1479	-1
775	4	1480	0
776	4	1481	3
777	4	1482	2
778	4	1483	0
779	2	1489	3
780	4	1490	3
781	4	1491	0
782	4	1492	0
783	4	1493	-1
784	4	1494	2
785	2	1500	-1
786	2	1501	-1
787	2	1502	-1
788	2	1503	-1
789	2	1504	-1
790	2	1505	-4
791	4	1506	0
792	4	1507	-2
793	4	1508	2
794	4	1509	1
795	4	1510	1
796	2	1516	-4
797	4	1517	1
798	4	1518	0
799	4	1519	1
800	4	1520	-2
801	4	1521	2
802	2	1527	-4
803	4	1528	1
804	4	1529	2
805	4	1530	0
806	4	1531	1
807	4	1532	-2
808	2	1538	-4
809	4	1539	2
810	4	1540	1
811	4	1541	-2
812	4	1542	0
813	4	1543	1
814	2	1549	-4
815	4	1550	-2
816	4	1551	1
817	4	1552	1
818	4	1553	2
819	4	1554	0
820	2	1560	14
821	2	1561	14
822	2	1562	14
823	2	1563	14
824	2	1564	14
825	2	1565	1
826	4	1566	-2
827	4	1567	-1
828	4	1568	-1
829	4	1569	-2
830	4	1570	-2
831	2	1576	1
832	4	1577	-2
833	4	1578	-2
834	4	1579	-2
835	4	1580	-1
836	4	1581	-1
837	2	1587	1
838	4	1588	-2
839	4	1589	-1
840	4	1590	-2
841	4	1591	-2
842	4	1592	-1
843	2	1598	1
844	4	1599	-1
845	4	1600	-2
846	4	1601	-1
847	4	1602	-2
848	4	1603	-2
849	2	1609	1
850	4	1610	-1
851	4	1611	-2
852	4	1612	-2
853	4	1613	-1
854	4	1614	-2
855	2	1620	1
856	2	1621	1
857	2	1622	1
858	2	1623	1
859	2	1624	1
860	2	1625	-1
861	4	1626	1
862	4	1627	6
863	4	1628	-3
864	4	1629	-3
865	4	1630	0
866	2	1636	-1
867	4	1637	0
868	4	1638	1
869	4	1639	-3
870	4	1640	6
871	4	1641	-3
872	2	1647	-1
873	4	1648	-3
874	4	1649	-3
875	4	1650	1
876	4	1651	0
877	4	1652	6
878	2	1658	-1
879	4	1659	-3
880	4	1660	0
881	4	1661	6
882	4	1662	1
883	4	1663	-3
884	2	1669	-1
885	4	1670	6
886	4	1671	-3
887	4	1672	0
888	4	1673	-3
889	4	1674	1
890	4	1680	-3
891	4	1681	-3
892	4	1682	-3
893	4	1683	-3
894	4	1684	-3
895	4	1685	-2
896	4	1686	1
897	4	1687	-3
898	4	1688	8
899	4	1689	3
900	4	1690	-4
901	4	1691	-3
902	4	1692	-1
903	4	1693	-5
904	4	1694	1
905	4	1695	10
906	4	1696	-2
907	4	1697	-3
908	4	1698	1
909	4	1699	-1
910	4	1700	-3
911	4	1701	-5
912	4	1702	8
913	4	1703	1
914	4	1704	3
915	4	1705	10
916	4	1706	-4
917	4	1707	-2
918	4	1708	3
919	4	1709	-5
920	4	1710	1
921	4	1711	-4
922	4	1712	1
923	4	1713	-3
924	4	1714	-3
925	4	1715	10
926	4	1716	8
927	4	1717	-1
928	4	1718	-2
929	4	1719	8
930	4	1720	-3
931	4	1721	1
932	4	1722	1
933	4	1723	3
934	4	1724	-1
935	4	1725	10
936	4	1726	-3
937	4	1727	-4
938	4	1728	-5
939	4	1729	-2
940	4	1730	1
941	4	1731	-1
942	4	1732	-4
943	4	1733	8
944	4	1734	1
945	4	1735	10
946	4	1736	-5
947	4	1737	-3
948	4	1738	3
949	4	1739	-3
950	4	1740	-1
951	4	1741	-1
952	4	1742	-1
953	4	1743	-1
954	4	1744	-1
955	4	1745	6
956	4	1746	-1
957	4	1747	-3
958	4	1748	2
959	4	1749	7
960	4	1750	-4
961	4	1751	-2
962	4	1752	-1
963	4	1753	4
964	4	1754	-2
965	4	1755	-5
966	4	1756	6
967	4	1757	-2
968	4	1758	-1
969	4	1759	-1
970	4	1760	-3
971	4	1761	4
972	4	1762	2
973	4	1763	-2
974	4	1764	7
975	4	1765	-5
976	4	1766	-4
977	4	1767	6
978	4	1768	7
979	4	1769	4
980	4	1770	-1
981	4	1771	-4
982	4	1772	-2
983	4	1773	-3
984	4	1774	-2
985	4	1775	-5
986	4	1776	2
987	4	1777	-1
988	4	1778	6
989	4	1779	2
990	4	1780	-2
991	4	1781	-2
992	4	1782	-1
993	4	1783	7
994	4	1784	-1
995	4	1785	-5
996	4	1786	-3
997	4	1787	-4
998	4	1788	4
999	4	1789	6
1000	4	1790	-2
1001	4	1791	-1
1002	4	1792	-4
1003	4	1793	2
1004	4	1794	-1
1005	4	1795	-5
1006	4	1796	4
1007	4	1797	-2
1008	4	1798	7
1009	4	1799	-3
1010	4	1800	-1
1011	4	1801	-1
1012	4	1802	-1
1013	4	1803	-1
1014	4	1804	-1
1015	4	1805	-1
1016	4	1806	8
1017	4	1807	-3
1018	4	1808	1
1019	4	1809	-4
1020	4	1810	6
1021	4	1811	2
1022	4	1812	-4
1023	4	1813	-3
1024	4	1814	4
1025	4	1815	-7
1026	4	1816	-1
1027	4	1817	2
1028	4	1818	8
1029	4	1819	-4
1030	4	1820	-3
1031	4	1821	-3
1032	4	1822	1
1033	4	1823	4
1034	4	1824	-4
1035	4	1825	-7
1036	4	1826	6
1037	4	1827	-1
1038	4	1828	-4
1039	4	1829	-3
1040	4	1830	8
1041	4	1831	6
1042	4	1832	4
1043	4	1833	-3
1044	4	1834	2
1045	4	1835	-7
1046	4	1836	1
1047	4	1837	-4
1048	4	1838	-1
1049	4	1839	1
1050	4	1840	2
1051	4	1841	4
1052	4	1842	8
1053	4	1843	-4
1054	4	1844	-4
1055	4	1845	-7
1056	4	1846	-3
1057	4	1847	6
1058	4	1848	-3
1059	4	1849	-1
1060	4	1850	4
1061	4	1851	-4
1062	4	1852	6
1063	4	1853	1
1064	4	1854	8
1065	4	1855	-7
1066	4	1856	-3
1067	4	1857	2
1068	4	1858	-4
1069	4	1859	-3
1070	2	2040	3
1071	2	2041	3
1072	2	2042	3
1073	2	2043	3
1074	2	2044	3
1075	2	2045	4
1076	4	2046	-9
1077	4	2047	-4
1078	4	2048	4
1079	4	2049	2
1080	4	2050	3
1081	2	2056	4
1082	4	2057	3
1083	4	2058	-9
1084	4	2059	2
1085	4	2060	-4
1086	4	2061	4
1087	2	2067	4
1088	4	2068	2
1089	4	2069	4
1090	4	2070	-9
1091	4	2071	3
1092	4	2072	-4
1093	2	2078	4
1094	4	2079	4
1095	4	2080	3
1096	4	2081	-4
1097	4	2082	-9
1098	4	2083	2
1099	2	2089	4
1100	4	2090	-4
1101	4	2091	2
1102	4	2092	3
1103	4	2093	4
1104	4	2094	-9
1105	4	2100	5
1106	4	2101	5
1107	4	2102	5
1108	4	2103	5
1109	4	2104	5
1110	4	2105	0
1111	4	2106	4
1112	4	2107	1
1113	4	2108	-3
1114	4	2109	6
1115	4	2110	-8
1116	4	2111	-6
1117	4	2112	2
1118	4	2113	3
1119	4	2114	-2
1120	4	2115	0
1121	4	2116	0
1122	4	2117	-6
1123	4	2118	4
1124	4	2119	2
1125	4	2120	1
1126	4	2121	3
1127	4	2122	-3
1128	4	2123	-2
1129	4	2124	6
1130	4	2125	0
1131	4	2126	-8
1132	4	2127	0
1133	4	2128	6
1134	4	2129	3
1135	4	2130	4
1136	4	2131	-8
1137	4	2132	-2
1138	4	2133	1
1139	4	2134	-6
1140	4	2135	0
1141	4	2136	-3
1142	4	2137	2
1143	4	2138	0
1144	4	2139	-3
1145	4	2140	-6
1146	4	2141	-2
1147	4	2142	4
1148	4	2143	6
1149	4	2144	2
1150	4	2145	0
1151	4	2146	1
1152	4	2147	-8
1153	4	2148	3
1154	4	2149	0
1155	4	2150	-2
1156	4	2151	2
1157	4	2152	-8
1158	4	2153	-3
1159	4	2154	4
1160	4	2155	0
1161	4	2156	3
1162	4	2157	-6
1163	4	2158	6
1164	4	2159	1
1165	4	2160	6
1166	4	2161	6
1167	4	2162	6
1168	4	2163	6
1169	4	2164	6
1170	4	2165	-3
1171	4	2166	1
1172	4	2167	-1
1173	4	2168	-5
1174	4	2169	-5
1175	4	2170	4
1176	4	2171	2
1177	4	2172	3
1178	4	2173	4
1179	4	2174	-4
1180	4	2175	-4
1181	4	2176	-3
1182	4	2177	2
1183	4	2178	1
1184	4	2179	3
1185	4	2180	-1
1186	4	2181	4
1187	4	2182	-5
1188	4	2183	-4
1189	4	2184	-5
1190	4	2185	-4
1191	4	2186	4
1192	4	2187	-3
1193	4	2188	-5
1194	4	2189	4
1195	4	2190	1
1196	4	2191	4
1197	4	2192	-4
1198	4	2193	-1
1199	4	2194	2
1200	4	2195	-4
1201	4	2196	-5
1202	4	2197	3
1203	4	2198	-3
1204	4	2199	-5
1205	4	2200	2
1206	4	2201	-4
1207	4	2202	1
1208	4	2203	-5
1209	4	2204	3
1210	4	2205	-4
1211	4	2206	-1
1212	4	2207	4
1213	4	2208	4
1214	4	2209	-3
1215	4	2210	-4
1216	4	2211	3
1217	4	2212	4
1218	4	2213	-5
1219	4	2214	1
1220	4	2215	-4
1221	4	2216	4
1222	4	2217	2
1223	4	2218	-5
1224	4	2219	-1
1225	4	2220	5
1226	4	2221	5
1227	4	2222	5
1228	4	2223	5
1229	4	2224	5
1230	4	2225	-1
1231	4	2226	5
1232	4	2227	-2
1233	4	2228	3
1234	4	2229	0
1235	4	2230	3
1236	4	2231	3
1237	4	2232	-7
1238	4	2233	-10
1239	4	2234	6
1240	4	2235	-6
1241	4	2236	-1
1242	4	2237	3
1243	4	2238	5
1244	4	2239	-7
1245	4	2240	-2
1246	4	2241	-10
1247	4	2242	3
1248	4	2243	6
1249	4	2244	0
1250	4	2245	-6
1251	4	2246	3
1252	4	2247	-1
1253	4	2248	0
1254	4	2249	-10
1255	4	2250	5
1256	4	2251	3
1257	4	2252	6
1258	4	2253	-2
1259	4	2254	3
1260	4	2255	-6
1261	4	2256	3
1262	4	2257	-7
1263	4	2258	-1
1264	4	2259	3
1265	4	2260	3
1266	4	2261	6
1267	4	2262	5
1268	4	2263	0
1269	4	2264	-7
1270	4	2265	-6
1271	4	2266	-2
1272	4	2267	3
1273	4	2268	-10
1274	4	2269	-1
1275	4	2270	6
1276	4	2271	-7
1277	4	2272	3
1278	4	2273	3
1279	4	2274	5
1280	4	2275	-6
1281	4	2276	-10
1282	4	2277	3
1283	4	2278	0
1284	4	2279	-2
1285	2	2460	-3
1286	2	2461	-3
1287	2	2462	-3
1288	2	2463	-3
1289	2	2464	-3
1290	2	2465	-3
1291	4	2466	8
1292	4	2467	-2
1293	4	2468	-1
1294	4	2469	1
1295	4	2470	-3
1296	2	2476	-3
1297	4	2477	-3
1298	4	2478	8
1299	4	2479	1
1300	4	2480	-2
1301	4	2481	-1
1302	2	2487	-3
1303	4	2488	1
1304	4	2489	-1
1305	4	2490	8
1306	4	2491	-3
1307	4	2492	-2
1308	2	2498	-3
1309	4	2499	-1
1310	4	2500	-3
1311	4	2501	-2
1312	4	2502	8
1313	4	2503	1
1314	2	2509	-3
1315	4	2510	-2
1316	4	2511	1
1317	4	2512	-3
1318	4	2513	-1
1319	4	2514	8
1320	4	2520	-3
1321	4	2521	-3
1322	4	2522	-3
1323	4	2523	-3
1324	4	2524	-3
1325	4	2525	-5
1326	4	2526	0
1327	4	2527	4
1328	4	2528	-7
1329	4	2529	1
1330	4	2530	-2
1331	4	2531	1
1332	4	2532	0
1333	4	2533	8
1334	4	2534	-3
1335	4	2535	7
1336	4	2536	-5
1337	4	2537	1
1338	4	2538	0
1339	4	2539	0
1340	4	2540	4
1341	4	2541	8
1342	4	2542	-7
1343	4	2543	-3
1344	4	2544	1
1345	4	2545	7
1346	4	2546	-2
1347	4	2547	-5
1348	4	2548	1
1349	4	2549	8
1350	4	2550	0
1351	4	2551	-2
1352	4	2552	-3
1353	4	2553	4
1354	4	2554	1
1355	4	2555	7
1356	4	2556	-7
1357	4	2557	0
1358	4	2558	-5
1359	4	2559	-7
1360	4	2560	1
1361	4	2561	-3
1362	4	2562	0
1363	4	2563	1
1364	4	2564	0
1365	4	2565	7
1366	4	2566	4
1367	4	2567	-2
1368	4	2568	8
1369	4	2569	-5
1370	4	2570	-3
1371	4	2571	0
1372	4	2572	-2
1373	4	2573	-7
1374	4	2574	0
1375	4	2575	7
1376	4	2576	8
1377	4	2577	1
1378	4	2578	1
1379	4	2579	4
1380	4	2580	-4
1381	4	2581	-4
1382	4	2582	-4
1383	4	2583	-4
1384	4	2584	-4
1385	4	2585	0
1386	4	2586	-9
1387	4	2587	5
1388	4	2588	-3
1389	4	2589	3
1390	4	2590	0
1391	4	2591	6
1392	4	2592	-2
1393	4	2593	5
1394	4	2594	-5
1395	4	2595	2
1396	4	2596	0
1397	4	2597	6
1398	4	2598	-9
1399	4	2599	-2
1400	4	2600	5
1401	4	2601	5
1402	4	2602	-3
1403	4	2603	-5
1404	4	2604	3
1405	4	2605	2
1406	4	2606	0
1407	4	2607	0
1408	4	2608	3
1409	4	2609	5
1410	4	2610	-9
1411	4	2611	0
1412	4	2612	-5
1413	4	2613	5
1414	4	2614	6
1415	4	2615	2
1416	4	2616	-3
1417	4	2617	-2
1418	4	2618	0
1419	4	2619	-3
1420	4	2620	6
1421	4	2621	-5
1422	4	2622	-9
1423	4	2623	3
1424	4	2624	-2
1425	4	2625	2
1426	4	2626	5
1427	4	2627	0
1428	4	2628	5
1429	4	2629	0
1430	4	2630	-5
1431	4	2631	-2
1432	4	2632	0
1433	4	2633	-3
1434	4	2634	-9
1435	4	2635	2
1436	4	2636	5
1437	4	2637	6
1438	4	2638	3
1439	4	2639	5
1440	4	2640	-3
1441	4	2641	-3
1442	4	2642	-3
1443	4	2643	-3
1444	4	2644	-3
1445	4	2645	5
1446	4	2646	-1
1447	4	2647	4
1448	4	2648	-3
1449	4	2649	3
1450	4	2650	-1
1451	4	2651	1
1452	4	2652	-2
1453	4	2653	1
1454	4	2654	2
1455	4	2655	-5
1456	4	2656	5
1457	4	2657	1
1458	4	2658	-1
1459	4	2659	-2
1460	4	2660	4
1461	4	2661	1
1462	4	2662	-3
1463	4	2663	2
1464	4	2664	3
1465	4	2665	-5
1466	4	2666	-1
1467	4	2667	5
1468	4	2668	3
1469	4	2669	1
1470	4	2670	-1
1471	4	2671	-1
1472	4	2672	2
1473	4	2673	4
1474	4	2674	1
1475	4	2675	-5
1476	4	2676	-3
1477	4	2677	-2
1478	4	2678	5
1479	4	2679	-3
1480	4	2680	1
1481	4	2681	2
1482	4	2682	-1
1483	4	2683	3
1484	4	2684	-2
1485	4	2685	-5
1486	4	2686	4
1487	4	2687	-1
1488	4	2688	1
1489	4	2689	5
1490	4	2690	2
1491	4	2691	-2
1492	4	2692	-1
1493	4	2693	-3
1494	4	2694	-1
1495	4	2695	-5
1496	4	2696	1
1497	4	2697	1
1498	4	2698	3
1499	4	2699	4
1500	2	2880	8
1501	2	2881	8
1502	2	2882	8
1503	2	2883	8
1504	2	2884	8
1505	2	2885	3
1506	4	2886	-2
1507	4	2887	-3
1508	4	2888	-8
1509	4	2889	0
1510	4	2890	8
1511	2	2896	3
1512	4	2897	8
1513	4	2898	-2
1514	4	2899	0
1515	4	2900	-3
1516	4	2901	-8
1517	2	2907	3
1518	4	2908	0
1519	4	2909	-8
1520	4	2910	-2
1521	4	2911	8
1522	4	2912	-3
1523	2	2918	3
1524	4	2919	-8
1525	4	2920	8
1526	4	2921	-3
1527	4	2922	-2
1528	4	2923	0
1529	2	2929	3
1530	4	2930	-3
1531	4	2931	0
1532	4	2932	8
1533	4	2933	-8
1534	4	2934	-2
1535	2	2940	-4
1536	2	2941	-4
1537	2	2942	-4
1538	2	2943	-4
1539	2	2944	-4
1540	2	2945	-5
1541	4	2946	0
1542	4	2947	0
1543	4	2948	1
1544	4	2949	3
1545	4	2950	1
1546	2	2956	-5
1547	4	2957	1
1548	4	2958	0
1549	4	2959	3
1550	4	2960	0
1551	4	2961	1
1552	2	2967	-5
1553	4	2968	3
1554	4	2969	1
1555	4	2970	0
1556	4	2971	1
1557	4	2972	0
1558	2	2978	-5
1559	4	2979	1
1560	4	2980	1
1561	4	2981	0
1562	4	2982	0
1563	4	2983	3
1564	2	2989	-5
1565	4	2990	0
1566	4	2991	3
1567	4	2992	1
1568	4	2993	1
1569	4	2994	0
1570	2	3000	-4
1571	2	3001	-4
1572	2	3002	-4
1573	2	3003	-4
1574	2	3004	-4
1575	2	3005	2
1576	4	3006	2
1577	4	3007	3
1578	4	3008	7
1579	4	3009	-2
1580	4	3010	-8
1581	2	3016	2
1582	4	3017	-8
1583	4	3018	2
1584	4	3019	-2
1585	4	3020	3
1586	4	3021	7
1587	2	3027	2
1588	4	3028	-2
1589	4	3029	7
1590	4	3030	2
1591	4	3031	-8
1592	4	3032	3
1593	2	3038	2
1594	4	3039	7
1595	4	3040	-8
1596	4	3041	3
1597	4	3042	2
1598	4	3043	-2
1599	2	3049	2
1600	4	3050	3
1601	4	3051	-2
1602	4	3052	-8
1603	4	3053	7
1604	4	3054	2
1605	2	3060	3
1606	2	3061	3
1607	2	3062	3
1608	2	3063	3
1609	2	3064	3
1610	2	3065	-3
1611	4	3066	1
1612	4	3067	-1
1613	4	3068	-2
1614	4	3069	0
1615	4	3070	1
1616	2	3076	-3
1617	4	3077	1
1618	4	3078	1
1619	4	3079	0
1620	4	3080	-1
1621	4	3081	-2
1622	2	3087	-3
1623	4	3088	0
1624	4	3089	-2
1625	4	3090	1
1626	4	3091	1
1627	4	3092	-1
1628	2	3098	-3
1629	4	3099	-2
1630	4	3100	1
1631	4	3101	-1
1632	4	3102	1
1633	4	3103	0
1634	2	3109	-3
1635	4	3110	-1
1636	4	3111	0
1637	4	3112	1
1638	4	3113	-2
1639	4	3114	1
1640	4	3120	0
1641	4	3121	0
1642	4	3122	0
1643	4	3123	0
1644	4	3124	0
1645	4	3125	-1
1646	4	3126	-2
1647	4	3127	-3
1648	4	3128	-2
1649	4	3129	0
1650	4	3130	2
1651	4	3131	-3
1652	4	3132	-1
1653	4	3133	6
1654	4	3134	1
1655	4	3135	3
1656	4	3136	-1
1657	4	3137	-3
1658	4	3138	-2
1659	4	3139	-1
1660	4	3140	-3
1661	4	3141	6
1662	4	3142	-2
1663	4	3143	1
1664	4	3144	0
1665	4	3145	3
1666	4	3146	2
1667	4	3147	-1
1668	4	3148	0
1669	4	3149	6
1670	4	3150	-2
1671	4	3151	2
1672	4	3152	1
1673	4	3153	-3
1674	4	3154	-3
1675	4	3155	3
1676	4	3156	-2
1677	4	3157	-1
1678	4	3158	-1
1679	4	3159	-2
1680	4	3160	-3
1681	4	3161	1
1682	4	3162	-2
1683	4	3163	0
1684	4	3164	-1
1685	4	3165	3
1686	4	3166	-3
1687	4	3167	2
1688	4	3168	6
1689	4	3169	-1
1690	4	3170	1
1691	4	3171	-1
1692	4	3172	2
1693	4	3173	-2
1694	4	3174	-2
1695	4	3175	3
1696	4	3176	6
1697	4	3177	-3
1698	4	3178	0
1699	4	3179	-3
1700	4	3180	-2
1701	4	3181	-2
1702	4	3182	-2
1703	4	3183	-2
1704	4	3184	-2
1705	4	3185	5
1706	4	3186	-2
1707	4	3187	3
1708	4	3188	0
1709	4	3189	-1
1710	4	3190	0
1711	4	3191	-3
1712	4	3192	1
1713	4	3193	0
1714	4	3194	-4
1715	4	3195	4
1716	4	3196	5
1717	4	3197	-3
1718	4	3198	-2
1719	4	3199	1
1720	4	3200	3
1721	4	3201	0
1722	4	3202	0
1723	4	3203	-4
1724	4	3204	-1
1725	4	3205	4
1726	4	3206	0
1727	4	3207	5
1728	4	3208	-1
1729	4	3209	0
1730	4	3210	-2
1731	4	3211	0
1732	4	3212	-4
1733	4	3213	3
1734	4	3214	-3
1735	4	3215	4
1736	4	3216	0
1737	4	3217	1
1738	4	3218	5
1739	4	3219	0
1740	4	3220	-3
1741	4	3221	-4
1742	4	3222	-2
1743	4	3223	-1
1744	4	3224	1
1745	4	3225	4
1746	4	3226	3
1747	4	3227	0
1748	4	3228	0
1749	4	3229	5
1750	4	3230	-4
1751	4	3231	1
1752	4	3232	0
1753	4	3233	0
1754	4	3234	-2
1755	4	3235	4
1756	4	3236	0
1757	4	3237	-3
1758	4	3238	-1
1759	4	3239	3
1760	4	3240	-1
1761	4	3241	-1
1762	4	3242	-1
1763	4	3243	-1
1764	4	3244	-1
1765	4	3245	1
1766	4	3246	-5
1767	4	3247	8
1768	4	3248	-1
1769	4	3249	-3
1770	4	3250	-2
1771	4	3251	-3
1772	4	3252	-2
1773	4	3253	8
1774	4	3254	-5
1775	4	3255	5
1776	4	3256	1
1777	4	3257	-3
1778	4	3258	-5
1779	4	3259	-2
1780	4	3260	8
1781	4	3261	8
1782	4	3262	-1
1783	4	3263	-5
1784	4	3264	-3
1785	4	3265	5
1786	4	3266	-2
1787	4	3267	1
1788	4	3268	-3
1789	4	3269	8
1790	4	3270	-5
1791	4	3271	-2
1792	4	3272	-5
1793	4	3273	8
1794	4	3274	-3
1795	4	3275	5
1796	4	3276	-1
1797	4	3277	-2
1798	4	3278	1
1799	4	3279	-1
1800	4	3280	-3
1801	4	3281	-5
1802	4	3282	-5
1803	4	3283	-3
1804	4	3284	-2
1805	4	3285	5
1806	4	3286	8
1807	4	3287	-2
1808	4	3288	8
1809	4	3289	1
1810	4	3290	-5
1811	4	3291	-2
1812	4	3292	-2
1813	4	3293	-1
1814	4	3294	-5
1815	4	3295	5
1816	4	3296	8
1817	4	3297	-3
1818	4	3298	-3
1819	4	3299	8
1820	2	3480	-6
1821	2	3481	-6
1822	2	3482	-6
1823	2	3483	-6
1824	2	3484	-6
1825	2	3485	-2
1826	4	3486	-2
1827	4	3487	-1
1828	4	3488	5
1829	4	3489	1
1830	4	3490	1
1831	2	3496	-2
1832	4	3497	1
1833	4	3498	-2
1834	4	3499	1
1835	4	3500	-1
1836	4	3501	5
1837	2	3507	-2
1838	4	3508	1
1839	4	3509	5
1840	4	3510	-2
1841	4	3511	1
1842	4	3512	-1
1843	2	3518	-2
1844	4	3519	5
1845	4	3520	1
1846	4	3521	-1
1847	4	3522	-2
1848	4	3523	1
1849	2	3529	-2
1850	4	3530	-1
1851	4	3531	1
1852	4	3532	1
1853	4	3533	5
1854	4	3534	-2
1855	4	3540	-2
1856	4	3541	-2
1857	4	3542	-2
1858	4	3543	-2
1859	4	3544	-2
1860	4	3545	-4
1861	4	3546	0
1862	4	3547	2
1863	4	3548	0
1864	4	3549	7
1865	4	3550	2
1866	4	3551	-2
1867	4	3552	5
1868	4	3553	-2
1869	4	3554	-6
1870	4	3555	0
1871	4	3556	-4
1872	4	3557	-2
1873	4	3558	0
1874	4	3559	5
1875	4	3560	2
1876	4	3561	-2
1877	4	3562	0
1878	4	3563	-6
1879	4	3564	7
1880	4	3565	0
1881	4	3566	2
1882	4	3567	-4
1883	4	3568	7
1884	4	3569	-2
1885	4	3570	0
1886	4	3571	2
1887	4	3572	-6
1888	4	3573	2
1889	4	3574	-2
1890	4	3575	0
1891	4	3576	0
1892	4	3577	5
1893	4	3578	-4
1894	4	3579	0
1895	4	3580	-2
1896	4	3581	-6
1897	4	3582	0
1898	4	3583	7
1899	4	3584	5
1900	4	3585	0
1901	4	3586	2
1902	4	3587	2
1903	4	3588	-2
1904	4	3589	-4
1905	4	3590	-6
1906	4	3591	5
1907	4	3592	2
1908	4	3593	0
1909	4	3594	0
1910	4	3595	0
1911	4	3596	-2
1912	4	3597	-2
1913	4	3598	7
1914	4	3599	2
1915	4	3600	-5
1916	4	3601	-5
1917	4	3602	-5
1918	4	3603	-5
1919	4	3604	-5
1920	4	3605	-2
1921	4	3606	-1
1922	4	3607	3
1923	4	3608	5
1924	4	3609	0
1925	4	3610	-5
1926	4	3611	2
1927	4	3612	4
1928	4	3613	2
1929	4	3614	3
1930	4	3615	-5
1931	4	3616	-2
1932	4	3617	2
1933	4	3618	-1
1934	4	3619	4
1935	4	3620	3
1936	4	3621	2
1937	4	3622	5
1938	4	3623	3
1939	4	3624	0
1940	4	3625	-5
1941	4	3626	-5
1942	4	3627	-2
1943	4	3628	0
1944	4	3629	2
1945	4	3630	-1
1946	4	3631	-5
1947	4	3632	3
1948	4	3633	3
1949	4	3634	2
1950	4	3635	-5
1951	4	3636	5
1952	4	3637	4
1953	4	3638	-2
1954	4	3639	5
1955	4	3640	2
1956	4	3641	3
1957	4	3642	-1
1958	4	3643	0
1959	4	3644	4
1960	4	3645	-5
1961	4	3646	3
1962	4	3647	-5
1963	4	3648	2
1964	4	3649	-2
1965	4	3650	3
1966	4	3651	4
1967	4	3652	-5
1968	4	3653	5
1969	4	3654	-1
1970	4	3655	-5
1971	4	3656	2
1972	4	3657	2
1973	4	3658	0
1974	4	3659	3
1975	4	3660	-1
1976	4	3661	-1
1977	4	3662	-1
1978	4	3663	-1
1979	4	3664	-1
1980	4	3665	-6
1981	4	3666	-6
1982	4	3667	10
1983	4	3668	-3
1984	4	3669	-3
1985	4	3670	5
1986	4	3671	0
1987	4	3672	2
1988	4	3673	6
1989	4	3674	-8
1990	4	3675	5
1991	4	3676	-6
1992	4	3677	0
1993	4	3678	-6
1994	4	3679	2
1995	4	3680	10
1996	4	3681	6
1997	4	3682	-3
1998	4	3683	-8
1999	4	3684	-3
2000	4	3685	5
2001	4	3686	5
2002	4	3687	-6
2003	4	3688	-3
2004	4	3689	6
2005	4	3690	-6
2006	4	3691	5
2007	4	3692	-8
2008	4	3693	10
2009	4	3694	0
2010	4	3695	5
2011	4	3696	-3
2012	4	3697	2
2013	4	3698	-6
2014	4	3699	-3
2015	4	3700	0
2016	4	3701	-8
2017	4	3702	-6
2018	4	3703	-3
2019	4	3704	2
2020	4	3705	5
2021	4	3706	10
2022	4	3707	5
2023	4	3708	6
2024	4	3709	-6
2025	4	3710	-8
2026	4	3711	2
2027	4	3712	5
2028	4	3713	-3
2029	4	3714	-6
2030	4	3715	5
2031	4	3716	6
2032	4	3717	0
2033	4	3718	-3
2034	4	3719	10
2035	2	3900	3
2036	2	3901	3
2037	2	3902	3
2038	2	3903	3
2039	2	3904	3
2040	2	3905	4
2041	4	3906	0
2042	4	3907	2
2043	4	3908	-3
2044	4	3909	-1
2045	4	3910	-2
2046	2	3916	4
2047	4	3917	-2
2048	4	3918	0
2049	4	3919	-1
2050	4	3920	2
2051	4	3921	-3
2052	2	3927	4
2053	4	3928	-1
2054	4	3929	-3
2055	4	3930	0
2056	4	3931	-2
2057	4	3932	2
2058	2	3938	4
2059	4	3939	-3
2060	4	3940	-2
2061	4	3941	2
2062	4	3942	0
2063	4	3943	-1
2064	2	3949	4
2065	4	3950	2
2066	4	3951	-1
2067	4	3952	-2
2068	4	3953	-3
2069	4	3954	0
2070	4	3960	3
2071	4	3961	3
2072	4	3962	3
2073	4	3963	3
2074	4	3964	3
2075	4	3965	2
2076	4	3966	3
2077	4	3967	-6
2078	4	3968	3
2079	4	3969	3
2080	4	3970	-2
2081	4	3971	1
2082	4	3972	-1
2083	4	3973	-6
2084	4	3974	5
2085	4	3975	-4
2086	4	3976	2
2087	4	3977	1
2088	4	3978	3
2089	4	3979	-1
2090	4	3980	-6
2091	4	3981	-6
2092	4	3982	3
2093	4	3983	5
2094	4	3984	3
2095	4	3985	-4
2096	4	3986	-2
2097	4	3987	2
2098	4	3988	3
2099	4	3989	-6
2100	4	3990	3
2101	4	3991	-2
2102	4	3992	5
2103	4	3993	-6
2104	4	3994	1
2105	4	3995	-4
2106	4	3996	3
2107	4	3997	-1
2108	4	3998	2
2109	4	3999	3
2110	4	4000	1
2111	4	4001	5
2112	4	4002	3
2113	4	4003	3
2114	4	4004	-1
2115	4	4005	-4
2116	4	4006	-6
2117	4	4007	-2
2118	4	4008	-6
2119	4	4009	2
2120	4	4010	5
2121	4	4011	-1
2122	4	4012	-2
2123	4	4013	3
2124	4	4014	3
2125	4	4015	-4
2126	4	4016	-6
2127	4	4017	1
2128	4	4018	3
2129	4	4019	-6
2130	4	4020	4
2131	4	4021	4
2132	4	4022	4
2133	4	4023	4
2134	4	4024	4
2135	4	4025	2
2136	4	4026	5
2137	4	4027	-2
2138	4	4028	2
2139	4	4029	-2
2140	4	4030	4
2141	4	4031	1
2142	4	4032	-5
2143	4	4033	-8
2144	4	4034	3
2145	4	4035	-5
2146	4	4036	2
2147	4	4037	1
2148	4	4038	5
2149	4	4039	-5
2150	4	4040	-2
2151	4	4041	-8
2152	4	4042	2
2153	4	4043	3
2154	4	4044	-2
2155	4	4045	-5
2156	4	4046	4
2157	4	4047	2
2158	4	4048	-2
2159	4	4049	-8
2160	4	4050	5
2161	4	4051	4
2162	4	4052	3
2163	4	4053	-2
2164	4	4054	1
2165	4	4055	-5
2166	4	4056	2
2167	4	4057	-5
2168	4	4058	2
2169	4	4059	2
2170	4	4060	1
2171	4	4061	3
2172	4	4062	5
2173	4	4063	-2
2174	4	4064	-5
2175	4	4065	-5
2176	4	4066	-2
2177	4	4067	4
2178	4	4068	-8
2179	4	4069	2
2180	4	4070	3
2181	4	4071	-5
2182	4	4072	4
2183	4	4073	2
2184	4	4074	5
2185	4	4075	-5
2186	4	4076	-8
2187	4	4077	1
2188	4	4078	-2
2189	4	4079	-2
2190	4	4080	5
2191	4	4081	5
2192	4	4082	5
2193	4	4083	5
2194	4	4084	5
2195	4	4085	3
2196	4	4086	3
2197	4	4087	1
2198	4	4088	-3
2199	4	4089	0
2200	4	4090	3
2201	4	4091	1
2202	4	4092	-3
2203	4	4093	-8
2204	4	4094	-3
2205	4	4095	3
2206	4	4096	3
2207	4	4097	1
2208	4	4098	3
2209	4	4099	-3
2210	4	4100	1
2211	4	4101	-8
2212	4	4102	-3
2213	4	4103	-3
2214	4	4104	0
2215	4	4105	3
2216	4	4106	3
2217	4	4107	3
2218	4	4108	0
2219	4	4109	-8
2220	4	4110	3
2221	4	4111	3
2222	4	4112	-3
2223	4	4113	1
2224	4	4114	1
2225	4	4115	3
2226	4	4116	-3
2227	4	4117	-3
2228	4	4118	3
2229	4	4119	-3
2230	4	4120	1
2231	4	4121	-3
2232	4	4122	3
2233	4	4123	0
2234	4	4124	-3
2235	4	4125	3
2236	4	4126	1
2237	4	4127	3
2238	4	4128	-8
2239	4	4129	3
2240	4	4130	-3
2241	4	4131	-3
2242	4	4132	3
2243	4	4133	-3
2244	4	4134	3
2245	4	4135	3
2246	4	4136	-8
2247	4	4137	1
2248	4	4138	0
2249	4	4139	1
2250	4	4320	10
2251	4	4321	10
2252	4	4322	10
2253	4	4323	10
2254	4	4324	10
2255	4	4325	4
2256	4	4326	6
2257	4	4327	6
2258	4	4328	-4
2259	4	4329	-5
2260	4	4330	-4
2261	4	4331	2
2262	4	4332	1
2263	4	4333	-2
2264	4	4334	-7
2265	4	4335	-7
2266	4	4336	4
2267	4	4337	2
2268	4	4338	6
2269	4	4339	1
2270	4	4340	6
2271	4	4341	-2
2272	4	4342	-4
2273	4	4343	-7
2274	4	4344	-5
2275	4	4345	-7
2276	4	4346	-4
2277	4	4347	4
2278	4	4348	-5
2279	4	4349	-2
2280	4	4350	6
2281	4	4351	-4
2282	4	4352	-7
2283	4	4353	6
2284	4	4354	2
2285	4	4355	-7
2286	4	4356	-4
2287	4	4357	1
2288	4	4358	4
2289	4	4359	-4
2290	4	4360	2
2291	4	4361	-7
2292	4	4362	6
2293	4	4363	-5
2294	4	4364	1
2295	4	4365	-7
2296	4	4366	6
2297	4	4367	-4
2298	4	4368	-2
2299	4	4369	4
2300	4	4370	-7
2301	4	4371	1
2302	4	4372	-4
2303	4	4373	-4
2304	4	4374	6
2305	4	4375	-7
2306	4	4376	-2
2307	4	4377	2
2308	4	4378	-5
2309	4	4379	6
2310	4	4380	-4
2311	4	4381	-4
2312	4	4382	-4
2313	4	4383	-4
2314	4	4384	-4
2315	4	4385	3
2316	4	4386	3
2317	4	4387	-1
2318	4	4388	2
2319	4	4389	1
2320	4	4390	0
2321	4	4391	-5
2322	4	4392	-5
2323	4	4393	-1
2324	4	4394	3
2325	4	4395	4
2326	4	4396	3
2327	4	4397	-5
2328	4	4398	3
2329	4	4399	-5
2330	4	4400	-1
2331	4	4401	-1
2332	4	4402	2
2333	4	4403	3
2334	4	4404	1
2335	4	4405	4
2336	4	4406	0
2337	4	4407	3
2338	4	4408	1
2339	4	4409	-1
2340	4	4410	3
2341	4	4411	0
2342	4	4412	3
2343	4	4413	-1
2344	4	4414	-5
2345	4	4415	4
2346	4	4416	2
2347	4	4417	-5
2348	4	4418	3
2349	4	4419	2
2350	4	4420	-5
2351	4	4421	3
2352	4	4422	3
2353	4	4423	1
2354	4	4424	-5
2355	4	4425	4
2356	4	4426	-1
2357	4	4427	0
2358	4	4428	-1
2359	4	4429	3
2360	4	4430	3
2361	4	4431	-5
2362	4	4432	0
2363	4	4433	2
2364	4	4434	3
2365	4	4435	4
2366	4	4436	-1
2367	4	4437	-5
2368	4	4438	1
2369	4	4439	-1
2370	4	4440	-6
2371	4	4441	-6
2372	4	4442	-6
2373	4	4443	-6
2374	4	4444	-6
2375	4	4445	-6
2376	4	4446	-9
2377	4	4447	-5
2378	4	4448	2
2379	4	4449	4
2380	4	4450	3
2381	4	4451	3
2382	4	4452	4
2383	4	4453	2
2384	4	4454	4
2385	4	4455	4
2386	4	4456	-6
2387	4	4457	3
2388	4	4458	-9
2389	4	4459	4
2390	4	4460	-5
2391	4	4461	2
2392	4	4462	2
2393	4	4463	4
2394	4	4464	4
2395	4	4465	4
2396	4	4466	3
2397	4	4467	-6
2398	4	4468	4
2399	4	4469	2
2400	4	4470	-9
2401	4	4471	3
2402	4	4472	4
2403	4	4473	-5
2404	4	4474	3
2405	4	4475	4
2406	4	4476	2
2407	4	4477	4
2408	4	4478	-6
2409	4	4479	2
2410	4	4480	3
2411	4	4481	4
2412	4	4482	-9
2413	4	4483	4
2414	4	4484	4
2415	4	4485	4
2416	4	4486	-5
2417	4	4487	3
2418	4	4488	2
2419	4	4489	-6
2420	4	4490	4
2421	4	4491	4
2422	4	4492	3
2423	4	4493	2
2424	4	4494	-9
2425	4	4495	4
2426	4	4496	2
2427	4	4497	3
2428	4	4498	4
2429	4	4499	-5
2430	4	4500	1
2431	4	4501	1
2432	4	4502	1
2433	4	4503	1
2434	4	4504	1
2435	4	4505	-3
2436	4	4506	-6
2437	4	4507	-3
2438	4	4508	-1
2439	4	4509	-2
2440	4	4510	10
2441	4	4511	-2
2442	4	4512	4
2443	4	4513	1
2444	4	4514	-3
2445	4	4515	3
2446	4	4516	-3
2447	4	4517	-2
2448	4	4518	-6
2449	4	4519	4
2450	4	4520	-3
2451	4	4521	1
2452	4	4522	-1
2453	4	4523	-3
2454	4	4524	-2
2455	4	4525	3
2456	4	4526	10
2457	4	4527	-3
2458	4	4528	-2
2459	4	4529	1
2460	4	4530	-6
2461	4	4531	10
2462	4	4532	-3
2463	4	4533	-3
2464	4	4534	-2
2465	4	4535	3
2466	4	4536	-1
2467	4	4537	4
2468	4	4538	-3
2469	4	4539	-1
2470	4	4540	-2
2471	4	4541	-3
2472	4	4542	-6
2473	4	4543	-2
2474	4	4544	4
2475	4	4545	3
2476	4	4546	-3
2477	4	4547	10
2478	4	4548	1
2479	4	4549	-3
2480	4	4550	-3
2481	4	4551	4
2482	4	4552	10
2483	4	4553	-1
2484	4	4554	-6
2485	4	4555	3
2486	4	4556	1
2487	4	4557	-2
2488	4	4558	-2
2489	4	4559	-3
2490	4	4560	1
2491	4	4561	1
2492	4	4562	1
2493	4	4563	1
2494	4	4564	1
2495	4	4565	1
2496	4	4566	-1
2497	4	4567	2
2498	4	4568	3
2499	4	4569	-4
2500	4	4570	-1
2501	4	4571	1
2502	4	4572	2
2503	4	4573	1
2504	4	4574	-4
2505	4	4575	0
2506	4	4576	1
2507	4	4577	1
2508	4	4578	-1
2509	4	4579	2
2510	4	4580	2
2511	4	4581	1
2512	4	4582	3
2513	4	4583	-4
2514	4	4584	-4
2515	4	4585	0
2516	4	4586	-1
2517	4	4587	1
2518	4	4588	-4
2519	4	4589	1
2520	4	4590	-1
2521	4	4591	-1
2522	4	4592	-4
2523	4	4593	2
2524	4	4594	1
2525	4	4595	0
2526	4	4596	3
2527	4	4597	2
2528	4	4598	1
2529	4	4599	3
2530	4	4600	1
2531	4	4601	-4
2532	4	4602	-1
2533	4	4603	-4
2534	4	4604	2
2535	4	4605	0
2536	4	4606	2
2537	4	4607	-1
2538	4	4608	1
2539	4	4609	1
2540	4	4610	-4
2541	4	4611	2
2542	4	4612	-1
2543	4	4613	3
2544	4	4614	-1
2545	4	4615	0
2546	4	4616	1
2547	4	4617	1
2548	4	4618	-4
2549	4	4619	2
2550	4	4620	3
2551	4	4621	3
2552	4	4622	3
2553	4	4623	3
2554	4	4624	3
2555	4	4625	-3
2556	4	4626	-5
2557	4	4627	0
2558	4	4628	1
2559	4	4629	-1
2560	4	4630	0
2561	4	4631	0
2562	4	4632	-3
2563	4	4633	9
2564	4	4634	-3
2565	4	4635	1
2566	4	4636	-3
2567	4	4637	0
2568	4	4638	-5
2569	4	4639	-3
2570	4	4640	0
2571	4	4641	9
2572	4	4642	1
2573	4	4643	-3
2574	4	4644	-1
2575	4	4645	1
2576	4	4646	0
2577	4	4647	-3
2578	4	4648	-1
2579	4	4649	9
2580	4	4650	-5
2581	4	4651	0
2582	4	4652	-3
2583	4	4653	0
2584	4	4654	0
2585	4	4655	1
2586	4	4656	1
2587	4	4657	-3
2588	4	4658	-3
2589	4	4659	1
2590	4	4660	0
2591	4	4661	-3
2592	4	4662	-5
2593	4	4663	-1
2594	4	4664	-3
2595	4	4665	1
2596	4	4666	0
2597	4	4667	0
2598	4	4668	9
2599	4	4669	-3
2600	4	4670	-3
2601	4	4671	-3
2602	4	4672	0
2603	4	4673	1
2604	4	4674	-5
2605	4	4675	1
2606	4	4676	9
2607	4	4677	0
2608	4	4678	-1
2609	4	4679	0
2610	4	4680	-2
2611	4	4681	-2
2612	4	4682	-2
2613	4	4683	-2
2614	4	4684	-2
2615	4	4685	-3
2616	4	4686	0
2617	4	4687	0
2618	4	4688	-1
2619	4	4689	-3
2620	4	4690	-1
2621	4	4691	5
2622	4	4692	2
2623	4	4693	0
2624	4	4694	0
2625	4	4695	0
2626	4	4696	-3
2627	4	4697	5
2628	4	4698	0
2629	4	4699	2
2630	4	4700	0
2631	4	4701	0
2632	4	4702	-1
2633	4	4703	0
2634	4	4704	-3
2635	4	4705	0
2636	4	4706	-1
2637	4	4707	-3
2638	4	4708	-3
2639	4	4709	0
2640	4	4710	0
2641	4	4711	-1
2642	4	4712	0
2643	4	4713	0
2644	4	4714	5
2645	4	4715	0
2646	4	4716	-1
2647	4	4717	2
2648	4	4718	-3
2649	4	4719	-1
2650	4	4720	5
2651	4	4721	0
2652	4	4722	0
2653	4	4723	-3
2654	4	4724	2
2655	4	4725	0
2656	4	4726	0
2657	4	4727	-1
2658	4	4728	0
2659	4	4729	-3
2660	4	4730	0
2661	4	4731	2
2662	4	4732	-1
2663	4	4733	-1
2664	4	4734	0
2665	4	4735	0
2666	4	4736	0
2667	4	4737	5
2668	4	4738	-3
2669	4	4739	0
2670	4	4740	-2
2671	4	4741	-2
2672	4	4742	-2
2673	4	4743	-2
2674	4	4744	-2
2675	4	4745	1
2676	4	4746	3
2677	4	4747	-2
2678	4	4748	-2
2679	4	4749	5
2680	4	4750	-3
2681	4	4751	1
2682	4	4752	1
2683	4	4753	1
2684	4	4754	-2
2685	4	4755	-1
2686	4	4756	1
2687	4	4757	1
2688	4	4758	3
2689	4	4759	1
2690	4	4760	-2
2691	4	4761	1
2692	4	4762	-2
2693	4	4763	-2
2694	4	4764	5
2695	4	4765	-1
2696	4	4766	-3
2697	4	4767	1
2698	4	4768	5
2699	4	4769	1
2700	4	4770	3
2701	4	4771	-3
2702	4	4772	-2
2703	4	4773	-2
2704	4	4774	1
2705	4	4775	-1
2706	4	4776	-2
2707	4	4777	1
2708	4	4778	1
2709	4	4779	-2
2710	4	4780	1
2711	4	4781	-2
2712	4	4782	3
2713	4	4783	5
2714	4	4784	1
2715	4	4785	-1
2716	4	4786	-2
2717	4	4787	-3
2718	4	4788	1
2719	4	4789	1
2720	4	4790	-2
2721	4	4791	1
2722	4	4792	-3
2723	4	4793	-2
2724	4	4794	3
2725	4	4795	-1
2726	4	4796	1
2727	4	4797	1
2728	4	4798	5
2729	4	4799	-2
2730	4	4800	-2
2731	4	4801	-2
2732	4	4802	-2
2733	4	4803	-2
2734	4	4804	-2
2735	4	4805	-1
2736	4	4806	0
2737	4	4807	2
2738	4	4808	1
2739	4	4809	0
2740	4	4810	-1
2741	4	4811	1
2742	4	4812	1
2743	4	4813	-3
2744	4	4814	5
2745	4	4815	-3
2746	4	4816	-1
2747	4	4817	1
2748	4	4818	0
2749	4	4819	1
2750	4	4820	2
2751	4	4821	-3
2752	4	4822	1
2753	4	4823	5
2754	4	4824	0
2755	4	4825	-3
2756	4	4826	-1
2757	4	4827	-1
2758	4	4828	0
2759	4	4829	-3
2760	4	4830	0
2761	4	4831	-1
2762	4	4832	5
2763	4	4833	2
2764	4	4834	1
2765	4	4835	-3
2766	4	4836	1
2767	4	4837	1
2768	4	4838	-1
2769	4	4839	1
2770	4	4840	1
2771	4	4841	5
2772	4	4842	0
2773	4	4843	0
2774	4	4844	1
2775	4	4845	-3
2776	4	4846	2
2777	4	4847	-1
2778	4	4848	-3
2779	4	4849	-1
2780	4	4850	5
2781	4	4851	1
2782	4	4852	-1
2783	4	4853	1
2784	4	4854	0
2785	4	4855	-3
2786	4	4856	-3
2787	4	4857	1
2788	4	4858	0
2789	4	4859	2
2790	4	4860	-5
2791	4	4861	-5
2792	4	4862	-5
2793	4	4863	-5
2794	4	4864	-5
2795	4	4865	-3
2796	4	4866	-1
2797	4	4867	0
2798	4	4868	-2
2799	4	4869	5
2800	4	4870	-1
2801	4	4871	6
2802	4	4872	3
2803	4	4873	-5
2804	4	4874	1
2805	4	4875	2
2806	4	4876	-3
2807	4	4877	6
2808	4	4878	-1
2809	4	4879	3
2810	4	4880	0
2811	4	4881	-5
2812	4	4882	-2
2813	4	4883	1
2814	4	4884	5
2815	4	4885	2
2816	4	4886	-1
2817	4	4887	-3
2818	4	4888	5
2819	4	4889	-5
2820	4	4890	-1
2821	4	4891	-1
2822	4	4892	1
2823	4	4893	0
2824	4	4894	6
2825	4	4895	2
2826	4	4896	-2
2827	4	4897	3
2828	4	4898	-3
2829	4	4899	-2
2830	4	4900	6
2831	4	4901	1
2832	4	4902	-1
2833	4	4903	5
2834	4	4904	3
2835	4	4905	2
2836	4	4906	0
2837	4	4907	-1
2838	4	4908	-5
2839	4	4909	-3
2840	4	4910	1
2841	4	4911	3
2842	4	4912	-1
2843	4	4913	-2
2844	4	4914	-1
2845	4	4915	2
2846	4	4916	-5
2847	4	4917	6
2848	4	4918	5
2849	4	4919	0
2850	4	4920	-4
2851	4	4921	-4
2852	4	4922	-4
2853	4	4923	-4
2854	4	4924	-4
2855	4	4925	1
2856	4	4926	4
2857	4	4927	0
2858	4	4928	2
2859	4	4929	2
2860	4	4930	-8
2861	4	4931	-5
2862	4	4932	-4
2863	4	4933	5
2864	4	4934	7
2865	4	4935	1
2866	4	4936	1
2867	4	4937	-5
2868	4	4938	4
2869	4	4939	-4
2870	4	4940	0
2871	4	4941	5
2872	4	4942	2
2873	4	4943	7
2874	4	4944	2
2875	4	4945	1
2876	4	4946	-8
2877	4	4947	1
2878	4	4948	2
2879	4	4949	5
2880	4	4950	4
2881	4	4951	-8
2882	4	4952	7
2883	4	4953	0
2884	4	4954	-5
2885	4	4955	1
2886	4	4956	2
2887	4	4957	-4
2888	4	4958	1
2889	4	4959	2
2890	4	4960	-5
2891	4	4961	7
2892	4	4962	4
2893	4	4963	2
2894	4	4964	-4
2895	4	4965	1
2896	4	4966	0
2897	4	4967	-8
2898	4	4968	5
2899	4	4969	1
2900	4	4970	7
2901	4	4971	-4
2902	4	4972	-8
2903	4	4973	2
2904	4	4974	4
2905	4	4975	1
2906	4	4976	5
2907	4	4977	-5
2908	4	4978	2
2909	4	4979	0
2910	4	4980	0
2911	4	4981	0
2912	4	4982	0
2913	4	4983	0
2914	4	4984	0
2915	4	4985	0
2916	4	4986	-6
2917	4	4987	-3
2918	4	4988	9
2919	4	4989	-1
2920	4	4990	5
2921	4	4991	-5
2922	4	4992	-2
2923	4	4993	1
2924	4	4994	0
2925	4	4995	2
2926	4	4996	0
2927	4	4997	-5
2928	4	4998	-6
2929	4	4999	-2
2930	4	5000	-3
2931	4	5001	1
2932	4	5002	9
2933	4	5003	0
2934	4	5004	-1
2935	4	5005	2
2936	4	5006	5
2937	4	5007	0
2938	4	5008	-1
2939	4	5009	1
2940	4	5010	-6
2941	4	5011	5
2942	4	5012	0
2943	4	5013	-3
2944	4	5014	-5
2945	4	5015	2
2946	4	5016	9
2947	4	5017	-2
2948	4	5018	0
2949	4	5019	9
2950	4	5020	-5
2951	4	5021	0
2952	4	5022	-6
2953	4	5023	-1
2954	4	5024	-2
2955	4	5025	2
2956	4	5026	-3
2957	4	5027	5
2958	4	5028	1
2959	4	5029	0
2960	4	5030	0
2961	4	5031	-2
2962	4	5032	5
2963	4	5033	9
2964	4	5034	-6
2965	4	5035	2
2966	4	5036	1
2967	4	5037	-5
2968	4	5038	-1
2969	4	5039	-3
2970	4	5040	-8
2971	4	5041	-8
2972	4	5042	-8
2973	4	5043	-8
2974	4	5044	-8
2975	4	5045	0
2976	4	5046	6
2977	4	5047	2
2978	4	5048	-1
2979	4	5049	6
2980	4	5050	-7
2981	4	5051	1
2982	4	5052	-2
2983	4	5053	-6
2984	4	5054	9
2985	4	5055	-1
2986	4	5056	0
2987	4	5057	1
2988	4	5058	6
2989	4	5059	-2
2990	4	5060	2
2991	4	5061	-6
2992	4	5062	-1
2993	4	5063	9
2994	4	5064	6
2995	4	5065	-1
2996	4	5066	-7
2997	4	5067	0
2998	4	5068	6
2999	4	5069	-6
3000	4	5070	6
3001	4	5071	-7
3002	4	5072	9
3003	4	5073	2
3004	4	5074	1
3005	4	5075	-1
3006	4	5076	-1
3007	4	5077	-2
3008	4	5078	0
3009	4	5079	-1
3010	4	5080	1
3011	4	5081	9
3012	4	5082	6
3013	4	5083	6
3014	4	5084	-2
3015	4	5085	-1
3016	4	5086	2
3017	4	5087	-7
3018	4	5088	-6
3019	4	5089	0
3020	4	5090	9
3021	4	5091	-2
3022	4	5092	-7
3023	4	5093	-1
3024	4	5094	6
3025	4	5095	-1
3026	4	5096	-6
3027	4	5097	1
3028	4	5098	6
3029	4	5099	2
3030	4	5100	3
3031	4	5101	3
3032	4	5102	3
3033	4	5103	3
3034	4	5104	3
3035	4	5105	-2
3036	4	5106	-4
3037	4	5107	-1
3038	4	5108	-3
3039	4	5109	-2
3040	4	5110	7
3041	4	5111	-4
3042	4	5112	-5
3043	4	5113	6
3044	4	5114	-5
3045	4	5115	10
3046	4	5116	-2
3047	4	5117	-4
3048	4	5118	-4
3049	4	5119	-5
3050	4	5120	-1
3051	4	5121	6
3052	4	5122	-3
3053	4	5123	-5
3054	4	5124	-2
3055	4	5125	10
3056	4	5126	7
3057	4	5127	-2
3058	4	5128	-2
3059	4	5129	6
3060	4	5130	-4
3061	4	5131	7
3062	4	5132	-5
3063	4	5133	-1
3064	4	5134	-4
3065	4	5135	10
3066	4	5136	-3
3067	4	5137	-5
3068	4	5138	-2
3069	4	5139	-3
3070	4	5140	-4
3071	4	5141	-5
3072	4	5142	-4
3073	4	5143	-2
3074	4	5144	-5
3075	4	5145	10
3076	4	5146	-1
3077	4	5147	7
3078	4	5148	6
3079	4	5149	-2
3080	4	5150	-5
3081	4	5151	-5
3082	4	5152	7
3083	4	5153	-3
3084	4	5154	-4
3085	4	5155	10
3086	4	5156	6
3087	4	5157	-4
3088	4	5158	-2
3089	4	5159	-1
3090	4	5160	-8
3091	4	5161	-8
3092	4	5162	-8
3093	4	5163	-8
3094	4	5164	-8
3095	4	5165	3
3096	4	5166	3
3097	4	5167	-2
3098	4	5168	2
3099	4	5169	7
3100	4	5170	4
3101	4	5171	-5
3102	4	5172	-3
3103	4	5173	-9
3104	4	5174	5
3105	4	5175	3
3106	4	5176	3
3107	4	5177	-5
3108	4	5178	3
3109	4	5179	-3
3110	4	5180	-2
3111	4	5181	-9
3112	4	5182	2
3113	4	5183	5
3114	4	5184	7
3115	4	5185	3
3116	4	5186	4
3117	4	5187	3
3118	4	5188	7
3119	4	5189	-9
3120	4	5190	3
3121	4	5191	4
3122	4	5192	5
3123	4	5193	-2
3124	4	5194	-5
3125	4	5195	3
3126	4	5196	2
3127	4	5197	-3
3128	4	5198	3
3129	4	5199	2
3130	4	5200	-5
3131	4	5201	5
3132	4	5202	3
3133	4	5203	7
3134	4	5204	-3
3135	4	5205	3
3136	4	5206	-2
3137	4	5207	4
3138	4	5208	-9
3139	4	5209	3
3140	4	5210	5
3141	4	5211	-3
3142	4	5212	4
3143	4	5213	2
3144	4	5214	3
3145	4	5215	3
3146	4	5216	-9
3147	4	5217	-5
3148	4	5218	7
3149	4	5219	-2
3150	4	5220	0
3151	4	5221	0
3152	4	5222	0
3153	4	5223	0
3154	4	5224	0
3155	4	5225	5
3156	4	5226	0
3157	4	5227	1
3158	4	5228	8
3159	4	5229	-3
3160	4	5230	-5
3161	4	5231	-4
3162	4	5232	-4
3163	4	5233	5
3164	4	5234	-2
3165	4	5235	-1
3166	4	5236	5
3167	4	5237	-4
3168	4	5238	0
3169	4	5239	-4
3170	4	5240	1
3171	4	5241	5
3172	4	5242	8
3173	4	5243	-2
3174	4	5244	-3
3175	4	5245	-1
3176	4	5246	-5
3177	4	5247	5
3178	4	5248	-3
3179	4	5249	5
3180	4	5250	0
3181	4	5251	-5
3182	4	5252	-2
3183	4	5253	1
3184	4	5254	-4
3185	4	5255	-1
3186	4	5256	8
3187	4	5257	-4
3188	4	5258	5
3189	4	5259	8
3190	4	5260	-4
3191	4	5261	-2
3192	4	5262	0
3193	4	5263	-3
3194	4	5264	-4
3195	4	5265	-1
3196	4	5266	1
3197	4	5267	-5
3198	4	5268	5
3199	4	5269	5
3200	4	5270	-2
3201	4	5271	-4
3202	4	5272	-5
3203	4	5273	8
3204	4	5274	0
3205	4	5275	-1
3206	4	5276	5
3207	4	5277	-4
3208	4	5278	-3
3209	4	5279	1
3210	4	5280	-2
3211	4	5281	-2
3212	4	5282	-2
3213	4	5283	-2
3214	4	5284	-2
3215	4	5285	3
3216	4	5286	-4
3217	4	5287	5
3218	4	5288	1
3219	4	5289	1
3220	4	5290	3
3221	4	5291	-4
3222	4	5292	-3
3223	4	5293	-7
3224	4	5294	0
3225	4	5295	7
3226	4	5296	3
3227	4	5297	-4
3228	4	5298	-4
3229	4	5299	-3
3230	4	5300	5
3231	4	5301	-7
3232	4	5302	1
3233	4	5303	0
3234	4	5304	1
3235	4	5305	7
3236	4	5306	3
3237	4	5307	3
3238	4	5308	1
3239	4	5309	-7
3240	4	5310	-4
3241	4	5311	3
3242	4	5312	0
3243	4	5313	5
3244	4	5314	-4
3245	4	5315	7
3246	4	5316	1
3247	4	5317	-3
3248	4	5318	3
3249	4	5319	1
3250	4	5320	-4
3251	4	5321	0
3252	4	5322	-4
3253	4	5323	1
3254	4	5324	-3
3255	4	5325	7
3256	4	5326	5
3257	4	5327	3
3258	4	5328	-7
3259	4	5329	3
3260	4	5330	0
3261	4	5331	-3
3262	4	5332	3
3263	4	5333	1
3264	4	5334	-4
3265	4	5335	7
3266	4	5336	-7
3267	4	5337	-4
3268	4	5338	1
3269	4	5339	5
3270	4	5340	3
3271	4	5341	3
3272	4	5342	3
3273	4	5343	3
3274	4	5344	3
3275	4	5345	2
3276	4	5346	2
3277	4	5347	3
3278	4	5348	-1
3279	4	5349	0
3280	4	5350	-2
3281	4	5351	7
3282	4	5352	0
3283	4	5353	-6
3284	4	5354	-3
3285	4	5355	-5
3286	4	5356	2
3287	4	5357	7
3288	4	5358	2
3289	4	5359	0
3290	4	5360	3
3291	4	5361	-6
3292	4	5362	-1
3293	4	5363	-3
3294	4	5364	0
3295	4	5365	-5
3296	4	5366	-2
3297	4	5367	2
3298	4	5368	0
3299	4	5369	-6
3300	4	5370	2
3301	4	5371	-2
3302	4	5372	-3
3303	4	5373	3
3304	4	5374	7
3305	4	5375	-5
3306	4	5376	-1
3307	4	5377	0
3308	4	5378	2
3309	4	5379	-1
3310	4	5380	7
3311	4	5381	-3
3312	4	5382	2
3313	4	5383	0
3314	4	5384	0
3315	4	5385	-5
3316	4	5386	3
3317	4	5387	-2
3318	4	5388	-6
3319	4	5389	2
3320	4	5390	-3
3321	4	5391	0
3322	4	5392	-2
3323	4	5393	-1
3324	4	5394	2
3325	4	5395	-5
3326	4	5396	-6
3327	4	5397	7
3328	4	5398	0
3329	4	5399	3
3330	4	5400	-1
3331	4	5401	-1
3332	4	5402	-1
3333	4	5403	-1
3334	4	5404	-1
3335	4	5405	3
3336	4	5406	3
3337	4	5407	0
3338	4	5408	2
3339	4	5409	2
3340	4	5410	-5
3341	4	5411	3
3342	4	5412	3
3343	4	5413	-3
3344	4	5414	0
3345	4	5415	-7
3346	4	5416	3
3347	4	5417	3
3348	4	5418	3
3349	4	5419	3
3350	4	5420	0
3351	4	5421	-3
3352	4	5422	2
3353	4	5423	0
3354	4	5424	2
3355	4	5425	-7
3356	4	5426	-5
3357	4	5427	3
3358	4	5428	2
3359	4	5429	-3
3360	4	5430	3
3361	4	5431	-5
3362	4	5432	0
3363	4	5433	0
3364	4	5434	3
3365	4	5435	-7
3366	4	5436	2
3367	4	5437	3
3368	4	5438	3
3369	4	5439	2
3370	4	5440	3
3371	4	5441	0
3372	4	5442	3
3373	4	5443	2
3374	4	5444	3
3375	4	5445	-7
3376	4	5446	0
3377	4	5447	-5
3378	4	5448	-3
3379	4	5449	3
3380	4	5450	0
3381	4	5451	3
3382	4	5452	-5
3383	4	5453	2
3384	4	5454	3
3385	4	5455	-7
3386	4	5456	-3
3387	4	5457	3
3388	4	5458	2
3389	4	5459	0
3390	4	5460	4
3391	4	5461	4
3392	4	5462	4
3393	4	5463	4
3394	4	5464	4
3395	4	5465	0
3396	4	5466	4
3397	4	5467	-5
3398	4	5468	0
3399	4	5469	2
3400	4	5470	-2
3401	4	5471	-2
3402	4	5472	0
3403	4	5473	6
3404	4	5474	0
3405	4	5475	-7
3406	4	5476	0
3407	4	5477	-2
3408	4	5478	4
3409	4	5479	0
3410	4	5480	-5
3411	4	5481	6
3412	4	5482	0
3413	4	5483	0
3414	4	5484	2
3415	4	5485	-7
3416	4	5486	-2
3417	4	5487	0
3418	4	5488	2
3419	4	5489	6
3420	4	5490	4
3421	4	5491	-2
3422	4	5492	0
3423	4	5493	-5
3424	4	5494	-2
3425	4	5495	-7
3426	4	5496	0
3427	4	5497	0
3428	4	5498	0
3429	4	5499	0
3430	4	5500	-2
3431	4	5501	0
3432	4	5502	4
3433	4	5503	2
3434	4	5504	0
3435	4	5505	-7
3436	4	5506	-5
3437	4	5507	-2
3438	4	5508	6
3439	4	5509	0
3440	4	5510	0
3441	4	5511	0
3442	4	5512	-2
3443	4	5513	0
3444	4	5514	4
3445	4	5515	-7
3446	4	5516	6
3447	4	5517	-2
3448	4	5518	2
3449	4	5519	-5
3450	4	5520	7
3451	4	5521	7
3452	4	5522	7
3453	4	5523	7
3454	4	5524	7
3455	4	5525	-2
3456	4	5526	-5
3457	4	5527	-4
3458	4	5528	-2
3459	4	5529	-2
3460	4	5530	8
3461	4	5531	-2
3462	4	5532	1
3463	4	5533	5
3464	4	5534	-5
3465	4	5535	1
3466	4	5536	-2
3467	4	5537	-2
3468	4	5538	-5
3469	4	5539	1
3470	4	5540	-4
3471	4	5541	5
3472	4	5542	-2
3473	4	5543	-5
3474	4	5544	-2
3475	4	5545	1
3476	4	5546	8
3477	4	5547	-2
3478	4	5548	-2
3479	4	5549	5
3480	4	5550	-5
3481	4	5551	8
3482	4	5552	-5
3483	4	5553	-4
3484	4	5554	-2
3485	4	5555	1
3486	4	5556	-2
3487	4	5557	1
3488	4	5558	-2
3489	4	5559	-2
3490	4	5560	-2
3491	4	5561	-5
3492	4	5562	-5
3493	4	5563	-2
3494	4	5564	1
3495	4	5565	1
3496	4	5566	-4
3497	4	5567	8
3498	4	5568	5
3499	4	5569	-2
3500	4	5570	-5
3501	4	5571	1
3502	4	5572	8
3503	4	5573	-2
3504	4	5574	-5
3505	4	5575	1
3506	4	5576	5
3507	4	5577	-2
3508	4	5578	-2
3509	4	5579	-4
3510	4	5580	5
3511	4	5581	5
3512	4	5582	5
3513	4	5583	5
3514	4	5584	5
3515	4	5585	-2
3516	4	5586	1
3517	4	5587	-1
3518	4	5588	-6
3519	4	5589	-2
3520	4	5590	6
3521	4	5591	-2
3522	4	5592	1
3523	4	5593	0
3524	4	5594	1
3525	4	5595	-1
3526	4	5596	-2
3527	4	5597	-2
3528	4	5598	1
3529	4	5599	1
3530	4	5600	-1
3531	4	5601	0
3532	4	5602	-6
3533	4	5603	1
3534	4	5604	-2
3535	4	5605	-1
3536	4	5606	6
3537	4	5607	-2
3538	4	5608	-2
3539	4	5609	0
3540	4	5610	1
3541	4	5611	6
3542	4	5612	1
3543	4	5613	-1
3544	4	5614	-2
3545	4	5615	-1
3546	4	5616	-6
3547	4	5617	1
3548	4	5618	-2
3549	4	5619	-6
3550	4	5620	-2
3551	4	5621	1
3552	4	5622	1
3553	4	5623	-2
3554	4	5624	1
3555	4	5625	-1
3556	4	5626	-1
3557	4	5627	6
3558	4	5628	0
3559	4	5629	-2
3560	4	5630	1
3561	4	5631	1
3562	4	5632	6
3563	4	5633	-6
3564	4	5634	1
3565	4	5635	-1
3566	4	5636	0
3567	4	5637	-2
3568	4	5638	-2
3569	4	5639	-1
3570	4	5640	2
3571	4	5641	2
3572	4	5642	2
3573	4	5643	2
3574	4	5644	2
3575	4	5645	-1
3576	4	5646	3
3577	4	5647	5
3578	4	5648	-8
3579	4	5649	-4
3580	4	5650	-1
3581	4	5651	4
3582	4	5652	1
3583	4	5653	-2
3584	4	5654	2
3585	4	5655	-1
3586	4	5656	-1
3587	4	5657	4
3588	4	5658	3
3589	4	5659	1
3590	4	5660	5
3591	4	5661	-2
3592	4	5662	-8
3593	4	5663	2
3594	4	5664	-4
3595	4	5665	-1
3596	4	5666	-1
3597	4	5667	-1
3598	4	5668	-4
3599	4	5669	-2
3600	4	5670	3
3601	4	5671	-1
3602	4	5672	2
3603	4	5673	5
3604	4	5674	4
3605	4	5675	-1
3606	4	5676	-8
3607	4	5677	1
3608	4	5678	-1
3609	4	5679	-8
3610	4	5680	4
3611	4	5681	2
3612	4	5682	3
3613	4	5683	-4
3614	4	5684	1
3615	4	5685	-1
3616	4	5686	5
3617	4	5687	-1
3618	4	5688	-2
3619	4	5689	-1
3620	4	5690	2
3621	4	5691	1
3622	4	5692	-1
3623	4	5693	-8
3624	4	5694	3
3625	4	5695	-1
3626	4	5696	-2
3627	4	5697	4
3628	4	5698	-4
3629	4	5699	5
3630	4	5700	5
3631	4	5701	5
3632	4	5702	5
3633	4	5703	5
3634	4	5704	5
3635	4	5705	-1
3636	4	5706	2
3637	4	5707	2
3638	4	5708	-4
3639	4	5709	-5
3640	4	5710	-4
3641	4	5711	4
3642	4	5712	6
3643	4	5713	1
3644	4	5714	-2
3645	4	5715	-4
3646	4	5716	-1
3647	4	5717	4
3648	4	5718	2
3649	4	5719	6
3650	4	5720	2
3651	4	5721	1
3652	4	5722	-4
3653	4	5723	-2
3654	4	5724	-5
3655	4	5725	-4
3656	4	5726	-4
3657	4	5727	-1
3658	4	5728	-5
3659	4	5729	1
3660	4	5730	2
3661	4	5731	-4
3662	4	5732	-2
3663	4	5733	2
3664	4	5734	4
3665	4	5735	-4
3666	4	5736	-4
3667	4	5737	6
3668	4	5738	-1
3669	4	5739	-4
3670	4	5740	4
3671	4	5741	-2
3672	4	5742	2
3673	4	5743	-5
3674	4	5744	6
3675	4	5745	-4
3676	4	5746	2
3677	4	5747	-4
3678	4	5748	1
3679	4	5749	-1
3680	4	5750	-2
3681	4	5751	6
3682	4	5752	-4
3683	4	5753	-4
3684	4	5754	2
3685	4	5755	-4
3686	4	5756	1
3687	4	5757	4
3688	4	5758	-5
3689	4	5759	2
3690	4	5760	9
3691	4	5761	9
3692	4	5762	9
3693	4	5763	9
3694	4	5764	9
3695	4	5765	-5
3696	4	5766	-2
3697	4	5767	1
3698	4	5768	0
3699	4	5769	-3
3700	4	5770	-6
3701	4	5771	0
3702	4	5772	7
3703	4	5773	7
3704	4	5774	0
3705	4	5775	-8
3706	4	5776	-5
3707	4	5777	0
3708	4	5778	-2
3709	4	5779	7
3710	4	5780	1
3711	4	5781	7
3712	4	5782	0
3713	4	5783	0
3714	4	5784	-3
3715	4	5785	-8
3716	4	5786	-6
3717	4	5787	-5
3718	4	5788	-3
3719	4	5789	7
3720	4	5790	-2
3721	4	5791	-6
3722	4	5792	0
3723	4	5793	1
3724	4	5794	0
3725	4	5795	-8
3726	4	5796	0
3727	4	5797	7
3728	4	5798	-5
3729	4	5799	0
3730	4	5800	0
3731	4	5801	0
3732	4	5802	-2
3733	4	5803	-3
3734	4	5804	7
3735	4	5805	-8
3736	4	5806	1
3737	4	5807	-6
3738	4	5808	7
3739	4	5809	-5
3740	4	5810	0
3741	4	5811	7
3742	4	5812	-6
3743	4	5813	0
3744	4	5814	-2
3745	4	5815	-8
3746	4	5816	7
3747	4	5817	0
3748	4	5818	-3
3749	4	5819	1
3750	4	5820	-6
3751	4	5821	-6
3752	4	5822	-6
3753	4	5823	-6
3754	4	5824	-6
3755	4	5825	3
3756	4	5826	1
3757	4	5827	-6
3758	4	5828	-2
3759	4	5829	-1
3760	4	5830	1
3761	4	5831	1
3762	4	5832	0
3763	4	5833	3
3764	4	5834	4
3765	4	5835	2
3766	4	5836	3
3767	4	5837	1
3768	4	5838	1
3769	4	5839	0
3770	4	5840	-6
3771	4	5841	3
3772	4	5842	-2
3773	4	5843	4
3774	4	5844	-1
3775	4	5845	2
3776	4	5846	1
3777	4	5847	3
3778	4	5848	-1
3779	4	5849	3
3780	4	5850	1
3781	4	5851	1
3782	4	5852	4
3783	4	5853	-6
3784	4	5854	1
3785	4	5855	2
3786	4	5856	-2
3787	4	5857	0
3788	4	5858	3
3789	4	5859	-2
3790	4	5860	1
3791	4	5861	4
3792	4	5862	1
3793	4	5863	-1
3794	4	5864	0
3795	4	5865	2
3796	4	5866	-6
3797	4	5867	1
3798	4	5868	3
3799	4	5869	3
3800	4	5870	4
3801	4	5871	0
3802	4	5872	1
3803	4	5873	-2
3804	4	5874	1
3805	4	5875	2
3806	4	5876	3
3807	4	5877	1
3808	4	5878	-1
3809	4	5879	-6
3810	4	5880	-3
3811	4	5881	-3
3812	4	5882	-3
3813	4	5883	-3
3814	4	5884	-3
3815	4	5885	3
3816	4	5886	1
3817	4	5887	4
3818	4	5888	2
3819	4	5889	4
3820	4	5890	5
3821	4	5891	-1
3822	4	5892	-7
3823	4	5893	-10
3824	4	5894	-4
3825	4	5895	6
3826	4	5896	3
3827	4	5897	-1
3828	4	5898	1
3829	4	5899	-7
3830	4	5900	4
3831	4	5901	-10
3832	4	5902	2
3833	4	5903	-4
3834	4	5904	4
3835	4	5905	6
3836	4	5906	5
3837	4	5907	3
3838	4	5908	4
3839	4	5909	-10
3840	4	5910	1
3841	4	5911	5
3842	4	5912	-4
3843	4	5913	4
3844	4	5914	-1
3845	4	5915	6
3846	4	5916	2
3847	4	5917	-7
3848	4	5918	3
3849	4	5919	2
3850	4	5920	-1
3851	4	5921	-4
3852	4	5922	1
3853	4	5923	4
3854	4	5924	-7
3855	4	5925	6
3856	4	5926	4
3857	4	5927	5
3858	4	5928	-10
3859	4	5929	3
3860	4	5930	-4
3861	4	5931	-7
3862	4	5932	5
3863	4	5933	2
3864	4	5934	1
3865	4	5935	6
3866	4	5936	-10
3867	4	5937	-1
3868	4	5938	4
3869	4	5939	4
3870	4	5940	-1
3871	4	5941	-1
3872	4	5942	-1
3873	4	5943	-1
3874	4	5944	-1
3875	4	5945	4
3876	4	5946	-3
3877	4	5947	2
3878	4	5948	3
3879	4	5949	-4
3880	4	5950	0
3881	4	5951	2
3882	4	5952	-2
3883	4	5953	-1
3884	4	5954	-1
3885	4	5955	0
3886	4	5956	4
3887	4	5957	2
3888	4	5958	-3
3889	4	5959	-2
3890	4	5960	2
3891	4	5961	-1
3892	4	5962	3
3893	4	5963	-1
3894	4	5964	-4
3895	4	5965	0
3896	4	5966	0
3897	4	5967	4
3898	4	5968	-4
3899	4	5969	-1
3900	4	5970	-3
3901	4	5971	0
3902	4	5972	-1
3903	4	5973	2
3904	4	5974	2
3905	4	5975	0
3906	4	5976	3
3907	4	5977	-2
3908	4	5978	4
3909	4	5979	3
3910	4	5980	2
3911	4	5981	-1
3912	4	5982	-3
3913	4	5983	-4
3914	4	5984	-2
3915	4	5985	0
3916	4	5986	2
3917	4	5987	0
3918	4	5988	-1
3919	4	5989	4
3920	4	5990	-1
3921	4	5991	-2
3922	4	5992	0
3923	4	5993	3
3924	4	5994	-3
3925	4	5995	0
3926	4	5996	-1
3927	4	5997	2
3928	4	5998	-4
3929	4	5999	2
3930	4	6000	1
3931	4	6001	1
3932	4	6002	1
3933	4	6003	1
3934	4	6004	1
3935	4	6005	-4
3936	4	6006	1
3937	4	6007	1
3938	4	6008	2
3939	4	6009	-1
3940	4	6010	4
3941	4	6011	-1
3942	4	6012	-1
3943	4	6013	3
3944	4	6014	-3
3945	4	6015	-2
3946	4	6016	-4
3947	4	6017	-1
3948	4	6018	1
3949	4	6019	-1
3950	4	6020	1
3951	4	6021	3
3952	4	6022	2
3953	4	6023	-3
3954	4	6024	-1
3955	4	6025	-2
3956	4	6026	4
3957	4	6027	-4
3958	4	6028	-1
3959	4	6029	3
3960	4	6030	1
3961	4	6031	4
3962	4	6032	-3
3963	4	6033	1
3964	4	6034	-1
3965	4	6035	-2
3966	4	6036	2
3967	4	6037	-1
3968	4	6038	-4
3969	4	6039	2
3970	4	6040	-1
3971	4	6041	-3
3972	4	6042	1
3973	4	6043	-1
3974	4	6044	-1
3975	4	6045	-2
3976	4	6046	1
3977	4	6047	4
3978	4	6048	3
3979	4	6049	-4
3980	4	6050	-3
3981	4	6051	-1
3982	4	6052	4
3983	4	6053	2
3984	4	6054	1
3985	4	6055	-2
3986	4	6056	3
3987	4	6057	-1
3988	4	6058	-1
3989	4	6059	1
3990	4	6060	2
3991	4	6061	2
3992	4	6062	2
3993	4	6063	2
3994	4	6064	2
3995	4	6065	-1
3996	4	6066	1
3997	4	6067	1
3998	4	6068	3
3999	4	6069	2
4000	4	6070	-5
4001	4	6071	0
4002	4	6072	0
4003	4	6073	1
4004	4	6074	-1
4005	4	6075	-3
4006	4	6076	-1
4007	4	6077	0
4008	4	6078	1
4009	4	6079	0
4010	4	6080	1
4011	4	6081	1
4012	4	6082	3
4013	4	6083	-1
4014	4	6084	2
4015	4	6085	-3
4016	4	6086	-5
4017	4	6087	-1
4018	4	6088	2
4019	4	6089	1
4020	4	6090	1
4021	4	6091	-5
4022	4	6092	-1
4023	4	6093	1
4024	4	6094	0
4025	4	6095	-3
4026	4	6096	3
4027	4	6097	0
4028	4	6098	-1
4029	4	6099	3
4030	4	6100	0
4031	4	6101	-1
4032	4	6102	1
4033	4	6103	2
4034	4	6104	0
4035	4	6105	-3
4036	4	6106	1
4037	4	6107	-5
4038	4	6108	1
4039	4	6109	-1
4040	4	6110	-1
4041	4	6111	0
4042	4	6112	-5
4043	4	6113	3
4044	4	6114	1
4045	4	6115	-3
4046	4	6116	1
4047	4	6117	0
4048	4	6118	2
4049	4	6119	1
4050	4	6120	3
4051	4	6121	3
4052	4	6122	3
4053	4	6123	3
4054	4	6124	3
4055	4	6125	-1
4056	4	6126	5
4057	4	6127	-2
4058	4	6128	-2
4059	4	6129	-1
4060	4	6130	-2
4061	4	6131	2
4062	4	6132	1
4063	4	6133	-4
4064	4	6134	-3
4065	4	6135	3
4066	4	6136	-1
4067	4	6137	2
4068	4	6138	5
4069	4	6139	1
4070	4	6140	-2
4071	4	6141	-4
4072	4	6142	-2
4073	4	6143	-3
4074	4	6144	-1
4075	4	6145	3
4076	4	6146	-2
4077	4	6147	-1
4078	4	6148	-1
4079	4	6149	-4
4080	4	6150	5
4081	4	6151	-2
4082	4	6152	-3
4083	4	6153	-2
4084	4	6154	2
4085	4	6155	3
4086	4	6156	-2
4087	4	6157	1
4088	4	6158	-1
4089	4	6159	-2
4090	4	6160	2
4091	4	6161	-3
4092	4	6162	5
4093	4	6163	-1
4094	4	6164	1
4095	4	6165	3
4096	4	6166	-2
4097	4	6167	-2
4098	4	6168	-4
4099	4	6169	-1
4100	4	6170	-3
4101	4	6171	1
4102	4	6172	-2
4103	4	6173	-2
4104	4	6174	5
4105	4	6175	3
4106	4	6176	-4
4107	4	6177	2
4108	4	6178	-1
4109	4	6179	-2
4110	4	6180	-1
4111	4	6181	-1
4112	4	6182	-1
4113	4	6183	-1
4114	4	6184	-1
4115	4	6185	-3
4116	4	6186	2
4117	4	6187	2
4118	4	6188	0
4119	4	6189	0
4120	4	6190	-1
4121	4	6191	0
4122	4	6192	1
4123	4	6193	-2
4124	4	6194	1
4125	4	6195	0
4126	4	6196	-3
4127	4	6197	0
4128	4	6198	2
4129	4	6199	1
4130	4	6200	2
4131	4	6201	-2
4132	4	6202	0
4133	4	6203	1
4134	4	6204	0
4135	4	6205	0
4136	4	6206	-1
4137	4	6207	-3
4138	4	6208	0
4139	4	6209	-2
4140	4	6210	2
4141	4	6211	-1
4142	4	6212	1
4143	4	6213	2
4144	4	6214	0
4145	4	6215	0
4146	4	6216	0
4147	4	6217	1
4148	4	6218	-3
4149	4	6219	0
4150	4	6220	0
4151	4	6221	1
4152	4	6222	2
4153	4	6223	0
4154	4	6224	1
4155	4	6225	0
4156	4	6226	2
4157	4	6227	-1
4158	4	6228	-2
4159	4	6229	-3
4160	4	6230	1
4161	4	6231	1
4162	4	6232	-1
4163	4	6233	0
4164	4	6234	2
4165	4	6235	0
4166	4	6236	-2
4167	4	6237	0
4168	4	6238	0
4169	4	6239	2
4170	4	6240	0
4171	4	6241	0
4172	4	6242	0
4173	4	6243	0
4174	4	6244	0
4175	4	6245	-5
4176	4	6246	3
4177	4	6247	3
4178	4	6248	-5
4179	4	6249	14
4180	4	6250	-2
4181	4	6251	-4
4182	4	6252	-2
4183	4	6253	-3
4184	4	6254	-2
4185	4	6255	3
4186	4	6256	-5
4187	4	6257	-4
4188	4	6258	3
4189	4	6259	-2
4190	4	6260	3
4191	4	6261	-3
4192	4	6262	-5
4193	4	6263	-2
4194	4	6264	14
4195	4	6265	3
4196	4	6266	-2
4197	4	6267	-5
4198	4	6268	14
4199	4	6269	-3
4200	4	6270	3
4201	4	6271	-2
4202	4	6272	-2
4203	4	6273	3
4204	4	6274	-4
4205	4	6275	3
4206	4	6276	-5
4207	4	6277	-2
4208	4	6278	-5
4209	4	6279	-5
4210	4	6280	-4
4211	4	6281	-2
4212	4	6282	3
4213	4	6283	14
4214	4	6284	-2
4215	4	6285	3
4216	4	6286	3
4217	4	6287	-2
4218	4	6288	-3
4219	4	6289	-5
4220	4	6290	-2
4221	4	6291	-2
4222	4	6292	-2
4223	4	6293	-5
4224	4	6294	3
4225	4	6295	3
4226	4	6296	-3
4227	4	6297	-4
4228	4	6298	14
4229	4	6299	3
4230	4	6300	-3
4231	4	6301	-3
4232	4	6302	-3
4233	4	6303	-3
4234	4	6304	-3
4235	4	6305	3
4236	4	6306	-6
4237	4	6307	4
4238	4	6308	5
4239	4	6309	-2
4240	4	6310	7
4241	4	6311	-1
4242	4	6312	-3
4243	4	6313	-2
4244	4	6314	-2
4245	4	6315	2
4246	4	6316	3
4247	4	6317	-1
4248	4	6318	-6
4249	4	6319	-3
4250	4	6320	4
4251	4	6321	-2
4252	4	6322	5
4253	4	6323	-2
4254	4	6324	-2
4255	4	6325	2
4256	4	6326	7
4257	4	6327	3
4258	4	6328	-2
4259	4	6329	-2
4260	4	6330	-6
4261	4	6331	7
4262	4	6332	-2
4263	4	6333	4
4264	4	6334	-1
4265	4	6335	2
4266	4	6336	5
4267	4	6337	-3
4268	4	6338	3
4269	4	6339	5
4270	4	6340	-1
4271	4	6341	-2
4272	4	6342	-6
4273	4	6343	-2
4274	4	6344	-3
4275	4	6345	2
4276	4	6346	4
4277	4	6347	7
4278	4	6348	-2
4279	4	6349	3
4280	4	6350	-2
4281	4	6351	-3
4282	4	6352	7
4283	4	6353	5
4284	4	6354	-6
4285	4	6355	2
4286	4	6356	-2
4287	4	6357	-1
4288	4	6358	-2
4289	4	6359	4
4290	4	6360	-2
4291	4	6361	-2
4292	4	6362	-2
4293	4	6363	-2
4294	4	6364	-2
4295	4	6365	-5
4296	4	6366	4
4297	4	6367	-4
4298	4	6368	-6
4299	4	6369	11
4300	4	6370	-2
4301	4	6371	-5
4302	4	6372	2
4303	4	6373	0
4304	4	6374	1
4305	4	6375	7
4306	4	6376	-5
4307	4	6377	-5
4308	4	6378	4
4309	4	6379	2
4310	4	6380	-4
4311	4	6381	0
4312	4	6382	-6
4313	4	6383	1
4314	4	6384	11
4315	4	6385	7
4316	4	6386	-2
4317	4	6387	-5
4318	4	6388	11
4319	4	6389	0
4320	4	6390	4
4321	4	6391	-2
4322	4	6392	1
4323	4	6393	-4
4324	4	6394	-5
4325	4	6395	7
4326	4	6396	-6
4327	4	6397	2
4328	4	6398	-5
4329	4	6399	-6
4330	4	6400	-5
4331	4	6401	1
4332	4	6402	4
4333	4	6403	11
4334	4	6404	2
4335	4	6405	7
4336	4	6406	-4
4337	4	6407	-2
4338	4	6408	0
4339	4	6409	-5
4340	4	6410	1
4341	4	6411	2
4342	4	6412	-2
4343	4	6413	-6
4344	4	6414	4
4345	4	6415	7
4346	4	6416	0
4347	4	6417	-5
4348	4	6418	11
4349	4	6419	-4
4350	4	6420	-5
4351	4	6421	-5
4352	4	6422	-5
4353	4	6423	-5
4354	4	6424	-5
4355	4	6425	10
4356	4	6426	-4
4357	4	6427	-4
4358	4	6428	3
4359	4	6429	-9
4360	4	6430	4
4361	4	6431	0
4362	4	6432	2
4363	4	6433	4
4364	4	6434	0
4365	4	6435	-2
4366	4	6436	10
4367	4	6437	0
4368	4	6438	-4
4369	4	6439	2
4370	4	6440	-4
4371	4	6441	4
4372	4	6442	3
4373	4	6443	0
4374	4	6444	-9
4375	4	6445	-2
4376	4	6446	4
4377	4	6447	10
4378	4	6448	-9
4379	4	6449	4
4380	4	6450	-4
4381	4	6451	4
4382	4	6452	0
4383	4	6453	-4
4384	4	6454	0
4385	4	6455	-2
4386	4	6456	3
4387	4	6457	2
4388	4	6458	10
4389	4	6459	3
4390	4	6460	0
4391	4	6461	0
4392	4	6462	-4
4393	4	6463	-9
4394	4	6464	2
4395	4	6465	-2
4396	4	6466	-4
4397	4	6467	4
4398	4	6468	4
4399	4	6469	10
4400	4	6470	0
4401	4	6471	2
4402	4	6472	4
4403	4	6473	3
4404	4	6474	-4
4405	4	6475	-2
4406	4	6476	4
4407	4	6477	0
4408	4	6478	-9
4409	4	6479	-4
4410	4	6480	-3
4411	4	6481	-3
4412	4	6482	-3
4413	4	6483	-3
4414	4	6484	-3
4415	4	6485	2
4416	4	6486	-1
4417	4	6487	-2
4418	4	6488	-6
4419	4	6489	4
4420	4	6490	2
4421	4	6491	5
4422	4	6492	-2
4423	4	6493	-5
4424	4	6494	1
4425	4	6495	5
4426	4	6496	2
4427	4	6497	5
4428	4	6498	-1
4429	4	6499	-2
4430	4	6500	-2
4431	4	6501	-5
4432	4	6502	-6
4433	4	6503	1
4434	4	6504	4
4435	4	6505	5
4436	4	6506	2
4437	4	6507	2
4438	4	6508	4
4439	4	6509	-5
4440	4	6510	-1
4441	4	6511	2
4442	4	6512	1
4443	4	6513	-2
4444	4	6514	5
4445	4	6515	5
4446	4	6516	-6
4447	4	6517	-2
4448	4	6518	2
4449	4	6519	-6
4450	4	6520	5
4451	4	6521	1
4452	4	6522	-1
4453	4	6523	4
4454	4	6524	-2
4455	4	6525	5
4456	4	6526	-2
4457	4	6527	2
4458	4	6528	-5
4459	4	6529	2
4460	4	6530	1
4461	4	6531	-2
4462	4	6532	2
4463	4	6533	-6
4464	4	6534	-1
4465	4	6535	5
4466	4	6536	-5
4467	4	6537	5
4468	4	6538	4
4469	4	6539	-2
4470	4	6540	-1
4471	4	6541	-1
4472	4	6542	-1
4473	4	6543	-1
4474	4	6544	-1
4475	4	6545	5
4476	4	6546	3
4477	4	6547	-3
4478	4	6548	-1
4479	4	6549	-11
4480	4	6550	0
4481	4	6551	5
4482	4	6552	0
4483	4	6553	2
4484	4	6554	3
4485	4	6555	0
4486	4	6556	5
4487	4	6557	5
4488	4	6558	3
4489	4	6559	0
4490	4	6560	-3
4491	4	6561	2
4492	4	6562	-1
4493	4	6563	3
4494	4	6564	-11
4495	4	6565	0
4496	4	6566	0
4497	4	6567	5
4498	4	6568	-11
4499	4	6569	2
4500	4	6570	3
4501	4	6571	0
4502	4	6572	3
4503	4	6573	-3
4504	4	6574	5
4505	4	6575	0
4506	4	6576	-1
4507	4	6577	0
4508	4	6578	5
4509	4	6579	-1
4510	4	6580	5
4511	4	6581	3
4512	4	6582	3
4513	4	6583	-11
4514	4	6584	0
4515	4	6585	0
4516	4	6586	-3
4517	4	6587	0
4518	4	6588	2
4519	4	6589	5
4520	4	6590	3
4521	4	6591	0
4522	4	6592	0
4523	4	6593	-1
4524	4	6594	3
4525	4	6595	0
4526	4	6596	2
4527	4	6597	5
4528	4	6598	-11
4529	4	6599	-3
4530	4	6600	-5
4531	4	6601	-5
4532	4	6602	-5
4533	4	6603	-5
4534	4	6604	-5
4535	4	6605	0
4536	4	6606	-5
4537	4	6607	-4
4538	4	6608	-4
4539	4	6609	1
4540	4	6610	5
4541	4	6611	-1
4542	4	6612	3
4543	4	6613	-3
4544	4	6614	5
4545	4	6615	8
4546	4	6616	0
4547	4	6617	-1
4548	4	6618	-5
4549	4	6619	3
4550	4	6620	-4
4551	4	6621	-3
4552	4	6622	-4
4553	4	6623	5
4554	4	6624	1
4555	4	6625	8
4556	4	6626	5
4557	4	6627	0
4558	4	6628	1
4559	4	6629	-3
4560	4	6630	-5
4561	4	6631	5
4562	4	6632	5
4563	4	6633	-4
4564	4	6634	-1
4565	4	6635	8
4566	4	6636	-4
4567	4	6637	3
4568	4	6638	0
4569	4	6639	-4
4570	4	6640	-1
4571	4	6641	5
4572	4	6642	-5
4573	4	6643	1
4574	4	6644	3
4575	4	6645	8
4576	4	6646	-4
4577	4	6647	5
4578	4	6648	-3
4579	4	6649	0
4580	4	6650	5
4581	4	6651	3
4582	4	6652	5
4583	4	6653	-4
4584	4	6654	-5
4585	4	6655	8
4586	4	6656	-3
4587	4	6657	-1
4588	4	6658	1
4589	4	6659	-4
4590	4	6660	-1
4591	4	6661	-1
4592	4	6662	-1
4593	4	6663	-1
4594	4	6664	-1
4595	4	6665	-3
4596	4	6666	5
4597	4	6667	-4
4598	4	6668	-1
4599	4	6669	-4
4600	4	6670	-2
4601	4	6671	8
4602	4	6672	2
4603	4	6673	-2
4604	4	6674	3
4605	4	6675	-1
4606	4	6676	-3
4607	4	6677	8
4608	4	6678	5
4609	4	6679	2
4610	4	6680	-4
4611	4	6681	-2
4612	4	6682	-1
4613	4	6683	3
4614	4	6684	-4
4615	4	6685	-1
4616	4	6686	-2
4617	4	6687	-3
4618	4	6688	-4
4619	4	6689	-2
4620	4	6690	5
4621	4	6691	-2
4622	4	6692	3
4623	4	6693	-4
4624	4	6694	8
4625	4	6695	-1
4626	4	6696	-1
4627	4	6697	2
4628	4	6698	-3
4629	4	6699	-1
4630	4	6700	8
4631	4	6701	3
4632	4	6702	5
4633	4	6703	-4
4634	4	6704	2
4635	4	6705	-1
4636	4	6706	-4
4637	4	6707	-2
4638	4	6708	-2
4639	4	6709	-3
4640	4	6710	3
4641	4	6711	2
4642	4	6712	-2
4643	4	6713	-1
4644	4	6714	5
4645	4	6715	-1
4646	4	6716	-2
4647	4	6717	8
4648	4	6718	-4
4649	4	6719	-4
4650	4	6720	-6
4651	4	6721	-6
4652	4	6722	-6
4653	4	6723	-6
4654	4	6724	-6
4655	4	6725	2
4656	4	6726	-6
4657	4	6727	-2
4658	4	6728	-4
4659	4	6729	4
4660	4	6730	6
4661	4	6731	1
4662	4	6732	-4
4663	4	6733	1
4664	4	6734	4
4665	4	6735	3
4666	4	6736	2
4667	4	6737	1
4668	4	6738	-6
4669	4	6739	-4
4670	4	6740	-2
4671	4	6741	1
4672	4	6742	-4
4673	4	6743	4
4674	4	6744	4
4675	4	6745	3
4676	4	6746	6
4677	4	6747	2
4678	4	6748	4
4679	4	6749	1
4680	4	6750	-6
4681	4	6751	6
4682	4	6752	4
4683	4	6753	-2
4684	4	6754	1
4685	4	6755	3
4686	4	6756	-4
4687	4	6757	-4
4688	4	6758	2
4689	4	6759	-4
4690	4	6760	1
4691	4	6761	4
4692	4	6762	-6
4693	4	6763	4
4694	4	6764	-4
4695	4	6765	3
4696	4	6766	-2
4697	4	6767	6
4698	4	6768	1
4699	4	6769	2
4700	4	6770	4
4701	4	6771	-4
4702	4	6772	6
4703	4	6773	-4
4704	4	6774	-6
4705	4	6775	3
4706	4	6776	1
4707	4	6777	1
4708	4	6778	4
4709	4	6779	-2
4710	4	6780	2
4711	4	6781	2
4712	4	6782	2
4713	4	6783	2
4714	4	6784	2
4715	4	6785	1
4716	4	6786	-1
4717	4	6787	3
4718	4	6788	3
4719	4	6789	-7
4720	4	6790	2
4721	4	6791	2
4722	4	6792	-1
4723	4	6793	2
4724	4	6794	-1
4725	4	6795	-6
4726	4	6796	1
4727	4	6797	2
4728	4	6798	-1
4729	4	6799	-1
4730	4	6800	3
4731	4	6801	2
4732	4	6802	3
4733	4	6803	-1
4734	4	6804	-7
4735	4	6805	-6
4736	4	6806	2
4737	4	6807	1
4738	4	6808	-7
4739	4	6809	2
4740	4	6810	-1
4741	4	6811	2
4742	4	6812	-1
4743	4	6813	3
4744	4	6814	2
4745	4	6815	-6
4746	4	6816	3
4747	4	6817	-1
4748	4	6818	1
4749	4	6819	3
4750	4	6820	2
4751	4	6821	-1
4752	4	6822	-1
4753	4	6823	-7
4754	4	6824	-1
4755	4	6825	-6
4756	4	6826	3
4757	4	6827	2
4758	4	6828	2
4759	4	6829	1
4760	4	6830	-1
4761	4	6831	-1
4762	4	6832	2
4763	4	6833	3
4764	4	6834	-1
4765	4	6835	-6
4766	4	6836	2
4767	4	6837	2
4768	4	6838	-7
4769	4	6839	3
4770	4	6840	1
4771	4	6841	1
4772	4	6842	1
4773	4	6843	1
4774	4	6844	1
4775	4	6845	1
4776	4	6846	-5
4777	4	6847	0
4778	4	6848	6
4779	4	6849	-3
4780	4	6850	2
4781	4	6851	0
4782	4	6852	3
4783	4	6853	1
4784	4	6854	-2
4785	4	6855	-3
4786	4	6856	1
4787	4	6857	0
4788	4	6858	-5
4789	4	6859	3
4790	4	6860	0
4791	4	6861	1
4792	4	6862	6
4793	4	6863	-2
4794	4	6864	-3
4795	4	6865	-3
4796	4	6866	2
4797	4	6867	1
4798	4	6868	-3
4799	4	6869	1
4800	4	6870	-5
4801	4	6871	2
4802	4	6872	-2
4803	4	6873	0
4804	4	6874	0
4805	4	6875	-3
4806	4	6876	6
4807	4	6877	3
4808	4	6878	1
4809	4	6879	6
4810	4	6880	0
4811	4	6881	-2
4812	4	6882	-5
4813	4	6883	-3
4814	4	6884	3
4815	4	6885	-3
4816	4	6886	0
4817	4	6887	2
4818	4	6888	1
4819	4	6889	1
4820	4	6890	-2
4821	4	6891	3
4822	4	6892	2
4823	4	6893	6
4824	4	6894	-5
4825	4	6895	-3
4826	4	6896	1
4827	4	6897	0
4828	4	6898	-3
4829	4	6899	0
4830	4	6900	3
4831	4	6901	3
4832	4	6902	3
4833	4	6903	3
4834	4	6904	3
4835	4	6905	-1
4836	4	6906	1
4837	4	6907	3
4838	4	6908	5
4839	4	6909	-2
4840	4	6910	-4
4841	4	6911	-2
4842	4	6912	2
4843	4	6913	2
4844	4	6914	-1
4845	4	6915	-6
4846	4	6916	-1
4847	4	6917	-2
4848	4	6918	1
4849	4	6919	2
4850	4	6920	3
4851	4	6921	2
4852	4	6922	5
4853	4	6923	-1
4854	4	6924	-2
4855	4	6925	-6
4856	4	6926	-4
4857	4	6927	-1
4858	4	6928	-2
4859	4	6929	2
4860	4	6930	1
4861	4	6931	-4
4862	4	6932	-1
4863	4	6933	3
4864	4	6934	-2
4865	4	6935	-6
4866	4	6936	5
4867	4	6937	2
4868	4	6938	-1
4869	4	6939	5
4870	4	6940	-2
4871	4	6941	-1
4872	4	6942	1
4873	4	6943	-2
4874	4	6944	2
4875	4	6945	-6
4876	4	6946	3
4877	4	6947	-4
4878	4	6948	2
4879	4	6949	-1
4880	4	6950	-1
4881	4	6951	2
4882	4	6952	-4
4883	4	6953	5
4884	4	6954	1
4885	4	6955	-6
4886	4	6956	2
4887	4	6957	-2
4888	4	6958	-2
4889	4	6959	3
4890	4	6960	2
4891	4	6961	2
4892	4	6962	2
4893	4	6963	2
4894	4	6964	2
4895	4	6965	2
4896	4	6966	-1
4897	4	6967	1
4898	4	6968	4
4899	4	6969	-3
4900	4	6970	-6
4901	4	6971	-5
4902	4	6972	3
4903	4	6973	3
4904	4	6974	2
4905	4	6975	-2
4906	4	6976	2
4907	4	6977	-5
4908	4	6978	-1
4909	4	6979	3
4910	4	6980	1
4911	4	6981	3
4912	4	6982	4
4913	4	6983	2
4914	4	6984	-3
4915	4	6985	-2
4916	4	6986	-6
4917	4	6987	2
4918	4	6988	-3
4919	4	6989	3
4920	4	6990	-1
4921	4	6991	-6
4922	4	6992	2
4923	4	6993	1
4924	4	6994	-5
4925	4	6995	-2
4926	4	6996	4
4927	4	6997	3
4928	4	6998	2
4929	4	6999	4
4930	4	7000	-5
4931	4	7001	2
4932	4	7002	-1
4933	4	7003	-3
4934	4	7004	3
4935	4	7005	-2
4936	4	7006	1
4937	4	7007	-6
4938	4	7008	3
4939	4	7009	2
4940	4	7010	2
4941	4	7011	3
4942	4	7012	-6
4943	4	7013	4
4944	4	7014	-1
4945	4	7015	-2
4946	4	7016	3
4947	4	7017	-5
4948	4	7018	-3
4949	4	7019	1
4950	4	7020	4
4951	4	7021	4
4952	4	7022	4
4953	4	7023	4
4954	4	7024	4
4955	4	7025	0
4956	4	7026	1
4957	4	7027	1
4958	4	7028	-4
4959	4	7029	6
4960	4	7030	-5
4961	4	7031	-6
4962	4	7032	1
4963	4	7033	4
4964	4	7034	-1
4965	4	7035	-1
4966	4	7036	0
4967	4	7037	-6
4968	4	7038	1
4969	4	7039	1
4970	4	7040	1
4971	4	7041	4
4972	4	7042	-4
4973	4	7043	-1
4974	4	7044	6
4975	4	7045	-1
4976	4	7046	-5
4977	4	7047	0
4978	4	7048	6
4979	4	7049	4
4980	4	7050	1
4981	4	7051	-5
4982	4	7052	-1
4983	4	7053	1
4984	4	7054	-6
4985	4	7055	-1
4986	4	7056	-4
4987	4	7057	1
4988	4	7058	0
4989	4	7059	-4
4990	4	7060	-6
4991	4	7061	-1
4992	4	7062	1
4993	4	7063	6
4994	4	7064	1
4995	4	7065	-1
4996	4	7066	1
4997	4	7067	-5
4998	4	7068	4
4999	4	7069	0
5000	4	7070	-1
5001	4	7071	1
5002	4	7072	-5
5003	4	7073	-4
5004	4	7074	1
5005	4	7075	-1
5006	4	7076	4
5007	4	7077	-6
5008	4	7078	6
5009	4	7079	1
5010	4	7080	6
5011	4	7081	6
5012	4	7082	6
5013	4	7083	6
5014	4	7084	6
5015	4	7085	-8
5016	4	7086	2
5017	4	7087	2
5018	4	7088	-3
5019	4	7089	9
5020	4	7090	-3
5021	4	7091	-1
5022	4	7092	-3
5023	4	7093	-3
5024	4	7094	-1
5025	4	7095	2
5026	4	7096	-8
5027	4	7097	-1
5028	4	7098	2
5029	4	7099	-3
5030	4	7100	2
5031	4	7101	-3
5032	4	7102	-3
5033	4	7103	-1
5034	4	7104	9
5035	4	7105	2
5036	4	7106	-3
5037	4	7107	-8
5038	4	7108	9
5039	4	7109	-3
5040	4	7110	2
5041	4	7111	-3
5042	4	7112	-1
5043	4	7113	2
5044	4	7114	-1
5045	4	7115	2
5046	4	7116	-3
5047	4	7117	-3
5048	4	7118	-8
5049	4	7119	-3
5050	4	7120	-1
5051	4	7121	-1
5052	4	7122	2
5053	4	7123	9
5054	4	7124	-3
5055	4	7125	2
5056	4	7126	2
5057	4	7127	-3
5058	4	7128	-3
5059	4	7129	-8
5060	4	7130	-1
5061	4	7131	-3
5062	4	7132	-3
5063	4	7133	-3
5064	4	7134	2
5065	4	7135	2
5066	4	7136	-3
5067	4	7137	-1
5068	4	7138	9
5069	4	7139	2
5070	4	7140	4
5071	4	7141	4
5072	4	7142	4
5073	4	7143	4
5074	4	7144	4
5075	4	7145	2
5076	4	7146	4
5077	4	7147	3
5078	4	7148	0
5079	4	7149	-2
5080	4	7150	-1
5081	4	7151	1
5082	4	7152	-3
5083	4	7153	1
5084	4	7154	-4
5085	4	7155	-5
5086	4	7156	2
5087	4	7157	1
5088	4	7158	4
5089	4	7159	-3
5090	4	7160	3
5091	4	7161	1
5092	4	7162	0
5093	4	7163	-4
5094	4	7164	-2
5095	4	7165	-5
5096	4	7166	-1
5097	4	7167	2
5098	4	7168	-2
5099	4	7169	1
5100	4	7170	4
5101	4	7171	-1
5102	4	7172	-4
5103	4	7173	3
5104	4	7174	1
5105	4	7175	-5
5106	4	7176	0
5107	4	7177	-3
5108	4	7178	2
5109	4	7179	0
5110	4	7180	1
5111	4	7181	-4
5112	4	7182	4
5113	4	7183	-2
5114	4	7184	-3
5115	4	7185	-5
5116	4	7186	3
5117	4	7187	-1
5118	4	7188	1
5119	4	7189	2
5120	4	7190	-4
5121	4	7191	-3
5122	4	7192	-1
5123	4	7193	0
5124	4	7194	4
5125	4	7195	-5
5126	4	7196	1
5127	4	7197	1
5128	4	7198	-2
5129	4	7199	3
5130	2	10080	-8
5131	2	10081	-8
5132	2	10082	-8
5133	2	10083	-8
5134	2	10084	-8
5135	2	10085	-3
5136	4	10086	2
5137	4	10087	3
5138	4	10088	8
5139	4	10089	0
5140	4	10090	-8
5141	2	10096	-3
5142	4	10097	-8
5143	4	10098	2
5144	4	10099	0
5145	4	10100	3
5146	4	10101	8
5147	2	10107	-3
5148	4	10108	0
5149	4	10109	8
5150	4	10110	2
5151	4	10111	-8
5152	4	10112	3
5153	2	10118	-3
5154	4	10119	8
5155	4	10120	-8
5156	4	10121	3
5157	4	10122	2
5158	4	10123	0
5159	2	10129	-3
5160	4	10130	3
5161	4	10131	0
5162	4	10132	-8
5163	4	10133	8
5164	4	10134	2
5165	2	10140	4
5166	2	10141	4
5167	2	10142	4
5168	2	10143	4
5169	2	10144	4
5170	2	10145	5
5171	4	10146	0
5172	4	10147	0
5173	4	10148	-1
5174	4	10149	-3
5175	4	10150	-1
5176	2	10156	5
5177	4	10157	-1
5178	4	10158	0
5179	4	10159	-3
5180	4	10160	0
5181	4	10161	-1
5182	2	10167	5
5183	4	10168	-3
5184	4	10169	-1
5185	4	10170	0
5186	4	10171	-1
5187	4	10172	0
5188	2	10178	5
5189	4	10179	-1
5190	4	10180	-1
5191	4	10181	0
5192	4	10182	0
5193	4	10183	-3
5194	2	10189	5
5195	4	10190	0
5196	4	10191	-3
5197	4	10192	-1
5198	4	10193	-1
5199	4	10194	0
5200	2	10200	4
5201	2	10201	4
5202	2	10202	4
5203	2	10203	4
5204	2	10204	4
5205	2	10205	-2
5206	4	10206	-2
5207	4	10207	-3
5208	4	10208	-7
5209	4	10209	2
5210	4	10210	8
5211	2	10216	-2
5212	4	10217	8
5213	4	10218	-2
5214	4	10219	2
5215	4	10220	-3
5216	4	10221	-7
5217	2	10227	-2
5218	4	10228	2
5219	4	10229	-7
5220	4	10230	-2
5221	4	10231	8
5222	4	10232	-3
5223	2	10238	-2
5224	4	10239	-7
5225	4	10240	8
5226	4	10241	-3
5227	4	10242	-2
5228	4	10243	2
5229	2	10249	-2
5230	4	10250	-3
5231	4	10251	2
5232	4	10252	8
5233	4	10253	-7
5234	4	10254	-2
5235	2	10260	-3
5236	2	10261	-3
5237	2	10262	-3
5238	2	10263	-3
5239	2	10264	-3
5240	2	10265	3
5241	4	10266	-1
5242	4	10267	1
5243	4	10268	2
5244	4	10269	0
5245	4	10270	-1
5246	2	10276	3
5247	4	10277	-1
5248	4	10278	-1
5249	4	10279	0
5250	4	10280	1
5251	4	10281	2
5252	2	10287	3
5253	4	10288	0
5254	4	10289	2
5255	4	10290	-1
5256	4	10291	-1
5257	4	10292	1
5258	2	10298	3
5259	4	10299	2
5260	4	10300	-1
5261	4	10301	1
5262	4	10302	-1
5263	4	10303	0
5264	2	10309	3
5265	4	10310	1
5266	4	10311	0
5267	4	10312	-1
5268	4	10313	2
5269	4	10314	-1
5270	4	10320	0
5271	4	10321	0
5272	4	10322	0
5273	4	10323	0
5274	4	10324	0
5275	4	10325	1
5276	4	10326	2
5277	4	10327	3
5278	4	10328	2
5279	4	10329	0
5280	4	10330	-2
5281	4	10331	3
5282	4	10332	1
5283	4	10333	-6
5284	4	10334	-1
5285	4	10335	-3
5286	4	10336	1
5287	4	10337	3
5288	4	10338	2
5289	4	10339	1
5290	4	10340	3
5291	4	10341	-6
5292	4	10342	2
5293	4	10343	-1
5294	4	10344	0
5295	4	10345	-3
5296	4	10346	-2
5297	4	10347	1
5298	4	10348	0
5299	4	10349	-6
5300	4	10350	2
5301	4	10351	-2
5302	4	10352	-1
5303	4	10353	3
5304	4	10354	3
5305	4	10355	-3
5306	4	10356	2
5307	4	10357	1
5308	4	10358	1
5309	4	10359	2
5310	4	10360	3
5311	4	10361	-1
5312	4	10362	2
5313	4	10363	0
5314	4	10364	1
5315	4	10365	-3
5316	4	10366	3
5317	4	10367	-2
5318	4	10368	-6
5319	4	10369	1
5320	4	10370	-1
5321	4	10371	1
5322	4	10372	-2
5323	4	10373	2
5324	4	10374	2
5325	4	10375	-3
5326	4	10376	-6
5327	4	10377	3
5328	4	10378	0
5329	4	10379	3
5330	4	10380	2
5331	4	10381	2
5332	4	10382	2
5333	4	10383	2
5334	4	10384	2
5335	4	10385	-5
5336	4	10386	2
5337	4	10387	-3
5338	4	10388	0
5339	4	10389	1
5340	4	10390	0
5341	4	10391	3
5342	4	10392	-1
5343	4	10393	0
5344	4	10394	4
5345	4	10395	-4
5346	4	10396	-5
5347	4	10397	3
5348	4	10398	2
5349	4	10399	-1
5350	4	10400	-3
5351	4	10401	0
5352	4	10402	0
5353	4	10403	4
5354	4	10404	1
5355	4	10405	-4
5356	4	10406	0
5357	4	10407	-5
5358	4	10408	1
5359	4	10409	0
5360	4	10410	2
5361	4	10411	0
5362	4	10412	4
5363	4	10413	-3
5364	4	10414	3
5365	4	10415	-4
5366	4	10416	0
5367	4	10417	-1
5368	4	10418	-5
5369	4	10419	0
5370	4	10420	3
5371	4	10421	4
5372	4	10422	2
5373	4	10423	1
5374	4	10424	-1
5375	4	10425	-4
5376	4	10426	-3
5377	4	10427	0
5378	4	10428	0
5379	4	10429	-5
5380	4	10430	4
5381	4	10431	-1
5382	4	10432	0
5383	4	10433	0
5384	4	10434	2
5385	4	10435	-4
5386	4	10436	0
5387	4	10437	3
5388	4	10438	1
5389	4	10439	-3
5390	4	10440	1
5391	4	10441	1
5392	4	10442	1
5393	4	10443	1
5394	4	10444	1
5395	4	10445	-1
5396	4	10446	5
5397	4	10447	-8
5398	4	10448	1
5399	4	10449	3
5400	4	10450	2
5401	4	10451	3
5402	4	10452	2
5403	4	10453	-8
5404	4	10454	5
5405	4	10455	-5
5406	4	10456	-1
5407	4	10457	3
5408	4	10458	5
5409	4	10459	2
5410	4	10460	-8
5411	4	10461	-8
5412	4	10462	1
5413	4	10463	5
5414	4	10464	3
5415	4	10465	-5
5416	4	10466	2
5417	4	10467	-1
5418	4	10468	3
5419	4	10469	-8
5420	4	10470	5
5421	4	10471	2
5422	4	10472	5
5423	4	10473	-8
5424	4	10474	3
5425	4	10475	-5
5426	4	10476	1
5427	4	10477	2
5428	4	10478	-1
5429	4	10479	1
5430	4	10480	3
5431	4	10481	5
5432	4	10482	5
5433	4	10483	3
5434	4	10484	2
5435	4	10485	-5
5436	4	10486	-8
5437	4	10487	2
5438	4	10488	-8
5439	4	10489	-1
5440	4	10490	5
5441	4	10491	2
5442	4	10492	2
5443	4	10493	1
5444	4	10494	5
5445	4	10495	-5
5446	4	10496	-8
5447	4	10497	3
5448	4	10498	3
5449	4	10499	-8
5450	2	10680	6
5451	2	10681	6
5452	2	10682	6
5453	2	10683	6
5454	2	10684	6
5455	2	10685	2
5456	4	10686	2
5457	4	10687	1
5458	4	10688	-5
5459	4	10689	-1
5460	4	10690	-1
5461	2	10696	2
5462	4	10697	-1
5463	4	10698	2
5464	4	10699	-1
5465	4	10700	1
5466	4	10701	-5
5467	2	10707	2
5468	4	10708	-1
5469	4	10709	-5
5470	4	10710	2
5471	4	10711	-1
5472	4	10712	1
5473	2	10718	2
5474	4	10719	-5
5475	4	10720	-1
5476	4	10721	1
5477	4	10722	2
5478	4	10723	-1
5479	2	10729	2
5480	4	10730	1
5481	4	10731	-1
5482	4	10732	-1
5483	4	10733	-5
5484	4	10734	2
5485	4	10740	2
5486	4	10741	2
5487	4	10742	2
5488	4	10743	2
5489	4	10744	2
5490	4	10745	4
5491	4	10746	0
5492	4	10747	-2
5493	4	10748	0
5494	4	10749	-7
5495	4	10750	-2
5496	4	10751	2
5497	4	10752	-5
5498	4	10753	2
5499	4	10754	6
5500	4	10755	0
5501	4	10756	4
5502	4	10757	2
5503	4	10758	0
5504	4	10759	-5
5505	4	10760	-2
5506	4	10761	2
5507	4	10762	0
5508	4	10763	6
5509	4	10764	-7
5510	4	10765	0
5511	4	10766	-2
5512	4	10767	4
5513	4	10768	-7
5514	4	10769	2
5515	4	10770	0
5516	4	10771	-2
5517	4	10772	6
5518	4	10773	-2
5519	4	10774	2
5520	4	10775	0
5521	4	10776	0
5522	4	10777	-5
5523	4	10778	4
5524	4	10779	0
5525	4	10780	2
5526	4	10781	6
5527	4	10782	0
5528	4	10783	-7
5529	4	10784	-5
5530	4	10785	0
5531	4	10786	-2
5532	4	10787	-2
5533	4	10788	2
5534	4	10789	4
5535	4	10790	6
5536	4	10791	-5
5537	4	10792	-2
5538	4	10793	0
5539	4	10794	0
5540	4	10795	0
5541	4	10796	2
5542	4	10797	2
5543	4	10798	-7
5544	4	10799	-2
5545	4	10800	5
5546	4	10801	5
5547	4	10802	5
5548	4	10803	5
5549	4	10804	5
5550	4	10805	2
5551	4	10806	1
5552	4	10807	-3
5553	4	10808	-5
5554	4	10809	0
5555	4	10810	5
5556	4	10811	-2
5557	4	10812	-4
5558	4	10813	-2
5559	4	10814	-3
5560	4	10815	5
5561	4	10816	2
5562	4	10817	-2
5563	4	10818	1
5564	4	10819	-4
5565	4	10820	-3
5566	4	10821	-2
5567	4	10822	-5
5568	4	10823	-3
5569	4	10824	0
5570	4	10825	5
5571	4	10826	5
5572	4	10827	2
5573	4	10828	0
5574	4	10829	-2
5575	4	10830	1
5576	4	10831	5
5577	4	10832	-3
5578	4	10833	-3
5579	4	10834	-2
5580	4	10835	5
5581	4	10836	-5
5582	4	10837	-4
5583	4	10838	2
5584	4	10839	-5
5585	4	10840	-2
5586	4	10841	-3
5587	4	10842	1
5588	4	10843	0
5589	4	10844	-4
5590	4	10845	5
5591	4	10846	-3
5592	4	10847	5
5593	4	10848	-2
5594	4	10849	2
5595	4	10850	-3
5596	4	10851	-4
5597	4	10852	5
5598	4	10853	-5
5599	4	10854	1
5600	4	10855	5
5601	4	10856	-2
5602	4	10857	-2
5603	4	10858	0
5604	4	10859	-3
5605	4	10860	1
5606	4	10861	1
5607	4	10862	1
5608	4	10863	1
5609	4	10864	1
5610	4	10865	6
5611	4	10866	6
5612	4	10867	-10
5613	4	10868	3
5614	4	10869	3
5615	4	10870	-5
5616	4	10871	0
5617	4	10872	-2
5618	4	10873	-6
5619	4	10874	8
5620	4	10875	-5
5621	4	10876	6
5622	4	10877	0
5623	4	10878	6
5624	4	10879	-2
5625	4	10880	-10
5626	4	10881	-6
5627	4	10882	3
5628	4	10883	8
5629	4	10884	3
5630	4	10885	-5
5631	4	10886	-5
5632	4	10887	6
5633	4	10888	3
5634	4	10889	-6
5635	4	10890	6
5636	4	10891	-5
5637	4	10892	8
5638	4	10893	-10
5639	4	10894	0
5640	4	10895	-5
5641	4	10896	3
5642	4	10897	-2
5643	4	10898	6
5644	4	10899	3
5645	4	10900	0
5646	4	10901	8
5647	4	10902	6
5648	4	10903	3
5649	4	10904	-2
5650	4	10905	-5
5651	4	10906	-10
5652	4	10907	-5
5653	4	10908	-6
5654	4	10909	6
5655	4	10910	8
5656	4	10911	-2
5657	4	10912	-5
5658	4	10913	3
5659	4	10914	6
5660	4	10915	-5
5661	4	10916	-6
5662	4	10917	0
5663	4	10918	3
5664	4	10919	-10
5665	2	11100	-3
5666	2	11101	-3
5667	2	11102	-3
5668	2	11103	-3
5669	2	11104	-3
5670	2	11105	-4
5671	4	11106	0
5672	4	11107	-2
5673	4	11108	3
5674	4	11109	1
5675	4	11110	2
5676	2	11116	-4
5677	4	11117	2
5678	4	11118	0
5679	4	11119	1
5680	4	11120	-2
5681	4	11121	3
5682	2	11127	-4
5683	4	11128	1
5684	4	11129	3
5685	4	11130	0
5686	4	11131	2
5687	4	11132	-2
5688	2	11138	-4
5689	4	11139	3
5690	4	11140	2
5691	4	11141	-2
5692	4	11142	0
5693	4	11143	1
5694	2	11149	-4
5695	4	11150	-2
5696	4	11151	1
5697	4	11152	2
5698	4	11153	3
5699	4	11154	0
5700	4	11160	-3
5701	4	11161	-3
5702	4	11162	-3
5703	4	11163	-3
5704	4	11164	-3
5705	4	11165	-2
5706	4	11166	-3
5707	4	11167	6
5708	4	11168	-3
5709	4	11169	-3
5710	4	11170	2
5711	4	11171	-1
5712	4	11172	1
5713	4	11173	6
5714	4	11174	-5
5715	4	11175	4
5716	4	11176	-2
5717	4	11177	-1
5718	4	11178	-3
5719	4	11179	1
5720	4	11180	6
5721	4	11181	6
5722	4	11182	-3
5723	4	11183	-5
5724	4	11184	-3
5725	4	11185	4
5726	4	11186	2
5727	4	11187	-2
5728	4	11188	-3
5729	4	11189	6
5730	4	11190	-3
5731	4	11191	2
5732	4	11192	-5
5733	4	11193	6
5734	4	11194	-1
5735	4	11195	4
5736	4	11196	-3
5737	4	11197	1
5738	4	11198	-2
5739	4	11199	-3
5740	4	11200	-1
5741	4	11201	-5
5742	4	11202	-3
5743	4	11203	-3
5744	4	11204	1
5745	4	11205	4
5746	4	11206	6
5747	4	11207	2
5748	4	11208	6
5749	4	11209	-2
5750	4	11210	-5
5751	4	11211	1
5752	4	11212	2
5753	4	11213	-3
5754	4	11214	-3
5755	4	11215	4
5756	4	11216	6
5757	4	11217	-1
5758	4	11218	-3
5759	4	11219	6
5760	4	11220	-4
5761	4	11221	-4
5762	4	11222	-4
5763	4	11223	-4
5764	4	11224	-4
5765	4	11225	-2
5766	4	11226	-5
5767	4	11227	2
5768	4	11228	-2
5769	4	11229	2
5770	4	11230	-4
5771	4	11231	-1
5772	4	11232	5
5773	4	11233	8
5774	4	11234	-3
5775	4	11235	5
5776	4	11236	-2
5777	4	11237	-1
5778	4	11238	-5
5779	4	11239	5
5780	4	11240	2
5781	4	11241	8
5782	4	11242	-2
5783	4	11243	-3
5784	4	11244	2
5785	4	11245	5
5786	4	11246	-4
5787	4	11247	-2
5788	4	11248	2
5789	4	11249	8
5790	4	11250	-5
5791	4	11251	-4
5792	4	11252	-3
5793	4	11253	2
5794	4	11254	-1
5795	4	11255	5
5796	4	11256	-2
5797	4	11257	5
5798	4	11258	-2
5799	4	11259	-2
5800	4	11260	-1
5801	4	11261	-3
5802	4	11262	-5
5803	4	11263	2
5804	4	11264	5
5805	4	11265	5
5806	4	11266	2
5807	4	11267	-4
5808	4	11268	8
5809	4	11269	-2
5810	4	11270	-3
5811	4	11271	5
5812	4	11272	-4
5813	4	11273	-2
5814	4	11274	-5
5815	4	11275	5
5816	4	11276	8
5817	4	11277	-1
5818	4	11278	2
5819	4	11279	2
5820	4	11280	-5
5821	4	11281	-5
5822	4	11282	-5
5823	4	11283	-5
5824	4	11284	-5
5825	4	11285	-3
5826	4	11286	-3
5827	4	11287	-1
5828	4	11288	3
5829	4	11289	0
5830	4	11290	-3
5831	4	11291	-1
5832	4	11292	3
5833	4	11293	8
5834	4	11294	3
5835	4	11295	-3
5836	4	11296	-3
5837	4	11297	-1
5838	4	11298	-3
5839	4	11299	3
5840	4	11300	-1
5841	4	11301	8
5842	4	11302	3
5843	4	11303	3
5844	4	11304	0
5845	4	11305	-3
5846	4	11306	-3
5847	4	11307	-3
5848	4	11308	0
5849	4	11309	8
5850	4	11310	-3
5851	4	11311	-3
5852	4	11312	3
5853	4	11313	-1
5854	4	11314	-1
5855	4	11315	-3
5856	4	11316	3
5857	4	11317	3
5858	4	11318	-3
5859	4	11319	3
5860	4	11320	-1
5861	4	11321	3
5862	4	11322	-3
5863	4	11323	0
5864	4	11324	3
5865	4	11325	-3
5866	4	11326	-1
5867	4	11327	-3
5868	4	11328	8
5869	4	11329	-3
5870	4	11330	3
5871	4	11331	3
5872	4	11332	-3
5873	4	11333	3
5874	4	11334	-3
5875	4	11335	-3
5876	4	11336	8
5877	4	11337	-1
5878	4	11338	0
5879	4	11339	-1
5880	4	11520	-9
5881	4	11521	-9
5882	4	11522	-9
5883	4	11523	-9
5884	4	11524	-9
5885	4	11525	5
5886	4	11526	8
5887	4	11527	0
5888	4	11528	-7
5889	4	11529	-7
5890	4	11530	0
5891	4	11531	6
5892	4	11532	3
5893	4	11533	0
5894	4	11534	-1
5895	4	11535	2
5896	4	11536	5
5897	4	11537	6
5898	4	11538	8
5899	4	11539	3
5900	4	11540	0
5901	4	11541	0
5902	4	11542	-7
5903	4	11543	-1
5904	4	11544	-7
5905	4	11545	2
5906	4	11546	0
5907	4	11547	5
5908	4	11548	-7
5909	4	11549	0
5910	4	11550	8
5911	4	11551	0
5912	4	11552	-1
5913	4	11553	0
5914	4	11554	6
5915	4	11555	2
5916	4	11556	-7
5917	4	11557	3
5918	4	11558	5
5919	4	11559	-7
5920	4	11560	6
5921	4	11561	-1
5922	4	11562	8
5923	4	11563	-7
5924	4	11564	3
5925	4	11565	2
5926	4	11566	0
5927	4	11567	0
5928	4	11568	0
5929	4	11569	5
5930	4	11570	-1
5931	4	11571	3
5932	4	11572	0
5933	4	11573	-7
5934	4	11574	8
5935	4	11575	2
5936	4	11576	0
5937	4	11577	6
5938	4	11578	-7
5939	4	11579	0
5940	4	11580	6
5941	4	11581	6
5942	4	11582	6
5943	4	11583	6
5944	4	11584	6
5945	4	11585	-3
5946	4	11586	-2
5947	4	11587	-4
5948	4	11588	-3
5949	4	11589	0
5950	4	11590	-1
5951	4	11591	-1
5952	4	11592	1
5953	4	11593	2
5954	4	11594	6
5955	4	11595	-1
5956	4	11596	-3
5957	4	11597	-1
5958	4	11598	-2
5959	4	11599	1
5960	4	11600	-4
5961	4	11601	2
5962	4	11602	-3
5963	4	11603	6
5964	4	11604	0
5965	4	11605	-1
5966	4	11606	-1
5967	4	11607	-3
5968	4	11608	0
5969	4	11609	2
5970	4	11610	-2
5971	4	11611	-1
5972	4	11612	6
5973	4	11613	-4
5974	4	11614	-1
5975	4	11615	-1
5976	4	11616	-3
5977	4	11617	1
5978	4	11618	-3
5979	4	11619	-3
5980	4	11620	-1
5981	4	11621	6
5982	4	11622	-2
5983	4	11623	0
5984	4	11624	1
5985	4	11625	-1
5986	4	11626	-4
5987	4	11627	-1
5988	4	11628	2
5989	4	11629	-3
5990	4	11630	6
5991	4	11631	1
5992	4	11632	-1
5993	4	11633	-3
5994	4	11634	-2
5995	4	11635	-1
5996	4	11636	2
5997	4	11637	-1
5998	4	11638	0
5999	4	11639	-4
6000	4	11640	3
6001	4	11641	3
6002	4	11642	3
6003	4	11643	3
6004	4	11644	3
6005	4	11645	-3
6006	4	11646	-6
6007	4	11647	4
6008	4	11648	10
6009	4	11649	7
6010	4	11650	1
6011	4	11651	-5
6012	4	11652	-4
6013	4	11653	-2
6014	4	11654	-4
6015	4	11655	-1
6016	4	11656	-3
6017	4	11657	-5
6018	4	11658	-6
6019	4	11659	-4
6020	4	11660	4
6021	4	11661	-2
6022	4	11662	10
6023	4	11663	-4
6024	4	11664	7
6025	4	11665	-1
6026	4	11666	1
6027	4	11667	-3
6028	4	11668	7
6029	4	11669	-2
6030	4	11670	-6
6031	4	11671	1
6032	4	11672	-4
6033	4	11673	4
6034	4	11674	-5
6035	4	11675	-1
6036	4	11676	10
6037	4	11677	-4
6038	4	11678	-3
6039	4	11679	10
6040	4	11680	-5
6041	4	11681	-4
6042	4	11682	-6
6043	4	11683	7
6044	4	11684	-4
6045	4	11685	-1
6046	4	11686	4
6047	4	11687	1
6048	4	11688	-2
6049	4	11689	-3
6050	4	11690	-4
6051	4	11691	-4
6052	4	11692	1
6053	4	11693	10
6054	4	11694	-6
6055	4	11695	-1
6056	4	11696	-2
6057	4	11697	-5
6058	4	11698	7
6059	4	11699	4
6060	4	11700	1
6061	4	11701	1
6062	4	11702	1
6063	4	11703	1
6064	4	11704	1
6065	4	11705	-4
6066	4	11706	0
6067	4	11707	1
6068	4	11708	1
6069	4	11709	2
6070	4	11710	-2
6071	4	11711	0
6072	4	11712	4
6073	4	11713	-3
6074	4	11714	-2
6075	4	11715	3
6076	4	11716	-4
6077	4	11717	0
6078	4	11718	0
6079	4	11719	4
6080	4	11720	1
6081	4	11721	-3
6082	4	11722	1
6083	4	11723	-2
6084	4	11724	2
6085	4	11725	3
6086	4	11726	-2
6087	4	11727	-4
6088	4	11728	2
6089	4	11729	-3
6090	4	11730	0
6091	4	11731	-2
6092	4	11732	-2
6093	4	11733	1
6094	4	11734	0
6095	4	11735	3
6096	4	11736	1
6097	4	11737	4
6098	4	11738	-4
6099	4	11739	1
6100	4	11740	0
6101	4	11741	-2
6102	4	11742	0
6103	4	11743	2
6104	4	11744	4
6105	4	11745	3
6106	4	11746	1
6107	4	11747	-2
6108	4	11748	-3
6109	4	11749	-4
6110	4	11750	-2
6111	4	11751	4
6112	4	11752	-2
6113	4	11753	1
6114	4	11754	0
6115	4	11755	3
6116	4	11756	-3
6117	4	11757	0
6118	4	11758	2
6119	4	11759	1
6120	4	11760	3
6121	4	11761	3
6122	4	11762	3
6123	4	11763	3
6124	4	11764	3
6125	4	11765	-3
6126	4	11766	-2
6127	4	11767	2
6128	4	11768	2
6129	4	11769	3
6130	4	11770	1
6131	4	11771	-7
6132	4	11772	2
6133	4	11773	-5
6134	4	11774	-4
6135	4	11775	6
6136	4	11776	-3
6137	4	11777	-7
6138	4	11778	-2
6139	4	11779	2
6140	4	11780	2
6141	4	11781	-5
6142	4	11782	2
6143	4	11783	-4
6144	4	11784	3
6145	4	11785	6
6146	4	11786	1
6147	4	11787	-3
6148	4	11788	3
6149	4	11789	-5
6150	4	11790	-2
6151	4	11791	1
6152	4	11792	-4
6153	4	11793	2
6154	4	11794	-7
6155	4	11795	6
6156	4	11796	2
6157	4	11797	2
6158	4	11798	-3
6159	4	11799	2
6160	4	11800	-7
6161	4	11801	-4
6162	4	11802	-2
6163	4	11803	3
6164	4	11804	2
6165	4	11805	6
6166	4	11806	2
6167	4	11807	1
6168	4	11808	-5
6169	4	11809	-3
6170	4	11810	-4
6171	4	11811	2
6172	4	11812	1
6173	4	11813	2
6174	4	11814	-2
6175	4	11815	6
6176	4	11816	-5
6177	4	11817	-7
6178	4	11818	3
6179	4	11819	2
6180	4	11820	0
6181	4	11821	0
6182	4	11822	0
6183	4	11823	0
6184	4	11824	0
6185	4	11825	5
6186	4	11826	-3
6187	4	11827	2
6188	4	11828	3
6189	4	11829	2
6190	4	11830	4
6191	4	11831	2
6192	4	11832	-14
6193	4	11833	5
6194	4	11834	-3
6195	4	11835	-3
6196	4	11836	5
6197	4	11837	2
6198	4	11838	-3
6199	4	11839	-14
6200	4	11840	2
6201	4	11841	5
6202	4	11842	3
6203	4	11843	-3
6204	4	11844	2
6205	4	11845	-3
6206	4	11846	4
6207	4	11847	5
6208	4	11848	2
6209	4	11849	5
6210	4	11850	-3
6211	4	11851	4
6212	4	11852	-3
6213	4	11853	2
6214	4	11854	2
6215	4	11855	-3
6216	4	11856	3
6217	4	11857	-14
6218	4	11858	5
6219	4	11859	3
6220	4	11860	2
6221	4	11861	-3
6222	4	11862	-3
6223	4	11863	2
6224	4	11864	-14
6225	4	11865	-3
6226	4	11866	2
6227	4	11867	4
6228	4	11868	5
6229	4	11869	5
6230	4	11870	-3
6231	4	11871	-14
6232	4	11872	4
6233	4	11873	3
6234	4	11874	-3
6235	4	11875	-3
6236	4	11876	5
6237	4	11877	2
6238	4	11878	2
6239	4	11879	2
6240	4	11880	1
6241	4	11881	1
6242	4	11882	1
6243	4	11883	1
6244	4	11884	1
6245	4	11885	3
6246	4	11886	0
6247	4	11887	-1
6248	4	11888	2
6249	4	11889	-1
6250	4	11890	0
6251	4	11891	1
6252	4	11892	0
6253	4	11893	0
6254	4	11894	-2
6255	4	11895	-2
6256	4	11896	3
6257	4	11897	1
6258	4	11898	0
6259	4	11899	0
6260	4	11900	-1
6261	4	11901	0
6262	4	11902	2
6263	4	11903	-2
6264	4	11904	-1
6265	4	11905	-2
6266	4	11906	0
6267	4	11907	3
6268	4	11908	-1
6269	4	11909	0
6270	4	11910	0
6271	4	11911	0
6272	4	11912	-2
6273	4	11913	-1
6274	4	11914	1
6275	4	11915	-2
6276	4	11916	2
6277	4	11917	0
6278	4	11918	3
6279	4	11919	2
6280	4	11920	1
6281	4	11921	-2
6282	4	11922	0
6283	4	11923	-1
6284	4	11924	0
6285	4	11925	-2
6286	4	11926	-1
6287	4	11927	0
6288	4	11928	0
6289	4	11929	3
6290	4	11930	-2
6291	4	11931	0
6292	4	11932	0
6293	4	11933	2
6294	4	11934	0
6295	4	11935	-2
6296	4	11936	0
6297	4	11937	1
6298	4	11938	-1
6299	4	11939	-1
6300	4	11940	-3
6301	4	11941	-3
6302	4	11942	-3
6303	4	11943	-3
6304	4	11944	-3
6305	4	11945	1
6306	4	11946	-3
6307	4	11947	3
6308	4	11948	4
6309	4	11949	-1
6310	4	11950	-2
6311	4	11951	2
6312	4	11952	1
6313	4	11953	2
6314	4	11954	2
6315	4	11955	-5
6316	4	11956	1
6317	4	11957	2
6318	4	11958	-3
6319	4	11959	1
6320	4	11960	3
6321	4	11961	2
6322	4	11962	4
6323	4	11963	2
6324	4	11964	-1
6325	4	11965	-5
6326	4	11966	-2
6327	4	11967	1
6328	4	11968	-1
6329	4	11969	2
6330	4	11970	-3
6331	4	11971	-2
6332	4	11972	2
6333	4	11973	3
6334	4	11974	2
6335	4	11975	-5
6336	4	11976	4
6337	4	11977	1
6338	4	11978	1
6339	4	11979	4
6340	4	11980	2
6341	4	11981	2
6342	4	11982	-3
6343	4	11983	-1
6344	4	11984	1
6345	4	11985	-5
6346	4	11986	3
6347	4	11987	-2
6348	4	11988	2
6349	4	11989	1
6350	4	11990	2
6351	4	11991	1
6352	4	11992	-2
6353	4	11993	4
6354	4	11994	-3
6355	4	11995	-5
6356	4	11996	2
6357	4	11997	2
6358	4	11998	-1
6359	4	11999	3
6360	4	12000	-2
6361	4	12001	-2
6362	4	12002	-2
6363	4	12003	-2
6364	4	12004	-2
6365	4	12005	1
6366	4	12006	3
6367	4	12007	1
6368	4	12008	-1
6369	4	12009	0
6370	4	12010	0
6371	4	12011	5
6372	4	12012	-2
6373	4	12013	-3
6374	4	12014	-1
6375	4	12015	-1
6376	4	12016	1
6377	4	12017	5
6378	4	12018	3
6379	4	12019	-2
6380	4	12020	1
6381	4	12021	-3
6382	4	12022	-1
6383	4	12023	-1
6384	4	12024	0
6385	4	12025	-1
6386	4	12026	0
6387	4	12027	1
6388	4	12028	0
6389	4	12029	-3
6390	4	12030	3
6391	4	12031	0
6392	4	12032	-1
6393	4	12033	1
6394	4	12034	5
6395	4	12035	-1
6396	4	12036	-1
6397	4	12037	-2
6398	4	12038	1
6399	4	12039	-1
6400	4	12040	5
6401	4	12041	-1
6402	4	12042	3
6403	4	12043	0
6404	4	12044	-2
6405	4	12045	-1
6406	4	12046	1
6407	4	12047	0
6408	4	12048	-3
6409	4	12049	1
6410	4	12050	-1
6411	4	12051	-2
6412	4	12052	0
6413	4	12053	-1
6414	4	12054	3
6415	4	12055	-1
6416	4	12056	-3
6417	4	12057	5
6418	4	12058	0
6419	4	12059	1
6420	4	12060	-1
6421	4	12061	-1
6422	4	12062	-1
6423	4	12063	-1
6424	4	12064	-1
6425	4	12065	4
6426	4	12066	2
6427	4	12067	3
6428	4	12068	-3
6429	4	12069	1
6430	4	12070	1
6431	4	12071	-4
6432	4	12072	1
6433	4	12073	-2
6434	4	12074	-1
6435	4	12075	-1
6436	4	12076	4
6437	4	12077	-4
6438	4	12078	2
6439	4	12079	1
6440	4	12080	3
6441	4	12081	-2
6442	4	12082	-3
6443	4	12083	-1
6444	4	12084	1
6445	4	12085	-1
6446	4	12086	1
6447	4	12087	4
6448	4	12088	1
6449	4	12089	-2
6450	4	12090	2
6451	4	12091	1
6452	4	12092	-1
6453	4	12093	3
6454	4	12094	-4
6455	4	12095	-1
6456	4	12096	-3
6457	4	12097	1
6458	4	12098	4
6459	4	12099	-3
6460	4	12100	-4
6461	4	12101	-1
6462	4	12102	2
6463	4	12103	1
6464	4	12104	1
6465	4	12105	-1
6466	4	12106	3
6467	4	12107	1
6468	4	12108	-2
6469	4	12109	4
6470	4	12110	-1
6471	4	12111	1
6472	4	12112	1
6473	4	12113	-3
6474	4	12114	2
6475	4	12115	-1
6476	4	12116	-2
6477	4	12117	-4
6478	4	12118	1
6479	4	12119	3
6480	4	12120	2
6481	4	12121	2
6482	4	12122	2
6483	4	12123	2
6484	4	12124	2
6485	4	12125	5
6486	4	12126	-7
6487	4	12127	-1
6488	4	12128	0
6489	4	12129	-2
6490	4	12130	5
6491	4	12131	2
6492	4	12132	-11
6493	4	12133	6
6494	4	12134	4
6495	4	12135	-4
6496	4	12136	5
6497	4	12137	2
6498	4	12138	-7
6499	4	12139	-11
6500	4	12140	-1
6501	4	12141	6
6502	4	12142	0
6503	4	12143	4
6504	4	12144	-2
6505	4	12145	-4
6506	4	12146	5
6507	4	12147	5
6508	4	12148	-2
6509	4	12149	6
6510	4	12150	-7
6511	4	12151	5
6512	4	12152	4
6513	4	12153	-1
6514	4	12154	2
6515	4	12155	-4
6516	4	12156	0
6517	4	12157	-11
6518	4	12158	5
6519	4	12159	0
6520	4	12160	2
6521	4	12161	4
6522	4	12162	-7
6523	4	12163	-2
6524	4	12164	-11
6525	4	12165	-4
6526	4	12166	-1
6527	4	12167	5
6528	4	12168	6
6529	4	12169	5
6530	4	12170	4
6531	4	12171	-11
6532	4	12172	5
6533	4	12173	0
6534	4	12174	-7
6535	4	12175	-4
6536	4	12176	6
6537	4	12177	2
6538	4	12178	-2
6539	4	12179	-1
6540	4	12180	6
6541	4	12181	6
6542	4	12182	6
6543	4	12183	6
6544	4	12184	6
6545	4	12185	-2
6546	4	12186	-3
6547	4	12187	-4
6548	4	12188	-1
6549	4	12189	4
6550	4	12190	-1
6551	4	12191	-6
6552	4	12192	-4
6553	4	12193	4
6554	4	12194	2
6555	4	12195	6
6556	4	12196	-2
6557	4	12197	-6
6558	4	12198	-3
6559	4	12199	-4
6560	4	12200	-4
6561	4	12201	4
6562	4	12202	-1
6563	4	12203	2
6564	4	12204	4
6565	4	12205	6
6566	4	12206	-1
6567	4	12207	-2
6568	4	12208	4
6569	4	12209	4
6570	4	12210	-3
6571	4	12211	-1
6572	4	12212	2
6573	4	12213	-4
6574	4	12214	-6
6575	4	12215	6
6576	4	12216	-1
6577	4	12217	-4
6578	4	12218	-2
6579	4	12219	-1
6580	4	12220	-6
6581	4	12221	2
6582	4	12222	-3
6583	4	12223	4
6584	4	12224	-4
6585	4	12225	6
6586	4	12226	-4
6587	4	12227	-1
6588	4	12228	4
6589	4	12229	-2
6590	4	12230	2
6591	4	12231	-4
6592	4	12232	-1
6593	4	12233	-1
6594	4	12234	-3
6595	4	12235	6
6596	4	12236	4
6597	4	12237	-6
6598	4	12238	4
6599	4	12239	-4
6600	4	12240	1
6601	4	12241	1
6602	4	12242	1
6603	4	12243	1
6604	4	12244	1
6605	4	12245	3
6606	4	12246	1
6607	4	12247	-3
6608	4	12248	2
6609	4	12249	-2
6610	4	12250	-8
6611	4	12251	2
6612	4	12252	4
6613	4	12253	1
6614	4	12254	4
6615	4	12255	-5
6616	4	12256	3
6617	4	12257	2
6618	4	12258	1
6619	4	12259	4
6620	4	12260	-3
6621	4	12261	1
6622	4	12262	2
6623	4	12263	4
6624	4	12264	-2
6625	4	12265	-5
6626	4	12266	-8
6627	4	12267	3
6628	4	12268	-2
6629	4	12269	1
6630	4	12270	1
6631	4	12271	-8
6632	4	12272	4
6633	4	12273	-3
6634	4	12274	2
6635	4	12275	-5
6636	4	12276	2
6637	4	12277	4
6638	4	12278	3
6639	4	12279	2
6640	4	12280	2
6641	4	12281	4
6642	4	12282	1
6643	4	12283	-2
6644	4	12284	4
6645	4	12285	-5
6646	4	12286	-3
6647	4	12287	-8
6648	4	12288	1
6649	4	12289	3
6650	4	12290	4
6651	4	12291	4
6652	4	12292	-8
6653	4	12293	2
6654	4	12294	1
6655	4	12295	-5
6656	4	12296	1
6657	4	12297	2
6658	4	12298	-2
6659	4	12299	-3
6660	4	12300	5
6661	4	12301	5
6662	4	12302	5
6663	4	12303	5
6664	4	12304	5
6665	4	12305	0
6666	4	12306	-8
6667	4	12307	-5
6668	4	12308	3
6669	4	12309	-3
6670	4	12310	1
6671	4	12311	-5
6672	4	12312	-1
6673	4	12313	4
6674	4	12314	4
6675	4	12315	5
6676	4	12316	0
6677	4	12317	-5
6678	4	12318	-8
6679	4	12319	-1
6680	4	12320	-5
6681	4	12321	4
6682	4	12322	3
6683	4	12323	4
6684	4	12324	-3
6685	4	12325	5
6686	4	12326	1
6687	4	12327	0
6688	4	12328	-3
6689	4	12329	4
6690	4	12330	-8
6691	4	12331	1
6692	4	12332	4
6693	4	12333	-5
6694	4	12334	-5
6695	4	12335	5
6696	4	12336	3
6697	4	12337	-1
6698	4	12338	0
6699	4	12339	3
6700	4	12340	-5
6701	4	12341	4
6702	4	12342	-8
6703	4	12343	-3
6704	4	12344	-1
6705	4	12345	5
6706	4	12346	-5
6707	4	12347	1
6708	4	12348	4
6709	4	12349	0
6710	4	12350	4
6711	4	12351	-1
6712	4	12352	1
6713	4	12353	3
6714	4	12354	-8
6715	4	12355	5
6716	4	12356	4
6717	4	12357	-5
6718	4	12358	-3
6719	4	12359	-5
6720	4	12360	1
6721	4	12361	1
6722	4	12362	1
6723	4	12363	1
6724	4	12364	1
6725	4	12365	-5
6726	4	12366	0
6727	4	12367	-3
6728	4	12368	-2
6729	4	12369	0
6730	4	12370	-5
6731	4	12371	0
6732	4	12372	11
6733	4	12373	1
6734	4	12374	3
6735	4	12375	-3
6736	4	12376	-5
6737	4	12377	0
6738	4	12378	0
6739	4	12379	11
6740	4	12380	-3
6741	4	12381	1
6742	4	12382	-2
6743	4	12383	3
6744	4	12384	0
6745	4	12385	-3
6746	4	12386	-5
6747	4	12387	-5
6748	4	12388	0
6749	4	12389	1
6750	4	12390	0
6751	4	12391	-5
6752	4	12392	3
6753	4	12393	-3
6754	4	12394	0
6755	4	12395	-3
6756	4	12396	-2
6757	4	12397	11
6758	4	12398	-5
6759	4	12399	-2
6760	4	12400	0
6761	4	12401	3
6762	4	12402	0
6763	4	12403	0
6764	4	12404	11
6765	4	12405	-3
6766	4	12406	-3
6767	4	12407	-5
6768	4	12408	1
6769	4	12409	-5
6770	4	12410	3
6771	4	12411	11
6772	4	12412	-5
6773	4	12413	-2
6774	4	12414	0
6775	4	12415	-3
6776	4	12416	1
6777	4	12417	0
6778	4	12418	0
6779	4	12419	-3
6780	4	12420	3
6781	4	12421	3
6782	4	12422	3
6783	4	12423	3
6784	4	12424	3
6785	4	12425	-2
6786	4	12426	-5
6787	4	12427	-1
6788	4	12428	5
6789	4	12429	2
6790	4	12430	-5
6791	4	12431	-2
6792	4	12432	-4
6793	4	12433	6
6794	4	12434	2
6795	4	12435	1
6796	4	12436	-2
6797	4	12437	-2
6798	4	12438	-5
6799	4	12439	-4
6800	4	12440	-1
6801	4	12441	6
6802	4	12442	5
6803	4	12443	2
6804	4	12444	2
6805	4	12445	1
6806	4	12446	-5
6807	4	12447	-2
6808	4	12448	2
6809	4	12449	6
6810	4	12450	-5
6811	4	12451	-5
6812	4	12452	2
6813	4	12453	-1
6814	4	12454	-2
6815	4	12455	1
6816	4	12456	5
6817	4	12457	-4
6818	4	12458	-2
6819	4	12459	5
6820	4	12460	-2
6821	4	12461	2
6822	4	12462	-5
6823	4	12463	2
6824	4	12464	-4
6825	4	12465	1
6826	4	12466	-1
6827	4	12467	-5
6828	4	12468	6
6829	4	12469	-2
6830	4	12470	2
6831	4	12471	-4
6832	4	12472	-5
6833	4	12473	5
6834	4	12474	-5
6835	4	12475	1
6836	4	12476	6
6837	4	12477	-2
6838	4	12478	2
6839	4	12479	-1
6840	4	12480	5
6841	4	12481	5
6842	4	12482	5
6843	4	12483	5
6844	4	12484	5
6845	4	12485	-10
6846	4	12486	2
6847	4	12487	0
6848	4	12488	-4
6849	4	12489	-2
6850	4	12490	0
6851	4	12491	-4
6852	4	12492	9
6853	4	12493	-3
6854	4	12494	4
6855	4	12495	4
6856	4	12496	-10
6857	4	12497	-4
6858	4	12498	2
6859	4	12499	9
6860	4	12500	0
6861	4	12501	-3
6862	4	12502	-4
6863	4	12503	4
6864	4	12504	-2
6865	4	12505	4
6866	4	12506	0
6867	4	12507	-10
6868	4	12508	-2
6869	4	12509	-3
6870	4	12510	2
6871	4	12511	0
6872	4	12512	4
6873	4	12513	0
6874	4	12514	-4
6875	4	12515	4
6876	4	12516	-4
6877	4	12517	9
6878	4	12518	-10
6879	4	12519	-4
6880	4	12520	-4
6881	4	12521	4
6882	4	12522	2
6883	4	12523	-2
6884	4	12524	9
6885	4	12525	4
6886	4	12526	0
6887	4	12527	0
6888	4	12528	-3
6889	4	12529	-10
6890	4	12530	4
6891	4	12531	9
6892	4	12532	0
6893	4	12533	-4
6894	4	12534	2
6895	4	12535	4
6896	4	12536	-3
6897	4	12537	-4
6898	4	12538	-2
6899	4	12539	0
6900	4	12540	-2
6901	4	12541	-2
6902	4	12542	-2
6903	4	12543	-2
6904	4	12544	-2
6905	4	12545	-1
6906	4	12546	6
6907	4	12547	1
6908	4	12548	-2
6909	4	12549	1
6910	4	12550	-2
6911	4	12551	-2
6912	4	12552	7
6913	4	12553	-3
6914	4	12554	-3
6915	4	12555	1
6916	4	12556	-1
6917	4	12557	-2
6918	4	12558	6
6919	4	12559	7
6920	4	12560	1
6921	4	12561	-3
6922	4	12562	-2
6923	4	12563	-3
6924	4	12564	1
6925	4	12565	1
6926	4	12566	-2
6927	4	12567	-1
6928	4	12568	1
6929	4	12569	-3
6930	4	12570	6
6931	4	12571	-2
6932	4	12572	-3
6933	4	12573	1
6934	4	12574	-2
6935	4	12575	1
6936	4	12576	-2
6937	4	12577	7
6938	4	12578	-1
6939	4	12579	-2
6940	4	12580	-2
6941	4	12581	-3
6942	4	12582	6
6943	4	12583	1
6944	4	12584	7
6945	4	12585	1
6946	4	12586	1
6947	4	12587	-2
6948	4	12588	-3
6949	4	12589	-1
6950	4	12590	-3
6951	4	12591	7
6952	4	12592	-2
6953	4	12593	-2
6954	4	12594	6
6955	4	12595	1
6956	4	12596	-3
6957	4	12597	-2
6958	4	12598	1
6959	4	12599	1
6960	4	12600	-4
6961	4	12601	-4
6962	4	12602	-4
6963	4	12603	-4
6964	4	12604	-4
6965	4	12605	-2
6966	4	12606	5
6967	4	12607	4
6968	4	12608	-1
6969	4	12609	3
6970	4	12610	-1
6971	4	12611	1
6972	4	12612	2
6973	4	12613	0
6974	4	12614	-3
6975	4	12615	-4
6976	4	12616	-2
6977	4	12617	1
6978	4	12618	5
6979	4	12619	2
6980	4	12620	4
6981	4	12621	0
6982	4	12622	-1
6983	4	12623	-3
6984	4	12624	3
6985	4	12625	-4
6986	4	12626	-1
6987	4	12627	-2
6988	4	12628	3
6989	4	12629	0
6990	4	12630	5
6991	4	12631	-1
6992	4	12632	-3
6993	4	12633	4
6994	4	12634	1
6995	4	12635	-4
6996	4	12636	-1
6997	4	12637	2
6998	4	12638	-2
6999	4	12639	-1
7000	4	12640	1
7001	4	12641	-3
7002	4	12642	5
7003	4	12643	3
7004	4	12644	2
7005	4	12645	-4
7006	4	12646	4
7007	4	12647	-1
7008	4	12648	0
7009	4	12649	-2
7010	4	12650	-3
7011	4	12651	2
7012	4	12652	-1
7013	4	12653	-1
7014	4	12654	5
7015	4	12655	-4
7016	4	12656	0
7017	4	12657	1
7018	4	12658	3
7019	4	12659	4
7020	4	12660	-6
7021	4	12661	-6
7022	4	12662	-6
7023	4	12663	-6
7024	4	12664	-6
7025	4	12665	8
7026	4	12666	-2
7027	4	12667	1
7028	4	12668	3
7029	4	12669	3
7030	4	12670	1
7031	4	12671	3
7032	4	12672	-9
7033	4	12673	3
7034	4	12674	-2
7035	4	12675	-2
7036	4	12676	8
7037	4	12677	3
7038	4	12678	-2
7039	4	12679	-9
7040	4	12680	1
7041	4	12681	3
7042	4	12682	3
7043	4	12683	-2
7044	4	12684	3
7045	4	12685	-2
7046	4	12686	1
7047	4	12687	8
7048	4	12688	3
7049	4	12689	3
7050	4	12690	-2
7051	4	12691	1
7052	4	12692	-2
7053	4	12693	1
7054	4	12694	3
7055	4	12695	-2
7056	4	12696	3
7057	4	12697	-9
7058	4	12698	8
7059	4	12699	3
7060	4	12700	3
7061	4	12701	-2
7062	4	12702	-2
7063	4	12703	3
7064	4	12704	-9
7065	4	12705	-2
7066	4	12706	1
7067	4	12707	1
7068	4	12708	3
7069	4	12709	8
7070	4	12710	-2
7071	4	12711	-9
7072	4	12712	1
7073	4	12713	3
7074	4	12714	-2
7075	4	12715	-2
7076	4	12716	3
7077	4	12717	3
7078	4	12718	3
7079	4	12719	1
7080	4	12720	-4
7081	4	12721	-4
7082	4	12722	-4
7083	4	12723	-4
7084	4	12724	-4
7085	4	12725	0
7086	4	12726	1
7087	4	12727	1
7088	4	12728	-4
7089	4	12729	-1
7090	4	12730	6
7091	4	12731	5
7092	4	12732	-6
7093	4	12733	4
7094	4	12734	-1
7095	4	12735	-1
7096	4	12736	0
7097	4	12737	5
7098	4	12738	1
7099	4	12739	-6
7100	4	12740	1
7101	4	12741	4
7102	4	12742	-4
7103	4	12743	-1
7104	4	12744	-1
7105	4	12745	-1
7106	4	12746	6
7107	4	12747	0
7108	4	12748	-1
7109	4	12749	4
7110	4	12750	1
7111	4	12751	6
7112	4	12752	-1
7113	4	12753	1
7114	4	12754	5
7115	4	12755	-1
7116	4	12756	-4
7117	4	12757	-6
7118	4	12758	0
7119	4	12759	-4
7120	4	12760	5
7121	4	12761	-1
7122	4	12762	1
7123	4	12763	-1
7124	4	12764	-6
7125	4	12765	-1
7126	4	12766	1
7127	4	12767	6
7128	4	12768	4
7129	4	12769	0
7130	4	12770	-1
7131	4	12771	-6
7132	4	12772	6
7133	4	12773	-4
7134	4	12774	1
7135	4	12775	-1
7136	4	12776	4
7137	4	12777	5
7138	4	12778	-1
7139	4	12779	1
7140	4	12780	-2
7141	4	12781	-2
7142	4	12782	-2
7143	4	12783	-2
7144	4	12784	-2
7145	4	12785	-2
7146	4	12786	2
7147	4	12787	-2
7148	4	12788	-3
7149	4	12789	-3
7150	4	12790	5
7151	4	12791	6
7152	4	12792	3
7153	4	12793	-4
7154	4	12794	-1
7155	4	12795	1
7156	4	12796	-2
7157	4	12797	6
7158	4	12798	2
7159	4	12799	3
7160	4	12800	-2
7161	4	12801	-4
7162	4	12802	-3
7163	4	12803	-1
7164	4	12804	-3
7165	4	12805	1
7166	4	12806	5
7167	4	12807	-2
7168	4	12808	-3
7169	4	12809	-4
7170	4	12810	2
7171	4	12811	5
7172	4	12812	-1
7173	4	12813	-2
7174	4	12814	6
7175	4	12815	1
7176	4	12816	-3
7177	4	12817	3
7178	4	12818	-2
7179	4	12819	-3
7180	4	12820	6
7181	4	12821	-1
7182	4	12822	2
7183	4	12823	-3
7184	4	12824	3
7185	4	12825	1
7186	4	12826	-2
7187	4	12827	5
7188	4	12828	-4
7189	4	12829	-2
7190	4	12830	-1
7191	4	12831	3
7192	4	12832	5
7193	4	12833	-3
7194	4	12834	2
7195	4	12835	1
7196	4	12836	-4
7197	4	12837	6
7198	4	12838	-3
7199	4	12839	-2
7200	4	12840	-3
7201	4	12841	-3
7202	4	12842	-3
7203	4	12843	-3
7204	4	12844	-3
7205	4	12845	1
7206	4	12846	6
7207	4	12847	1
7208	4	12848	-2
7209	4	12849	-2
7210	4	12850	2
7211	4	12851	4
7212	4	12852	2
7213	4	12853	-5
7214	4	12854	-3
7215	4	12855	-1
7216	4	12856	1
7217	4	12857	4
7218	4	12858	6
7219	4	12859	2
7220	4	12860	1
7221	4	12861	-5
7222	4	12862	-2
7223	4	12863	-3
7224	4	12864	-2
7225	4	12865	-1
7226	4	12866	2
7227	4	12867	1
7228	4	12868	-2
7229	4	12869	-5
7230	4	12870	6
7231	4	12871	2
7232	4	12872	-3
7233	4	12873	1
7234	4	12874	4
7235	4	12875	-1
7236	4	12876	-2
7237	4	12877	2
7238	4	12878	1
7239	4	12879	-2
7240	4	12880	4
7241	4	12881	-3
7242	4	12882	6
7243	4	12883	-2
7244	4	12884	2
7245	4	12885	-1
7246	4	12886	1
7247	4	12887	2
7248	4	12888	-5
7249	4	12889	1
7250	4	12890	-3
7251	4	12891	2
7252	4	12892	2
7253	4	12893	-2
7254	4	12894	6
7255	4	12895	-1
7256	4	12896	-5
7257	4	12897	4
7258	4	12898	-2
7259	4	12899	1
7260	4	12900	-1
7261	4	12901	-1
7262	4	12902	-1
7263	4	12903	-1
7264	4	12904	-1
7265	4	12905	-1
7266	4	12906	3
7267	4	12907	2
7268	4	12908	-1
7269	4	12909	-3
7270	4	12910	0
7271	4	12911	-2
7272	4	12912	3
7273	4	12913	-6
7274	4	12914	0
7275	4	12915	5
7276	4	12916	-1
7277	4	12917	-2
7278	4	12918	3
7279	4	12919	3
7280	4	12920	2
7281	4	12921	-6
7282	4	12922	-1
7283	4	12923	0
7284	4	12924	-3
7285	4	12925	5
7286	4	12926	0
7287	4	12927	-1
7288	4	12928	-3
7289	4	12929	-6
7290	4	12930	3
7291	4	12931	0
7292	4	12932	0
7293	4	12933	2
7294	4	12934	-2
7295	4	12935	5
7296	4	12936	-1
7297	4	12937	3
7298	4	12938	-1
7299	4	12939	-1
7300	4	12940	-2
7301	4	12941	0
7302	4	12942	3
7303	4	12943	-3
7304	4	12944	3
7305	4	12945	5
7306	4	12946	2
7307	4	12947	0
7308	4	12948	-6
7309	4	12949	-1
7310	4	12950	0
7311	4	12951	3
7312	4	12952	0
7313	4	12953	-1
7314	4	12954	3
7315	4	12955	5
7316	4	12956	-6
7317	4	12957	-2
7318	4	12958	-3
7319	4	12959	2
7320	4	12960	-10
7321	4	12961	-10
7322	4	12962	-10
7323	4	12963	-10
7324	4	12964	-10
7325	4	12965	-4
7326	4	12966	-6
7327	4	12967	-6
7328	4	12968	4
7329	4	12969	5
7330	4	12970	4
7331	4	12971	-2
7332	4	12972	-1
7333	4	12973	2
7334	4	12974	7
7335	4	12975	7
7336	4	12976	-4
7337	4	12977	-2
7338	4	12978	-6
7339	4	12979	-1
7340	4	12980	-6
7341	4	12981	2
7342	4	12982	4
7343	4	12983	7
7344	4	12984	5
7345	4	12985	7
7346	4	12986	4
7347	4	12987	-4
7348	4	12988	5
7349	4	12989	2
7350	4	12990	-6
7351	4	12991	4
7352	4	12992	7
7353	4	12993	-6
7354	4	12994	-2
7355	4	12995	7
7356	4	12996	4
7357	4	12997	-1
7358	4	12998	-4
7359	4	12999	4
7360	4	13000	-2
7361	4	13001	7
7362	4	13002	-6
7363	4	13003	5
7364	4	13004	-1
7365	4	13005	7
7366	4	13006	-6
7367	4	13007	4
7368	4	13008	2
7369	4	13009	-4
7370	4	13010	7
7371	4	13011	-1
7372	4	13012	4
7373	4	13013	4
7374	4	13014	-6
7375	4	13015	7
7376	4	13016	2
7377	4	13017	-2
7378	4	13018	5
7379	4	13019	-6
7380	4	13020	4
7381	4	13021	4
7382	4	13022	4
7383	4	13023	4
7384	4	13024	4
7385	4	13025	-3
7386	4	13026	-3
7387	4	13027	1
7388	4	13028	-2
7389	4	13029	-1
7390	4	13030	0
7391	4	13031	5
7392	4	13032	5
7393	4	13033	1
7394	4	13034	-3
7395	4	13035	-4
7396	4	13036	-3
7397	4	13037	5
7398	4	13038	-3
7399	4	13039	5
7400	4	13040	1
7401	4	13041	1
7402	4	13042	-2
7403	4	13043	-3
7404	4	13044	-1
7405	4	13045	-4
7406	4	13046	0
7407	4	13047	-3
7408	4	13048	-1
7409	4	13049	1
7410	4	13050	-3
7411	4	13051	0
7412	4	13052	-3
7413	4	13053	1
7414	4	13054	5
7415	4	13055	-4
7416	4	13056	-2
7417	4	13057	5
7418	4	13058	-3
7419	4	13059	-2
7420	4	13060	5
7421	4	13061	-3
7422	4	13062	-3
7423	4	13063	-1
7424	4	13064	5
7425	4	13065	-4
7426	4	13066	1
7427	4	13067	0
7428	4	13068	1
7429	4	13069	-3
7430	4	13070	-3
7431	4	13071	5
7432	4	13072	0
7433	4	13073	-2
7434	4	13074	-3
7435	4	13075	-4
7436	4	13076	1
7437	4	13077	5
7438	4	13078	-1
7439	4	13079	1
7440	4	13080	6
7441	4	13081	6
7442	4	13082	6
7443	4	13083	6
7444	4	13084	6
7445	4	13085	6
7446	4	13086	9
7447	4	13087	5
7448	4	13088	-2
7449	4	13089	-4
7450	4	13090	-3
7451	4	13091	-3
7452	4	13092	-4
7453	4	13093	-2
7454	4	13094	-4
7455	4	13095	-4
7456	4	13096	6
7457	4	13097	-3
7458	4	13098	9
7459	4	13099	-4
7460	4	13100	5
7461	4	13101	-2
7462	4	13102	-2
7463	4	13103	-4
7464	4	13104	-4
7465	4	13105	-4
7466	4	13106	-3
7467	4	13107	6
7468	4	13108	-4
7469	4	13109	-2
7470	4	13110	9
7471	4	13111	-3
7472	4	13112	-4
7473	4	13113	5
7474	4	13114	-3
7475	4	13115	-4
7476	4	13116	-2
7477	4	13117	-4
7478	4	13118	6
7479	4	13119	-2
7480	4	13120	-3
7481	4	13121	-4
7482	4	13122	9
7483	4	13123	-4
7484	4	13124	-4
7485	4	13125	-4
7486	4	13126	5
7487	4	13127	-3
7488	4	13128	-2
7489	4	13129	6
7490	4	13130	-4
7491	4	13131	-4
7492	4	13132	-3
7493	4	13133	-2
7494	4	13134	9
7495	4	13135	-4
7496	4	13136	-2
7497	4	13137	-3
7498	4	13138	-4
7499	4	13139	5
7500	4	13140	-1
7501	4	13141	-1
7502	4	13142	-1
7503	4	13143	-1
7504	4	13144	-1
7505	4	13145	3
7506	4	13146	6
7507	4	13147	3
7508	4	13148	1
7509	4	13149	2
7510	4	13150	-10
7511	4	13151	2
7512	4	13152	-4
7513	4	13153	-1
7514	4	13154	3
7515	4	13155	-3
7516	4	13156	3
7517	4	13157	2
7518	4	13158	6
7519	4	13159	-4
7520	4	13160	3
7521	4	13161	-1
7522	4	13162	1
7523	4	13163	3
7524	4	13164	2
7525	4	13165	-3
7526	4	13166	-10
7527	4	13167	3
7528	4	13168	2
7529	4	13169	-1
7530	4	13170	6
7531	4	13171	-10
7532	4	13172	3
7533	4	13173	3
7534	4	13174	2
7535	4	13175	-3
7536	4	13176	1
7537	4	13177	-4
7538	4	13178	3
7539	4	13179	1
7540	4	13180	2
7541	4	13181	3
7542	4	13182	6
7543	4	13183	2
7544	4	13184	-4
7545	4	13185	-3
7546	4	13186	3
7547	4	13187	-10
7548	4	13188	-1
7549	4	13189	3
7550	4	13190	3
7551	4	13191	-4
7552	4	13192	-10
7553	4	13193	1
7554	4	13194	6
7555	4	13195	-3
7556	4	13196	-1
7557	4	13197	2
7558	4	13198	2
7559	4	13199	3
7560	4	13200	-1
7561	4	13201	-1
7562	4	13202	-1
7563	4	13203	-1
7564	4	13204	-1
7565	4	13205	-1
7566	4	13206	1
7567	4	13207	-2
7568	4	13208	-3
7569	4	13209	4
7570	4	13210	1
7571	4	13211	-1
7572	4	13212	-2
7573	4	13213	-1
7574	4	13214	4
7575	4	13215	0
7576	4	13216	-1
7577	4	13217	-1
7578	4	13218	1
7579	4	13219	-2
7580	4	13220	-2
7581	4	13221	-1
7582	4	13222	-3
7583	4	13223	4
7584	4	13224	4
7585	4	13225	0
7586	4	13226	1
7587	4	13227	-1
7588	4	13228	4
7589	4	13229	-1
7590	4	13230	1
7591	4	13231	1
7592	4	13232	4
7593	4	13233	-2
7594	4	13234	-1
7595	4	13235	0
7596	4	13236	-3
7597	4	13237	-2
7598	4	13238	-1
7599	4	13239	-3
7600	4	13240	-1
7601	4	13241	4
7602	4	13242	1
7603	4	13243	4
7604	4	13244	-2
7605	4	13245	0
7606	4	13246	-2
7607	4	13247	1
7608	4	13248	-1
7609	4	13249	-1
7610	4	13250	4
7611	4	13251	-2
7612	4	13252	1
7613	4	13253	-3
7614	4	13254	1
7615	4	13255	0
7616	4	13256	-1
7617	4	13257	-1
7618	4	13258	4
7619	4	13259	-2
7620	4	13260	-3
7621	4	13261	-3
7622	4	13262	-3
7623	4	13263	-3
7624	4	13264	-3
7625	4	13265	3
7626	4	13266	5
7627	4	13267	0
7628	4	13268	-1
7629	4	13269	1
7630	4	13270	0
7631	4	13271	0
7632	4	13272	3
7633	4	13273	-9
7634	4	13274	3
7635	4	13275	-1
7636	4	13276	3
7637	4	13277	0
7638	4	13278	5
7639	4	13279	3
7640	4	13280	0
7641	4	13281	-9
7642	4	13282	-1
7643	4	13283	3
7644	4	13284	1
7645	4	13285	-1
7646	4	13286	0
7647	4	13287	3
7648	4	13288	1
7649	4	13289	-9
7650	4	13290	5
7651	4	13291	0
7652	4	13292	3
7653	4	13293	0
7654	4	13294	0
7655	4	13295	-1
7656	4	13296	-1
7657	4	13297	3
7658	4	13298	3
7659	4	13299	-1
7660	4	13300	0
7661	4	13301	3
7662	4	13302	5
7663	4	13303	1
7664	4	13304	3
7665	4	13305	-1
7666	4	13306	0
7667	4	13307	0
7668	4	13308	-9
7669	4	13309	3
7670	4	13310	3
7671	4	13311	3
7672	4	13312	0
7673	4	13313	-1
7674	4	13314	5
7675	4	13315	-1
7676	4	13316	-9
7677	4	13317	0
7678	4	13318	1
7679	4	13319	0
7680	4	13320	2
7681	4	13321	2
7682	4	13322	2
7683	4	13323	2
7684	4	13324	2
7685	4	13325	3
7686	4	13326	0
7687	4	13327	0
7688	4	13328	1
7689	4	13329	3
7690	4	13330	1
7691	4	13331	-5
7692	4	13332	-2
7693	4	13333	0
7694	4	13334	0
7695	4	13335	0
7696	4	13336	3
7697	4	13337	-5
7698	4	13338	0
7699	4	13339	-2
7700	4	13340	0
7701	4	13341	0
7702	4	13342	1
7703	4	13343	0
7704	4	13344	3
7705	4	13345	0
7706	4	13346	1
7707	4	13347	3
7708	4	13348	3
7709	4	13349	0
7710	4	13350	0
7711	4	13351	1
7712	4	13352	0
7713	4	13353	0
7714	4	13354	-5
7715	4	13355	0
7716	4	13356	1
7717	4	13357	-2
7718	4	13358	3
7719	4	13359	1
7720	4	13360	-5
7721	4	13361	0
7722	4	13362	0
7723	4	13363	3
7724	4	13364	-2
7725	4	13365	0
7726	4	13366	0
7727	4	13367	1
7728	4	13368	0
7729	4	13369	3
7730	4	13370	0
7731	4	13371	-2
7732	4	13372	1
7733	4	13373	1
7734	4	13374	0
7735	4	13375	0
7736	4	13376	0
7737	4	13377	-5
7738	4	13378	3
7739	4	13379	0
7740	4	13380	2
7741	4	13381	2
7742	4	13382	2
7743	4	13383	2
7744	4	13384	2
7745	4	13385	-1
7746	4	13386	-3
7747	4	13387	2
7748	4	13388	2
7749	4	13389	-5
7750	4	13390	3
7751	4	13391	-1
7752	4	13392	-1
7753	4	13393	-1
7754	4	13394	2
7755	4	13395	1
7756	4	13396	-1
7757	4	13397	-1
7758	4	13398	-3
7759	4	13399	-1
7760	4	13400	2
7761	4	13401	-1
7762	4	13402	2
7763	4	13403	2
7764	4	13404	-5
7765	4	13405	1
7766	4	13406	3
7767	4	13407	-1
7768	4	13408	-5
7769	4	13409	-1
7770	4	13410	-3
7771	4	13411	3
7772	4	13412	2
7773	4	13413	2
7774	4	13414	-1
7775	4	13415	1
7776	4	13416	2
7777	4	13417	-1
7778	4	13418	-1
7779	4	13419	2
7780	4	13420	-1
7781	4	13421	2
7782	4	13422	-3
7783	4	13423	-5
7784	4	13424	-1
7785	4	13425	1
7786	4	13426	2
7787	4	13427	3
7788	4	13428	-1
7789	4	13429	-1
7790	4	13430	2
7791	4	13431	-1
7792	4	13432	3
7793	4	13433	2
7794	4	13434	-3
7795	4	13435	1
7796	4	13436	-1
7797	4	13437	-1
7798	4	13438	-5
7799	4	13439	2
7800	4	13440	2
7801	4	13441	2
7802	4	13442	2
7803	4	13443	2
7804	4	13444	2
7805	4	13445	1
7806	4	13446	0
7807	4	13447	-2
7808	4	13448	-1
7809	4	13449	0
7810	4	13450	1
7811	4	13451	-1
7812	4	13452	-1
7813	4	13453	3
7814	4	13454	-5
7815	4	13455	3
7816	4	13456	1
7817	4	13457	-1
7818	4	13458	0
7819	4	13459	-1
7820	4	13460	-2
7821	4	13461	3
7822	4	13462	-1
7823	4	13463	-5
7824	4	13464	0
7825	4	13465	3
7826	4	13466	1
7827	4	13467	1
7828	4	13468	0
7829	4	13469	3
7830	4	13470	0
7831	4	13471	1
7832	4	13472	-5
7833	4	13473	-2
7834	4	13474	-1
7835	4	13475	3
7836	4	13476	-1
7837	4	13477	-1
7838	4	13478	1
7839	4	13479	-1
7840	4	13480	-1
7841	4	13481	-5
7842	4	13482	0
7843	4	13483	0
7844	4	13484	-1
7845	4	13485	3
7846	4	13486	-2
7847	4	13487	1
7848	4	13488	3
7849	4	13489	1
7850	4	13490	-5
7851	4	13491	-1
7852	4	13492	1
7853	4	13493	-1
7854	4	13494	0
7855	4	13495	3
7856	4	13496	3
7857	4	13497	-1
7858	4	13498	0
7859	4	13499	-2
7860	4	13500	5
7861	4	13501	5
7862	4	13502	5
7863	4	13503	5
7864	4	13504	5
7865	4	13505	3
7866	4	13506	1
7867	4	13507	0
7868	4	13508	2
7869	4	13509	-5
7870	4	13510	1
7871	4	13511	-6
7872	4	13512	-3
7873	4	13513	5
7874	4	13514	-1
7875	4	13515	-2
7876	4	13516	3
7877	4	13517	-6
7878	4	13518	1
7879	4	13519	-3
7880	4	13520	0
7881	4	13521	5
7882	4	13522	2
7883	4	13523	-1
7884	4	13524	-5
7885	4	13525	-2
7886	4	13526	1
7887	4	13527	3
7888	4	13528	-5
7889	4	13529	5
7890	4	13530	1
7891	4	13531	1
7892	4	13532	-1
7893	4	13533	0
7894	4	13534	-6
7895	4	13535	-2
7896	4	13536	2
7897	4	13537	-3
7898	4	13538	3
7899	4	13539	2
7900	4	13540	-6
7901	4	13541	-1
7902	4	13542	1
7903	4	13543	-5
7904	4	13544	-3
7905	4	13545	-2
7906	4	13546	0
7907	4	13547	1
7908	4	13548	5
7909	4	13549	3
7910	4	13550	-1
7911	4	13551	-3
7912	4	13552	1
7913	4	13553	2
7914	4	13554	1
7915	4	13555	-2
7916	4	13556	5
7917	4	13557	-6
7918	4	13558	-5
7919	4	13559	0
7920	4	13560	4
7921	4	13561	4
7922	4	13562	4
7923	4	13563	4
7924	4	13564	4
7925	4	13565	-1
7926	4	13566	-4
7927	4	13567	0
7928	4	13568	-2
7929	4	13569	-2
7930	4	13570	8
7931	4	13571	5
7932	4	13572	4
7933	4	13573	-5
7934	4	13574	-7
7935	4	13575	-1
7936	4	13576	-1
7937	4	13577	5
7938	4	13578	-4
7939	4	13579	4
7940	4	13580	0
7941	4	13581	-5
7942	4	13582	-2
7943	4	13583	-7
7944	4	13584	-2
7945	4	13585	-1
7946	4	13586	8
7947	4	13587	-1
7948	4	13588	-2
7949	4	13589	-5
7950	4	13590	-4
7951	4	13591	8
7952	4	13592	-7
7953	4	13593	0
7954	4	13594	5
7955	4	13595	-1
7956	4	13596	-2
7957	4	13597	4
7958	4	13598	-1
7959	4	13599	-2
7960	4	13600	5
7961	4	13601	-7
7962	4	13602	-4
7963	4	13603	-2
7964	4	13604	4
7965	4	13605	-1
7966	4	13606	0
7967	4	13607	8
7968	4	13608	-5
7969	4	13609	-1
7970	4	13610	-7
7971	4	13611	4
7972	4	13612	8
7973	4	13613	-2
7974	4	13614	-4
7975	4	13615	-1
7976	4	13616	-5
7977	4	13617	5
7978	4	13618	-2
7979	4	13619	0
7980	4	13620	0
7981	4	13621	0
7982	4	13622	0
7983	4	13623	0
7984	4	13624	0
7985	4	13625	0
7986	4	13626	6
7987	4	13627	3
7988	4	13628	-9
7989	4	13629	1
7990	4	13630	-5
7991	4	13631	5
7992	4	13632	2
7993	4	13633	-1
7994	4	13634	0
7995	4	13635	-2
7996	4	13636	0
7997	4	13637	5
7998	4	13638	6
7999	4	13639	2
8000	4	13640	3
8001	4	13641	-1
8002	4	13642	-9
8003	4	13643	0
8004	4	13644	1
8005	4	13645	-2
8006	4	13646	-5
8007	4	13647	0
8008	4	13648	1
8009	4	13649	-1
8010	4	13650	6
8011	4	13651	-5
8012	4	13652	0
8013	4	13653	3
8014	4	13654	5
8015	4	13655	-2
8016	4	13656	-9
8017	4	13657	2
8018	4	13658	0
8019	4	13659	-9
8020	4	13660	5
8021	4	13661	0
8022	4	13662	6
8023	4	13663	1
8024	4	13664	2
8025	4	13665	-2
8026	4	13666	3
8027	4	13667	-5
8028	4	13668	-1
8029	4	13669	0
8030	4	13670	0
8031	4	13671	2
8032	4	13672	-5
8033	4	13673	-9
8034	4	13674	6
8035	4	13675	-2
8036	4	13676	-1
8037	4	13677	5
8038	4	13678	1
8039	4	13679	3
8040	4	13680	8
8041	4	13681	8
8042	4	13682	8
8043	4	13683	8
8044	4	13684	8
8045	4	13685	0
8046	4	13686	-6
8047	4	13687	-2
8048	4	13688	1
8049	4	13689	-6
8050	4	13690	7
8051	4	13691	-1
8052	4	13692	2
8053	4	13693	6
8054	4	13694	-9
8055	4	13695	1
8056	4	13696	0
8057	4	13697	-1
8058	4	13698	-6
8059	4	13699	2
8060	4	13700	-2
8061	4	13701	6
8062	4	13702	1
8063	4	13703	-9
8064	4	13704	-6
8065	4	13705	1
8066	4	13706	7
8067	4	13707	0
8068	4	13708	-6
8069	4	13709	6
8070	4	13710	-6
8071	4	13711	7
8072	4	13712	-9
8073	4	13713	-2
8074	4	13714	-1
8075	4	13715	1
8076	4	13716	1
8077	4	13717	2
8078	4	13718	0
8079	4	13719	1
8080	4	13720	-1
8081	4	13721	-9
8082	4	13722	-6
8083	4	13723	-6
8084	4	13724	2
8085	4	13725	1
8086	4	13726	-2
8087	4	13727	7
8088	4	13728	6
8089	4	13729	0
8090	4	13730	-9
8091	4	13731	2
8092	4	13732	7
8093	4	13733	1
8094	4	13734	-6
8095	4	13735	1
8096	4	13736	6
8097	4	13737	-1
8098	4	13738	-6
8099	4	13739	-2
8100	4	13740	-3
8101	4	13741	-3
8102	4	13742	-3
8103	4	13743	-3
8104	4	13744	-3
8105	4	13745	2
8106	4	13746	4
8107	4	13747	1
8108	4	13748	3
8109	4	13749	2
8110	4	13750	-7
8111	4	13751	4
8112	4	13752	5
8113	4	13753	-6
8114	4	13754	5
8115	4	13755	-10
8116	4	13756	2
8117	4	13757	4
8118	4	13758	4
8119	4	13759	5
8120	4	13760	1
8121	4	13761	-6
8122	4	13762	3
8123	4	13763	5
8124	4	13764	2
8125	4	13765	-10
8126	4	13766	-7
8127	4	13767	2
8128	4	13768	2
8129	4	13769	-6
8130	4	13770	4
8131	4	13771	-7
8132	4	13772	5
8133	4	13773	1
8134	4	13774	4
8135	4	13775	-10
8136	4	13776	3
8137	4	13777	5
8138	4	13778	2
8139	4	13779	3
8140	4	13780	4
8141	4	13781	5
8142	4	13782	4
8143	4	13783	2
8144	4	13784	5
8145	4	13785	-10
8146	4	13786	1
8147	4	13787	-7
8148	4	13788	-6
8149	4	13789	2
8150	4	13790	5
8151	4	13791	5
8152	4	13792	-7
8153	4	13793	3
8154	4	13794	4
8155	4	13795	-10
8156	4	13796	-6
8157	4	13797	4
8158	4	13798	2
8159	4	13799	1
8160	4	13800	8
8161	4	13801	8
8162	4	13802	8
8163	4	13803	8
8164	4	13804	8
8165	4	13805	-3
8166	4	13806	-3
8167	4	13807	2
8168	4	13808	-2
8169	4	13809	-7
8170	4	13810	-4
8171	4	13811	5
8172	4	13812	3
8173	4	13813	9
8174	4	13814	-5
8175	4	13815	-3
8176	4	13816	-3
8177	4	13817	5
8178	4	13818	-3
8179	4	13819	3
8180	4	13820	2
8181	4	13821	9
8182	4	13822	-2
8183	4	13823	-5
8184	4	13824	-7
8185	4	13825	-3
8186	4	13826	-4
8187	4	13827	-3
8188	4	13828	-7
8189	4	13829	9
8190	4	13830	-3
8191	4	13831	-4
8192	4	13832	-5
8193	4	13833	2
8194	4	13834	5
8195	4	13835	-3
8196	4	13836	-2
8197	4	13837	3
8198	4	13838	-3
8199	4	13839	-2
8200	4	13840	5
8201	4	13841	-5
8202	4	13842	-3
8203	4	13843	-7
8204	4	13844	3
8205	4	13845	-3
8206	4	13846	2
8207	4	13847	-4
8208	4	13848	9
8209	4	13849	-3
8210	4	13850	-5
8211	4	13851	3
8212	4	13852	-4
8213	4	13853	-2
8214	4	13854	-3
8215	4	13855	-3
8216	4	13856	9
8217	4	13857	5
8218	4	13858	-7
8219	4	13859	2
8220	4	13860	0
8221	4	13861	0
8222	4	13862	0
8223	4	13863	0
8224	4	13864	0
8225	4	13865	-5
8226	4	13866	0
8227	4	13867	-1
8228	4	13868	-8
8229	4	13869	3
8230	4	13870	5
8231	4	13871	4
8232	4	13872	4
8233	4	13873	-5
8234	4	13874	2
8235	4	13875	1
8236	4	13876	-5
8237	4	13877	4
8238	4	13878	0
8239	4	13879	4
8240	4	13880	-1
8241	4	13881	-5
8242	4	13882	-8
8243	4	13883	2
8244	4	13884	3
8245	4	13885	1
8246	4	13886	5
8247	4	13887	-5
8248	4	13888	3
8249	4	13889	-5
8250	4	13890	0
8251	4	13891	5
8252	4	13892	2
8253	4	13893	-1
8254	4	13894	4
8255	4	13895	1
8256	4	13896	-8
8257	4	13897	4
8258	4	13898	-5
8259	4	13899	-8
8260	4	13900	4
8261	4	13901	2
8262	4	13902	0
8263	4	13903	3
8264	4	13904	4
8265	4	13905	1
8266	4	13906	-1
8267	4	13907	5
8268	4	13908	-5
8269	4	13909	-5
8270	4	13910	2
8271	4	13911	4
8272	4	13912	5
8273	4	13913	-8
8274	4	13914	0
8275	4	13915	1
8276	4	13916	-5
8277	4	13917	4
8278	4	13918	3
8279	4	13919	-1
8280	4	13920	2
8281	4	13921	2
8282	4	13922	2
8283	4	13923	2
8284	4	13924	2
8285	4	13925	-3
8286	4	13926	4
8287	4	13927	-5
8288	4	13928	-1
8289	4	13929	-1
8290	4	13930	-3
8291	4	13931	4
8292	4	13932	3
8293	4	13933	7
8294	4	13934	0
8295	4	13935	-7
8296	4	13936	-3
8297	4	13937	4
8298	4	13938	4
8299	4	13939	3
8300	4	13940	-5
8301	4	13941	7
8302	4	13942	-1
8303	4	13943	0
8304	4	13944	-1
8305	4	13945	-7
8306	4	13946	-3
8307	4	13947	-3
8308	4	13948	-1
8309	4	13949	7
8310	4	13950	4
8311	4	13951	-3
8312	4	13952	0
8313	4	13953	-5
8314	4	13954	4
8315	4	13955	-7
8316	4	13956	-1
8317	4	13957	3
8318	4	13958	-3
8319	4	13959	-1
8320	4	13960	4
8321	4	13961	0
8322	4	13962	4
8323	4	13963	-1
8324	4	13964	3
8325	4	13965	-7
8326	4	13966	-5
8327	4	13967	-3
8328	4	13968	7
8329	4	13969	-3
8330	4	13970	0
8331	4	13971	3
8332	4	13972	-3
8333	4	13973	-1
8334	4	13974	4
8335	4	13975	-7
8336	4	13976	7
8337	4	13977	4
8338	4	13978	-1
8339	4	13979	-5
8340	4	13980	-3
8341	4	13981	-3
8342	4	13982	-3
8343	4	13983	-3
8344	4	13984	-3
8345	4	13985	-2
8346	4	13986	-2
8347	4	13987	-3
8348	4	13988	1
8349	4	13989	0
8350	4	13990	2
8351	4	13991	-7
8352	4	13992	0
8353	4	13993	6
8354	4	13994	3
8355	4	13995	5
8356	4	13996	-2
8357	4	13997	-7
8358	4	13998	-2
8359	4	13999	0
8360	4	14000	-3
8361	4	14001	6
8362	4	14002	1
8363	4	14003	3
8364	4	14004	0
8365	4	14005	5
8366	4	14006	2
8367	4	14007	-2
8368	4	14008	0
8369	4	14009	6
8370	4	14010	-2
8371	4	14011	2
8372	4	14012	3
8373	4	14013	-3
8374	4	14014	-7
8375	4	14015	5
8376	4	14016	1
8377	4	14017	0
8378	4	14018	-2
8379	4	14019	1
8380	4	14020	-7
8381	4	14021	3
8382	4	14022	-2
8383	4	14023	0
8384	4	14024	0
8385	4	14025	5
8386	4	14026	-3
8387	4	14027	2
8388	4	14028	6
8389	4	14029	-2
8390	4	14030	3
8391	4	14031	0
8392	4	14032	2
8393	4	14033	1
8394	4	14034	-2
8395	4	14035	5
8396	4	14036	6
8397	4	14037	-7
8398	4	14038	0
8399	4	14039	-3
8400	4	14040	1
8401	4	14041	1
8402	4	14042	1
8403	4	14043	1
8404	4	14044	1
8405	4	14045	-3
8406	4	14046	-3
8407	4	14047	0
8408	4	14048	-2
8409	4	14049	-2
8410	4	14050	5
8411	4	14051	-3
8412	4	14052	-3
8413	4	14053	3
8414	4	14054	0
8415	4	14055	7
8416	4	14056	-3
8417	4	14057	-3
8418	4	14058	-3
8419	4	14059	-3
8420	4	14060	0
8421	4	14061	3
8422	4	14062	-2
8423	4	14063	0
8424	4	14064	-2
8425	4	14065	7
8426	4	14066	5
8427	4	14067	-3
8428	4	14068	-2
8429	4	14069	3
8430	4	14070	-3
8431	4	14071	5
8432	4	14072	0
8433	4	14073	0
8434	4	14074	-3
8435	4	14075	7
8436	4	14076	-2
8437	4	14077	-3
8438	4	14078	-3
8439	4	14079	-2
8440	4	14080	-3
8441	4	14081	0
8442	4	14082	-3
8443	4	14083	-2
8444	4	14084	-3
8445	4	14085	7
8446	4	14086	0
8447	4	14087	5
8448	4	14088	3
8449	4	14089	-3
8450	4	14090	0
8451	4	14091	-3
8452	4	14092	5
8453	4	14093	-2
8454	4	14094	-3
8455	4	14095	7
8456	4	14096	3
8457	4	14097	-3
8458	4	14098	-2
8459	4	14099	0
8460	4	14100	-4
8461	4	14101	-4
8462	4	14102	-4
8463	4	14103	-4
8464	4	14104	-4
8465	4	14105	0
8466	4	14106	-4
8467	4	14107	5
8468	4	14108	0
8469	4	14109	-2
8470	4	14110	2
8471	4	14111	2
8472	4	14112	0
8473	4	14113	-6
8474	4	14114	0
8475	4	14115	7
8476	4	14116	0
8477	4	14117	2
8478	4	14118	-4
8479	4	14119	0
8480	4	14120	5
8481	4	14121	-6
8482	4	14122	0
8483	4	14123	0
8484	4	14124	-2
8485	4	14125	7
8486	4	14126	2
8487	4	14127	0
8488	4	14128	-2
8489	4	14129	-6
8490	4	14130	-4
8491	4	14131	2
8492	4	14132	0
8493	4	14133	5
8494	4	14134	2
8495	4	14135	7
8496	4	14136	0
8497	4	14137	0
8498	4	14138	0
8499	4	14139	0
8500	4	14140	2
8501	4	14141	0
8502	4	14142	-4
8503	4	14143	-2
8504	4	14144	0
8505	4	14145	7
8506	4	14146	5
8507	4	14147	2
8508	4	14148	-6
8509	4	14149	0
8510	4	14150	0
8511	4	14151	0
8512	4	14152	2
8513	4	14153	0
8514	4	14154	-4
8515	4	14155	7
8516	4	14156	-6
8517	4	14157	2
8518	4	14158	-2
8519	4	14159	5
8520	4	14160	-7
8521	4	14161	-7
8522	4	14162	-7
8523	4	14163	-7
8524	4	14164	-7
8525	4	14165	2
8526	4	14166	5
8527	4	14167	4
8528	4	14168	2
8529	4	14169	2
8530	4	14170	-8
8531	4	14171	2
8532	4	14172	-1
8533	4	14173	-5
8534	4	14174	5
8535	4	14175	-1
8536	4	14176	2
8537	4	14177	2
8538	4	14178	5
8539	4	14179	-1
8540	4	14180	4
8541	4	14181	-5
8542	4	14182	2
8543	4	14183	5
8544	4	14184	2
8545	4	14185	-1
8546	4	14186	-8
8547	4	14187	2
8548	4	14188	2
8549	4	14189	-5
8550	4	14190	5
8551	4	14191	-8
8552	4	14192	5
8553	4	14193	4
8554	4	14194	2
8555	4	14195	-1
8556	4	14196	2
8557	4	14197	-1
8558	4	14198	2
8559	4	14199	2
8560	4	14200	2
8561	4	14201	5
8562	4	14202	5
8563	4	14203	2
8564	4	14204	-1
8565	4	14205	-1
8566	4	14206	4
8567	4	14207	-8
8568	4	14208	-5
8569	4	14209	2
8570	4	14210	5
8571	4	14211	-1
8572	4	14212	-8
8573	4	14213	2
8574	4	14214	5
8575	4	14215	-1
8576	4	14216	-5
8577	4	14217	2
8578	4	14218	2
8579	4	14219	4
8580	4	14220	-5
8581	4	14221	-5
8582	4	14222	-5
8583	4	14223	-5
8584	4	14224	-5
8585	4	14225	2
8586	4	14226	-1
8587	4	14227	1
8588	4	14228	6
8589	4	14229	2
8590	4	14230	-6
8591	4	14231	2
8592	4	14232	-1
8593	4	14233	0
8594	4	14234	-1
8595	4	14235	1
8596	4	14236	2
8597	4	14237	2
8598	4	14238	-1
8599	4	14239	-1
8600	4	14240	1
8601	4	14241	0
8602	4	14242	6
8603	4	14243	-1
8604	4	14244	2
8605	4	14245	1
8606	4	14246	-6
8607	4	14247	2
8608	4	14248	2
8609	4	14249	0
8610	4	14250	-1
8611	4	14251	-6
8612	4	14252	-1
8613	4	14253	1
8614	4	14254	2
8615	4	14255	1
8616	4	14256	6
8617	4	14257	-1
8618	4	14258	2
8619	4	14259	6
8620	4	14260	2
8621	4	14261	-1
8622	4	14262	-1
8623	4	14263	2
8624	4	14264	-1
8625	4	14265	1
8626	4	14266	1
8627	4	14267	-6
8628	4	14268	0
8629	4	14269	2
8630	4	14270	-1
8631	4	14271	-1
8632	4	14272	-6
8633	4	14273	6
8634	4	14274	-1
8635	4	14275	1
8636	4	14276	0
8637	4	14277	2
8638	4	14278	2
8639	4	14279	1
8640	4	14280	-2
8641	4	14281	-2
8642	4	14282	-2
8643	4	14283	-2
8644	4	14284	-2
8645	4	14285	1
8646	4	14286	-3
8647	4	14287	-5
8648	4	14288	8
8649	4	14289	4
8650	4	14290	1
8651	4	14291	-4
8652	4	14292	-1
8653	4	14293	2
8654	4	14294	-2
8655	4	14295	1
8656	4	14296	1
8657	4	14297	-4
8658	4	14298	-3
8659	4	14299	-1
8660	4	14300	-5
8661	4	14301	2
8662	4	14302	8
8663	4	14303	-2
8664	4	14304	4
8665	4	14305	1
8666	4	14306	1
8667	4	14307	1
8668	4	14308	4
8669	4	14309	2
8670	4	14310	-3
8671	4	14311	1
8672	4	14312	-2
8673	4	14313	-5
8674	4	14314	-4
8675	4	14315	1
8676	4	14316	8
8677	4	14317	-1
8678	4	14318	1
8679	4	14319	8
8680	4	14320	-4
8681	4	14321	-2
8682	4	14322	-3
8683	4	14323	4
8684	4	14324	-1
8685	4	14325	1
8686	4	14326	-5
8687	4	14327	1
8688	4	14328	2
8689	4	14329	1
8690	4	14330	-2
8691	4	14331	-1
8692	4	14332	1
8693	4	14333	8
8694	4	14334	-3
8695	4	14335	1
8696	4	14336	2
8697	4	14337	-4
8698	4	14338	4
8699	4	14339	-5
8700	4	14340	-5
8701	4	14341	-5
8702	4	14342	-5
8703	4	14343	-5
8704	4	14344	-5
8705	4	14345	1
8706	4	14346	-2
8707	4	14347	-2
8708	4	14348	4
8709	4	14349	5
8710	4	14350	4
8711	4	14351	-4
8712	4	14352	-6
8713	4	14353	-1
8714	4	14354	2
8715	4	14355	4
8716	4	14356	1
8717	4	14357	-4
8718	4	14358	-2
8719	4	14359	-6
8720	4	14360	-2
8721	4	14361	-1
8722	4	14362	4
8723	4	14363	2
8724	4	14364	5
8725	4	14365	4
8726	4	14366	4
8727	4	14367	1
8728	4	14368	5
8729	4	14369	-1
8730	4	14370	-2
8731	4	14371	4
8732	4	14372	2
8733	4	14373	-2
8734	4	14374	-4
8735	4	14375	4
8736	4	14376	4
8737	4	14377	-6
8738	4	14378	1
8739	4	14379	4
8740	4	14380	-4
8741	4	14381	2
8742	4	14382	-2
8743	4	14383	5
8744	4	14384	-6
8745	4	14385	4
8746	4	14386	-2
8747	4	14387	4
8748	4	14388	-1
8749	4	14389	1
8750	4	14390	2
8751	4	14391	-6
8752	4	14392	4
8753	4	14393	4
8754	4	14394	-2
8755	4	14395	4
8756	4	14396	-1
8757	4	14397	-4
8758	4	14398	5
8759	4	14399	-2
8760	4	34560	-5
8761	4	34561	-5
8762	4	34562	-5
8763	4	34563	-5
8764	4	34564	-5
8765	4	34565	0
8766	4	34566	3
8767	4	34567	-1
8768	4	34568	-3
8769	4	34569	0
8770	4	34570	2
8771	4	34571	-1
8772	4	34572	3
8773	4	34573	2
8774	4	34574	3
8775	4	34575	-2
8776	4	34576	0
8777	4	34577	-1
8778	4	34578	3
8779	4	34579	3
8780	4	34580	-1
8781	4	34581	2
8782	4	34582	-3
8783	4	34583	3
8784	4	34584	0
8785	4	34585	-2
8786	4	34586	2
8787	4	34587	0
8788	4	34588	0
8789	4	34589	2
8790	4	34590	3
8791	4	34591	2
8792	4	34592	3
8793	4	34593	-1
8794	4	34594	-1
8795	4	34595	-2
8796	4	34596	-3
8797	4	34597	3
8798	4	34598	0
8799	4	34599	-3
8800	4	34600	-1
8801	4	34601	3
8802	4	34602	3
8803	4	34603	0
8804	4	34604	3
8805	4	34605	-2
8806	4	34606	-1
8807	4	34607	2
8808	4	34608	2
8809	4	34609	0
8810	4	34610	3
8811	4	34611	3
8812	4	34612	2
8813	4	34613	-3
8814	4	34614	3
8815	4	34615	-2
8816	4	34616	2
8817	4	34617	-1
8818	4	34618	0
8819	4	34619	-1
8820	4	34620	1
8821	4	34621	1
8822	4	34622	1
8823	4	34623	1
8824	4	34624	1
8825	4	34625	1
8826	4	34626	-1
8827	4	34627	3
8828	4	34628	0
8829	4	34629	-4
8830	4	34630	2
8831	4	34631	0
8832	4	34632	0
8833	4	34633	1
8834	4	34634	-5
8835	4	34635	2
8836	4	34636	1
8837	4	34637	0
8838	4	34638	-1
8839	4	34639	0
8840	4	34640	3
8841	4	34641	1
8842	4	34642	0
8843	4	34643	-5
8844	4	34644	-4
8845	4	34645	2
8846	4	34646	2
8847	4	34647	1
8848	4	34648	-4
8849	4	34649	1
8850	4	34650	-1
8851	4	34651	2
8852	4	34652	-5
8853	4	34653	3
8854	4	34654	0
8855	4	34655	2
8856	4	34656	0
8857	4	34657	0
8858	4	34658	1
8859	4	34659	0
8860	4	34660	0
8861	4	34661	-5
8862	4	34662	-1
8863	4	34663	-4
8864	4	34664	0
8865	4	34665	2
8866	4	34666	3
8867	4	34667	2
8868	4	34668	1
8869	4	34669	1
8870	4	34670	-5
8871	4	34671	0
8872	4	34672	2
8873	4	34673	0
8874	4	34674	-1
8875	4	34675	2
8876	4	34676	1
8877	4	34677	0
8878	4	34678	-4
8879	4	34679	3
8880	4	34680	5
8881	4	34681	5
8882	4	34682	5
8883	4	34683	5
8884	4	34684	5
8885	4	34685	-1
8886	4	34686	-2
8887	4	34687	-1
8888	4	34688	3
8889	4	34689	4
8890	4	34690	-4
8891	4	34691	0
8892	4	34692	-3
8893	4	34693	-2
8894	4	34694	2
8895	4	34695	-1
8896	4	34696	-1
8897	4	34697	0
8898	4	34698	-2
8899	4	34699	-3
8900	4	34700	-1
8901	4	34701	-2
8902	4	34702	3
8903	4	34703	2
8904	4	34704	4
8905	4	34705	-1
8906	4	34706	-4
8907	4	34707	-1
8908	4	34708	4
8909	4	34709	-2
8910	4	34710	-2
8911	4	34711	-4
8912	4	34712	2
8913	4	34713	-1
8914	4	34714	0
8915	4	34715	-1
8916	4	34716	3
8917	4	34717	-3
8918	4	34718	-1
8919	4	34719	3
8920	4	34720	0
8921	4	34721	2
8922	4	34722	-2
8923	4	34723	4
8924	4	34724	-3
8925	4	34725	-1
8926	4	34726	-1
8927	4	34727	-4
8928	4	34728	-2
8929	4	34729	-1
8930	4	34730	2
8931	4	34731	-3
8932	4	34732	-4
8933	4	34733	3
8934	4	34734	-2
8935	4	34735	-1
8936	4	34736	-2
8937	4	34737	0
8938	4	34738	4
8939	4	34739	-1
8940	4	34740	-1
8941	4	34741	-1
8942	4	34742	-1
8943	4	34743	-1
8944	4	34744	-1
8945	4	34745	-5
8946	4	34746	4
8947	4	34747	1
8948	4	34748	-2
8949	4	34749	2
8950	4	34750	-1
8951	4	34751	4
8952	4	34752	3
8953	4	34753	-1
8954	4	34754	-3
8955	4	34755	-2
8956	4	34756	-5
8957	4	34757	4
8958	4	34758	4
8959	4	34759	3
8960	4	34760	1
8961	4	34761	-1
8962	4	34762	-2
8963	4	34763	-3
8964	4	34764	2
8965	4	34765	-2
8966	4	34766	-1
8967	4	34767	-5
8968	4	34768	2
8969	4	34769	-1
8970	4	34770	4
8971	4	34771	-1
8972	4	34772	-3
8973	4	34773	1
8974	4	34774	4
8975	4	34775	-2
8976	4	34776	-2
8977	4	34777	3
8978	4	34778	-5
8979	4	34779	-2
8980	4	34780	4
8981	4	34781	-3
8982	4	34782	4
8983	4	34783	2
8984	4	34784	3
8985	4	34785	-2
8986	4	34786	1
8987	4	34787	-1
8988	4	34788	-1
8989	4	34789	-5
8990	4	34790	-3
8991	4	34791	3
8992	4	34792	-1
8993	4	34793	-2
8994	4	34794	4
8995	4	34795	-2
8996	4	34796	-1
8997	4	34797	4
8998	4	34798	2
8999	4	34799	1
9000	4	34800	2
9001	4	34801	2
9002	4	34802	2
9003	4	34803	2
9004	4	34804	2
9005	4	34805	0
9006	4	34806	4
9007	4	34807	3
9008	4	34808	6
9009	4	34809	-3
9010	4	34810	-5
9011	4	34811	-3
9012	4	34812	-4
9013	4	34813	-5
9014	4	34814	0
9015	4	34815	5
9016	4	34816	0
9017	4	34817	-3
9018	4	34818	4
9019	4	34819	-4
9020	4	34820	3
9021	4	34821	-5
9022	4	34822	6
9023	4	34823	0
9024	4	34824	-3
9025	4	34825	5
9026	4	34826	-5
9027	4	34827	0
9028	4	34828	-3
9029	4	34829	-5
9030	4	34830	4
9031	4	34831	-5
9032	4	34832	0
9033	4	34833	3
9034	4	34834	-3
9035	4	34835	5
9036	4	34836	6
9037	4	34837	-4
9038	4	34838	0
9039	4	34839	6
9040	4	34840	-3
9041	4	34841	0
9042	4	34842	4
9043	4	34843	-3
9044	4	34844	-4
9045	4	34845	5
9046	4	34846	3
9047	4	34847	-5
9048	4	34848	-5
9049	4	34849	0
9050	4	34850	0
9051	4	34851	-4
9052	4	34852	-5
9053	4	34853	6
9054	4	34854	4
9055	4	34855	5
9056	4	34856	-5
9057	4	34857	-3
9058	4	34858	-3
9059	4	34859	3
9060	4	34860	-1
9061	4	34861	-1
9062	4	34862	-1
9063	4	34863	-1
9064	4	34864	-1
9065	4	34865	0
9066	4	34866	1
9067	4	34867	-6
9068	4	34868	-4
9069	4	34869	3
9070	4	34870	3
9071	4	34871	4
9072	4	34872	2
9073	4	34873	-1
9074	4	34874	5
9075	4	34875	-4
9076	4	34876	0
9077	4	34877	4
9078	4	34878	1
9079	4	34879	2
9080	4	34880	-6
9081	4	34881	-1
9082	4	34882	-4
9083	4	34883	5
9084	4	34884	3
9085	4	34885	-4
9086	4	34886	3
9087	4	34887	0
9088	4	34888	3
9089	4	34889	-1
9090	4	34890	1
9091	4	34891	3
9092	4	34892	5
9093	4	34893	-6
9094	4	34894	4
9095	4	34895	-4
9096	4	34896	-4
9097	4	34897	2
9098	4	34898	0
9099	4	34899	-4
9100	4	34900	4
9101	4	34901	5
9102	4	34902	1
9103	4	34903	3
9104	4	34904	2
9105	4	34905	-4
9106	4	34906	-6
9107	4	34907	3
9108	4	34908	-1
9109	4	34909	0
9110	4	34910	5
9111	4	34911	2
9112	4	34912	3
9113	4	34913	-4
9114	4	34914	1
9115	4	34915	-4
9116	4	34916	-1
9117	4	34917	4
9118	4	34918	3
9119	4	34919	-6
9120	4	34920	-4
9121	4	34921	-4
9122	4	34922	-4
9123	4	34923	-4
9124	4	34924	-4
9125	4	34925	0
9126	4	34926	5
9127	4	34927	-3
9128	4	34928	3
9129	4	34929	-4
9130	4	34930	0
9131	4	34931	9
9132	4	34932	-2
9133	4	34933	1
9134	4	34934	-3
9135	4	34935	-3
9136	4	34936	0
9137	4	34937	9
9138	4	34938	5
9139	4	34939	-2
9140	4	34940	-3
9141	4	34941	1
9142	4	34942	3
9143	4	34943	-3
9144	4	34944	-4
9145	4	34945	-3
9146	4	34946	0
9147	4	34947	0
9148	4	34948	-4
9149	4	34949	1
9150	4	34950	5
9151	4	34951	0
9152	4	34952	-3
9153	4	34953	-3
9154	4	34954	9
9155	4	34955	-3
9156	4	34956	3
9157	4	34957	-2
9158	4	34958	0
9159	4	34959	3
9160	4	34960	9
9161	4	34961	-3
9162	4	34962	5
9163	4	34963	-4
9164	4	34964	-2
9165	4	34965	-3
9166	4	34966	-3
9167	4	34967	0
9168	4	34968	1
9169	4	34969	0
9170	4	34970	-3
9171	4	34971	-2
9172	4	34972	0
9173	4	34973	3
9174	4	34974	5
9175	4	34975	-3
9176	4	34976	1
9177	4	34977	9
9178	4	34978	-4
9179	4	34979	-3
9180	4	34980	1
9181	4	34981	1
9182	4	34982	1
9183	4	34983	1
9184	4	34984	1
9185	4	34985	-4
9186	4	34986	0
9187	4	34987	10
9188	4	34988	-3
9189	4	34989	4
9190	4	34990	-1
9191	4	34991	0
9192	4	34992	-3
9193	4	34993	-5
9194	4	34994	0
9195	4	34995	1
9196	4	34996	-4
9197	4	34997	0
9198	4	34998	0
9199	4	34999	-3
9200	4	35000	10
9201	4	35001	-5
9202	4	35002	-3
9203	4	35003	0
9204	4	35004	4
9205	4	35005	1
9206	4	35006	-1
9207	4	35007	-4
9208	4	35008	4
9209	4	35009	-5
9210	4	35010	0
9211	4	35011	-1
9212	4	35012	0
9213	4	35013	10
9214	4	35014	0
9215	4	35015	1
9216	4	35016	-3
9217	4	35017	-3
9218	4	35018	-4
9219	4	35019	-3
9220	4	35020	0
9221	4	35021	0
9222	4	35022	0
9223	4	35023	4
9224	4	35024	-3
9225	4	35025	1
9226	4	35026	10
9227	4	35027	-1
9228	4	35028	-5
9229	4	35029	-4
9230	4	35030	0
9231	4	35031	-3
9232	4	35032	-1
9233	4	35033	-3
9234	4	35034	0
9235	4	35035	1
9236	4	35036	-5
9237	4	35037	0
9238	4	35038	4
9239	4	35039	10
9240	4	35040	3
9241	4	35041	3
9242	4	35042	3
9243	4	35043	3
9244	4	35044	3
9245	4	35045	8
9246	4	35046	0
9247	4	35047	-8
9248	4	35048	0
9249	4	35049	-2
9250	4	35050	-7
9251	4	35051	-1
9252	4	35052	4
9253	4	35053	-1
9254	4	35054	5
9255	4	35055	-2
9256	4	35056	8
9257	4	35057	-1
9258	4	35058	0
9259	4	35059	4
9260	4	35060	-8
9261	4	35061	-1
9262	4	35062	0
9263	4	35063	5
9264	4	35064	-2
9265	4	35065	-2
9266	4	35066	-7
9267	4	35067	8
9268	4	35068	-2
9269	4	35069	-1
9270	4	35070	0
9271	4	35071	-7
9272	4	35072	5
9273	4	35073	-8
9274	4	35074	-1
9275	4	35075	-2
9276	4	35076	0
9277	4	35077	4
9278	4	35078	8
9279	4	35079	0
9280	4	35080	-1
9281	4	35081	5
9282	4	35082	0
9283	4	35083	-2
9284	4	35084	4
9285	4	35085	-2
9286	4	35086	-8
9287	4	35087	-7
9288	4	35088	-1
9289	4	35089	8
9290	4	35090	5
9291	4	35091	4
9292	4	35092	-7
9293	4	35093	0
9294	4	35094	0
9295	4	35095	-2
9296	4	35096	-1
9297	4	35097	-1
9298	4	35098	-2
9299	4	35099	-8
9300	4	35100	-4
9301	4	35101	-4
9302	4	35102	-4
9303	4	35103	-4
9304	4	35104	-4
9305	4	35105	-3
9306	4	35106	2
9307	4	35107	-1
9308	4	35108	0
9309	4	35109	-3
9310	4	35110	3
9311	4	35111	1
9312	4	35112	8
9313	4	35113	1
9314	4	35114	-4
9315	4	35115	-1
9316	4	35116	-3
9317	4	35117	1
9318	4	35118	2
9319	4	35119	8
9320	4	35120	-1
9321	4	35121	1
9322	4	35122	0
9323	4	35123	-4
9324	4	35124	-3
9325	4	35125	-1
9326	4	35126	3
9327	4	35127	-3
9328	4	35128	-3
9329	4	35129	1
9330	4	35130	2
9331	4	35131	3
9332	4	35132	-4
9333	4	35133	-1
9334	4	35134	1
9335	4	35135	-1
9336	4	35136	0
9337	4	35137	8
9338	4	35138	-3
9339	4	35139	0
9340	4	35140	1
9341	4	35141	-4
9342	4	35142	2
9343	4	35143	-3
9344	4	35144	8
9345	4	35145	-1
9346	4	35146	-1
9347	4	35147	3
9348	4	35148	1
9349	4	35149	-3
9350	4	35150	-4
9351	4	35151	8
9352	4	35152	3
9353	4	35153	0
9354	4	35154	2
9355	4	35155	-1
9356	4	35156	1
9357	4	35157	1
9358	4	35158	-3
9359	4	35159	-1
9360	4	35160	4
9361	4	35161	4
9362	4	35162	4
9363	4	35163	4
9364	4	35164	4
9365	4	35165	4
9366	4	35166	-3
9367	4	35167	-10
9368	4	35168	-3
9369	4	35169	2
9370	4	35170	4
9371	4	35171	-1
9372	4	35172	-1
9373	4	35173	4
9374	4	35174	5
9375	4	35175	-6
9376	4	35176	4
9377	4	35177	-1
9378	4	35178	-3
9379	4	35179	-1
9380	4	35180	-10
9381	4	35181	4
9382	4	35182	-3
9383	4	35183	5
9384	4	35184	2
9385	4	35185	-6
9386	4	35186	4
9387	4	35187	4
9388	4	35188	2
9389	4	35189	4
9390	4	35190	-3
9391	4	35191	4
9392	4	35192	5
9393	4	35193	-10
9394	4	35194	-1
9395	4	35195	-6
9396	4	35196	-3
9397	4	35197	-1
9398	4	35198	4
9399	4	35199	-3
9400	4	35200	-1
9401	4	35201	5
9402	4	35202	-3
9403	4	35203	2
9404	4	35204	-1
9405	4	35205	-6
9406	4	35206	-10
9407	4	35207	4
9408	4	35208	4
9409	4	35209	4
9410	4	35210	5
9411	4	35211	-1
9412	4	35212	4
9413	4	35213	-3
9414	4	35214	-3
9415	4	35215	-6
9416	4	35216	4
9417	4	35217	-1
9418	4	35218	2
9419	4	35219	-10
9420	4	35220	-3
9421	4	35221	-3
9422	4	35222	-3
9423	4	35223	-3
9424	4	35224	-3
9425	4	35225	-2
9426	4	35226	0
9427	4	35227	2
9428	4	35228	1
9429	4	35229	2
9430	4	35230	2
9431	4	35231	0
9432	4	35232	4
9433	4	35233	0
9434	4	35234	-5
9435	4	35235	1
9436	4	35236	-2
9437	4	35237	0
9438	4	35238	0
9439	4	35239	4
9440	4	35240	2
9441	4	35241	0
9442	4	35242	1
9443	4	35243	-5
9444	4	35244	2
9445	4	35245	1
9446	4	35246	2
9447	4	35247	-2
9448	4	35248	2
9449	4	35249	0
9450	4	35250	0
9451	4	35251	2
9452	4	35252	-5
9453	4	35253	2
9454	4	35254	0
9455	4	35255	1
9456	4	35256	1
9457	4	35257	4
9458	4	35258	-2
9459	4	35259	1
9460	4	35260	0
9461	4	35261	-5
9462	4	35262	0
9463	4	35263	2
9464	4	35264	4
9465	4	35265	1
9466	4	35266	2
9467	4	35267	2
9468	4	35268	0
9469	4	35269	-2
9470	4	35270	-5
9471	4	35271	4
9472	4	35272	2
9473	4	35273	1
9474	4	35274	0
9475	4	35275	1
9476	4	35276	0
9477	4	35277	0
9478	4	35278	2
9479	4	35279	2
9480	4	35280	7
9481	4	35281	7
9482	4	35282	7
9483	4	35283	7
9484	4	35284	7
9485	4	35285	-1
9486	4	35286	0
9487	4	35287	-1
9488	4	35288	3
9489	4	35289	-3
9490	4	35290	-2
9491	4	35291	-1
9492	4	35292	-2
9493	4	35293	-1
9494	4	35294	-4
9495	4	35295	3
9496	4	35296	-1
9497	4	35297	-1
9498	4	35298	0
9499	4	35299	-2
9500	4	35300	-1
9501	4	35301	-1
9502	4	35302	3
9503	4	35303	-4
9504	4	35304	-3
9505	4	35305	3
9506	4	35306	-2
9507	4	35307	-1
9508	4	35308	-3
9509	4	35309	-1
9510	4	35310	0
9511	4	35311	-2
9512	4	35312	-4
9513	4	35313	-1
9514	4	35314	-1
9515	4	35315	3
9516	4	35316	3
9517	4	35317	-2
9518	4	35318	-1
9519	4	35319	3
9520	4	35320	-1
9521	4	35321	-4
9522	4	35322	0
9523	4	35323	-3
9524	4	35324	-2
9525	4	35325	3
9526	4	35326	-1
9527	4	35327	-2
9528	4	35328	-1
9529	4	35329	-1
9530	4	35330	-4
9531	4	35331	-2
9532	4	35332	-2
9533	4	35333	3
9534	4	35334	0
9535	4	35335	3
9536	4	35336	-1
9537	4	35337	-1
9538	4	35338	-3
9539	4	35339	-1
9540	4	35340	-3
9541	4	35341	-3
9542	4	35342	-3
9543	4	35343	-3
9544	4	35344	-3
9545	4	35345	2
9546	4	35346	1
9547	4	35347	-1
9548	4	35348	0
9549	4	35349	-3
9550	4	35350	1
9551	4	35351	4
9552	4	35352	-2
9553	4	35353	0
9554	4	35354	-1
9555	4	35355	1
9556	4	35356	2
9557	4	35357	4
9558	4	35358	1
9559	4	35359	-2
9560	4	35360	-1
9561	4	35361	0
9562	4	35362	0
9563	4	35363	-1
9564	4	35364	-3
9565	4	35365	1
9566	4	35366	1
9567	4	35367	2
9568	4	35368	-3
9569	4	35369	0
9570	4	35370	1
9571	4	35371	1
9572	4	35372	-1
9573	4	35373	-1
9574	4	35374	4
9575	4	35375	1
9576	4	35376	0
9577	4	35377	-2
9578	4	35378	2
9579	4	35379	0
9580	4	35380	4
9581	4	35381	-1
9582	4	35382	1
9583	4	35383	-3
9584	4	35384	-2
9585	4	35385	1
9586	4	35386	-1
9587	4	35387	1
9588	4	35388	0
9589	4	35389	2
9590	4	35390	-1
9591	4	35391	-2
9592	4	35392	1
9593	4	35393	0
9594	4	35394	1
9595	4	35395	1
9596	4	35396	0
9597	4	35397	4
9598	4	35398	-3
9599	4	35399	-1
9600	4	35400	5
9601	4	35401	5
9602	4	35402	5
9603	4	35403	5
9604	4	35404	5
9605	4	35405	-7
9606	4	35406	-1
9607	4	35407	3
9608	4	35408	-4
9609	4	35409	3
9610	4	35410	1
9611	4	35411	-1
9612	4	35412	1
9613	4	35413	5
9614	4	35414	-3
9615	4	35415	-1
9616	4	35416	-7
9617	4	35417	-1
9618	4	35418	-1
9619	4	35419	1
9620	4	35420	3
9621	4	35421	5
9622	4	35422	-4
9623	4	35423	-3
9624	4	35424	3
9625	4	35425	-1
9626	4	35426	1
9627	4	35427	-7
9628	4	35428	3
9629	4	35429	5
9630	4	35430	-1
9631	4	35431	1
9632	4	35432	-3
9633	4	35433	3
9634	4	35434	-1
9635	4	35435	-1
9636	4	35436	-4
9637	4	35437	1
9638	4	35438	-7
9639	4	35439	-4
9640	4	35440	-1
9641	4	35441	-3
9642	4	35442	-1
9643	4	35443	3
9644	4	35444	1
9645	4	35445	-1
9646	4	35446	3
9647	4	35447	1
9648	4	35448	5
9649	4	35449	-7
9650	4	35450	-3
9651	4	35451	1
9652	4	35452	1
9653	4	35453	-4
9654	4	35454	-1
9655	4	35455	-1
9656	4	35456	5
9657	4	35457	-1
9658	4	35458	3
9659	4	35459	3
9660	4	35460	1
9661	4	35461	1
9662	4	35462	1
9663	4	35463	1
9664	4	35464	1
9665	4	35465	3
9666	4	35466	-2
9667	4	35467	5
9668	4	35468	2
9669	4	35469	3
9670	4	35470	0
9671	4	35471	3
9672	4	35472	-8
9673	4	35473	-8
9674	4	35474	-2
9675	4	35475	2
9676	4	35476	3
9677	4	35477	3
9678	4	35478	-2
9679	4	35479	-8
9680	4	35480	5
9681	4	35481	-8
9682	4	35482	2
9683	4	35483	-2
9684	4	35484	3
9685	4	35485	2
9686	4	35486	0
9687	4	35487	3
9688	4	35488	3
9689	4	35489	-8
9690	4	35490	-2
9691	4	35491	0
9692	4	35492	-2
9693	4	35493	5
9694	4	35494	3
9695	4	35495	2
9696	4	35496	2
9697	4	35497	-8
9698	4	35498	3
9699	4	35499	2
9700	4	35500	3
9701	4	35501	-2
9702	4	35502	-2
9703	4	35503	3
9704	4	35504	-8
9705	4	35505	2
9706	4	35506	5
9707	4	35507	0
9708	4	35508	-8
9709	4	35509	3
9710	4	35510	-2
9711	4	35511	-8
9712	4	35512	0
9713	4	35513	2
9714	4	35514	-2
9715	4	35515	2
9716	4	35516	-8
9717	4	35517	3
9718	4	35518	3
9719	4	35519	5
9720	4	35520	3
9721	4	35521	3
9722	4	35522	3
9723	4	35523	3
9724	4	35524	3
9725	4	35525	4
9726	4	35526	-4
9727	4	35527	3
9728	4	35528	2
9729	4	35529	-2
9730	4	35530	-9
9731	4	35531	-7
9732	4	35532	4
9733	4	35533	-3
9734	4	35534	2
9735	4	35535	6
9736	4	35536	4
9737	4	35537	-7
9738	4	35538	-4
9739	4	35539	4
9740	4	35540	3
9741	4	35541	-3
9742	4	35542	2
9743	4	35543	2
9744	4	35544	-2
9745	4	35545	6
9746	4	35546	-9
9747	4	35547	4
9748	4	35548	-2
9749	4	35549	-3
9750	4	35550	-4
9751	4	35551	-9
9752	4	35552	2
9753	4	35553	3
9754	4	35554	-7
9755	4	35555	6
9756	4	35556	2
9757	4	35557	4
9758	4	35558	4
9759	4	35559	2
9760	4	35560	-7
9761	4	35561	2
9762	4	35562	-4
9763	4	35563	-2
9764	4	35564	4
9765	4	35565	6
9766	4	35566	3
9767	4	35567	-9
9768	4	35568	-3
9769	4	35569	4
9770	4	35570	2
9771	4	35571	4
9772	4	35572	-9
9773	4	35573	2
9774	4	35574	-4
9775	4	35575	6
9776	4	35576	-3
9777	4	35577	-7
9778	4	35578	-2
9779	4	35579	3
9780	4	35580	-3
9781	4	35581	-3
9782	4	35582	-3
9783	4	35583	-3
9784	4	35584	-3
9785	4	35585	1
9786	4	35586	-1
9787	4	35587	9
9788	4	35588	5
9789	4	35589	-4
9790	4	35590	-3
9791	4	35591	-3
9792	4	35592	-2
9793	4	35593	-4
9794	4	35594	-3
9795	4	35595	7
9796	4	35596	1
9797	4	35597	-3
9798	4	35598	-1
9799	4	35599	-2
9800	4	35600	9
9801	4	35601	-4
9802	4	35602	5
9803	4	35603	-3
9804	4	35604	-4
9805	4	35605	7
9806	4	35606	-3
9807	4	35607	1
9808	4	35608	-4
9809	4	35609	-4
9810	4	35610	-1
9811	4	35611	-3
9812	4	35612	-3
9813	4	35613	9
9814	4	35614	-3
9815	4	35615	7
9816	4	35616	5
9817	4	35617	-2
9818	4	35618	1
9819	4	35619	5
9820	4	35620	-3
9821	4	35621	-3
9822	4	35622	-1
9823	4	35623	-4
9824	4	35624	-2
9825	4	35625	7
9826	4	35626	9
9827	4	35627	-3
9828	4	35628	-4
9829	4	35629	1
9830	4	35630	-3
9831	4	35631	-2
9832	4	35632	-3
9833	4	35633	5
9834	4	35634	-1
9835	4	35635	7
9836	4	35636	-4
9837	4	35637	-3
9838	4	35638	-4
9839	4	35639	9
9840	4	35640	-1
9841	4	35641	-1
9842	4	35642	-1
9843	4	35643	-1
9844	4	35644	-1
9845	4	35645	-10
9846	4	35646	-1
9847	4	35647	9
9848	4	35648	-1
9849	4	35649	4
9850	4	35650	6
9851	4	35651	-3
9852	4	35652	-2
9853	4	35653	2
9854	4	35654	-5
9855	4	35655	1
9856	4	35656	-10
9857	4	35657	-3
9858	4	35658	-1
9859	4	35659	-2
9860	4	35660	9
9861	4	35661	2
9862	4	35662	-1
9863	4	35663	-5
9864	4	35664	4
9865	4	35665	1
9866	4	35666	6
9867	4	35667	-10
9868	4	35668	4
9869	4	35669	2
9870	4	35670	-1
9871	4	35671	6
9872	4	35672	-5
9873	4	35673	9
9874	4	35674	-3
9875	4	35675	1
9876	4	35676	-1
9877	4	35677	-2
9878	4	35678	-10
9879	4	35679	-1
9880	4	35680	-3
9881	4	35681	-5
9882	4	35682	-1
9883	4	35683	4
9884	4	35684	-2
9885	4	35685	1
9886	4	35686	9
9887	4	35687	6
9888	4	35688	2
9889	4	35689	-10
9890	4	35690	-5
9891	4	35691	-2
9892	4	35692	6
9893	4	35693	-1
9894	4	35694	-1
9895	4	35695	1
9896	4	35696	2
9897	4	35697	-3
9898	4	35698	4
9899	4	35699	9
9900	4	35700	0
9901	4	35701	0
9902	4	35702	0
9903	4	35703	0
9904	4	35704	0
9905	4	35705	-4
9906	4	35706	-1
9907	4	35707	0
9908	4	35708	-5
9909	4	35709	7
9910	4	35710	8
9911	4	35711	-3
9912	4	35712	-2
9913	4	35713	2
9914	4	35714	1
9915	4	35715	-3
9916	4	35716	-4
9917	4	35717	-3
9918	4	35718	-1
9919	4	35719	-2
9920	4	35720	0
9921	4	35721	2
9922	4	35722	-5
9923	4	35723	1
9924	4	35724	7
9925	4	35725	-3
9926	4	35726	8
9927	4	35727	-4
9928	4	35728	7
9929	4	35729	2
9930	4	35730	-1
9931	4	35731	8
9932	4	35732	1
9933	4	35733	0
9934	4	35734	-3
9935	4	35735	-3
9936	4	35736	-5
9937	4	35737	-2
9938	4	35738	-4
9939	4	35739	-5
9940	4	35740	-3
9941	4	35741	1
9942	4	35742	-1
9943	4	35743	7
9944	4	35744	-2
9945	4	35745	-3
9946	4	35746	0
9947	4	35747	8
9948	4	35748	2
9949	4	35749	-4
9950	4	35750	1
9951	4	35751	-2
9952	4	35752	8
9953	4	35753	-5
9954	4	35754	-1
9955	4	35755	-3
9956	4	35756	2
9957	4	35757	-3
9958	4	35758	7
9959	4	35759	0
9960	4	35760	-9
9961	4	35761	-9
9962	4	35762	-9
9963	4	35763	-9
9964	4	35764	-9
9965	4	35765	0
9966	4	35766	-3
9967	4	35767	-2
9968	4	35768	-9
9969	4	35769	7
9970	4	35770	7
9971	4	35771	4
9972	4	35772	5
9973	4	35773	5
9974	4	35774	4
9975	4	35775	-8
9976	4	35776	0
9977	4	35777	4
9978	4	35778	-3
9979	4	35779	5
9980	4	35780	-2
9981	4	35781	5
9982	4	35782	-9
9983	4	35783	4
9984	4	35784	7
9985	4	35785	-8
9986	4	35786	7
9987	4	35787	0
9988	4	35788	7
9989	4	35789	5
9990	4	35790	-3
9991	4	35791	7
9992	4	35792	4
9993	4	35793	-2
9994	4	35794	4
9995	4	35795	-8
9996	4	35796	-9
9997	4	35797	5
9998	4	35798	0
9999	4	35799	-9
10000	4	35800	4
10001	4	35801	4
10002	4	35802	-3
10003	4	35803	7
10004	4	35804	5
10005	4	35805	-8
10006	4	35806	-2
10007	4	35807	7
10008	4	35808	5
10009	4	35809	0
10010	4	35810	4
10011	4	35811	5
10012	4	35812	7
10013	4	35813	-9
10014	4	35814	-3
10015	4	35815	-8
10016	4	35816	5
10017	4	35817	4
10018	4	35818	7
10019	4	35819	-2
10020	4	35820	3
10021	4	35821	3
10022	4	35822	3
10023	4	35823	3
10024	4	35824	3
10025	4	35825	0
10026	4	35826	0
10027	4	35827	-4
10028	4	35828	-2
10029	4	35829	0
10030	4	35830	-4
10031	4	35831	-4
10032	4	35832	-1
10033	4	35833	6
10034	4	35834	5
10035	4	35835	-1
10036	4	35836	0
10037	4	35837	-4
10038	4	35838	0
10039	4	35839	-1
10040	4	35840	-4
10041	4	35841	6
10042	4	35842	-2
10043	4	35843	5
10044	4	35844	0
10045	4	35845	-1
10046	4	35846	-4
10047	4	35847	0
10048	4	35848	0
10049	4	35849	6
10050	4	35850	0
10051	4	35851	-4
10052	4	35852	5
10053	4	35853	-4
10054	4	35854	-4
10055	4	35855	-1
10056	4	35856	-2
10057	4	35857	-1
10058	4	35858	0
10059	4	35859	-2
10060	4	35860	-4
10061	4	35861	5
10062	4	35862	0
10063	4	35863	0
10064	4	35864	-1
10065	4	35865	-1
10066	4	35866	-4
10067	4	35867	-4
10068	4	35868	6
10069	4	35869	0
10070	4	35870	5
10071	4	35871	-1
10072	4	35872	-4
10073	4	35873	-2
10074	4	35874	0
10075	4	35875	-1
10076	4	35876	6
10077	4	35877	-4
10078	4	35878	0
10079	4	35879	-4
10080	4	35880	3
10081	4	35881	3
10082	4	35882	3
10083	4	35883	3
10084	4	35884	3
10085	4	35885	5
10086	4	35886	0
10087	4	35887	-11
10088	4	35888	2
10089	4	35889	-6
10090	4	35890	-1
10091	4	35891	0
10092	4	35892	-1
10093	4	35893	5
10094	4	35894	5
10095	4	35895	-1
10096	4	35896	5
10097	4	35897	0
10098	4	35898	0
10099	4	35899	-1
10100	4	35900	-11
10101	4	35901	5
10102	4	35902	2
10103	4	35903	5
10104	4	35904	-6
10105	4	35905	-1
10106	4	35906	-1
10107	4	35907	5
10108	4	35908	-6
10109	4	35909	5
10110	4	35910	0
10111	4	35911	-1
10112	4	35912	5
10113	4	35913	-11
10114	4	35914	0
10115	4	35915	-1
10116	4	35916	2
10117	4	35917	-1
10118	4	35918	5
10119	4	35919	2
10120	4	35920	0
10121	4	35921	5
10122	4	35922	0
10123	4	35923	-6
10124	4	35924	-1
10125	4	35925	-1
10126	4	35926	-11
10127	4	35927	-1
10128	4	35928	5
10129	4	35929	5
10130	4	35930	5
10131	4	35931	-1
10132	4	35932	-1
10133	4	35933	2
10134	4	35934	0
10135	4	35935	-1
10136	4	35936	5
10137	4	35937	0
10138	4	35938	-6
10139	4	35939	-11
10140	4	35940	-4
10141	4	35941	-4
10142	4	35942	-4
10143	4	35943	-4
10144	4	35944	-4
10145	4	35945	7
10146	4	35946	1
10147	4	35947	3
10148	4	35948	8
10149	4	35949	-6
10150	4	35950	-4
10151	4	35951	-3
10152	4	35952	-3
10153	4	35953	-4
10154	4	35954	-2
10155	4	35955	6
10156	4	35956	7
10157	4	35957	-3
10158	4	35958	1
10159	4	35959	-3
10160	4	35960	3
10161	4	35961	-4
10162	4	35962	8
10163	4	35963	-2
10164	4	35964	-6
10165	4	35965	6
10166	4	35966	-4
10167	4	35967	7
10168	4	35968	-6
10169	4	35969	-4
10170	4	35970	1
10171	4	35971	-4
10172	4	35972	-2
10173	4	35973	3
10174	4	35974	-3
10175	4	35975	6
10176	4	35976	8
10177	4	35977	-3
10178	4	35978	7
10179	4	35979	8
10180	4	35980	-3
10181	4	35981	-2
10182	4	35982	1
10183	4	35983	-6
10184	4	35984	-3
10185	4	35985	6
10186	4	35986	3
10187	4	35987	-4
10188	4	35988	-4
10189	4	35989	7
10190	4	35990	-2
10191	4	35991	-3
10192	4	35992	-4
10193	4	35993	8
10194	4	35994	1
10195	4	35995	6
10196	4	35996	-4
10197	4	35997	-3
10198	4	35998	-6
10199	4	35999	3
10200	4	36000	5
10201	4	36001	5
10202	4	36002	5
10203	4	36003	5
10204	4	36004	5
10205	4	36005	0
10206	4	36006	-3
10207	4	36007	1
10208	4	36008	3
10209	4	36009	0
10210	4	36010	-2
10211	4	36011	1
10212	4	36012	-3
10213	4	36013	-2
10214	4	36014	-3
10215	4	36015	2
10216	4	36016	0
10217	4	36017	1
10218	4	36018	-3
10219	4	36019	-3
10220	4	36020	1
10221	4	36021	-2
10222	4	36022	3
10223	4	36023	-3
10224	4	36024	0
10225	4	36025	2
10226	4	36026	-2
10227	4	36027	0
10228	4	36028	0
10229	4	36029	-2
10230	4	36030	-3
10231	4	36031	-2
10232	4	36032	-3
10233	4	36033	1
10234	4	36034	1
10235	4	36035	2
10236	4	36036	3
10237	4	36037	-3
10238	4	36038	0
10239	4	36039	3
10240	4	36040	1
10241	4	36041	-3
10242	4	36042	-3
10243	4	36043	0
10244	4	36044	-3
10245	4	36045	2
10246	4	36046	1
10247	4	36047	-2
10248	4	36048	-2
10249	4	36049	0
10250	4	36050	-3
10251	4	36051	-3
10252	4	36052	-2
10253	4	36053	3
10254	4	36054	-3
10255	4	36055	2
10256	4	36056	-2
10257	4	36057	1
10258	4	36058	0
10259	4	36059	1
10260	4	36060	-1
10261	4	36061	-1
10262	4	36062	-1
10263	4	36063	-1
10264	4	36064	-1
10265	4	36065	-1
10266	4	36066	1
10267	4	36067	-3
10268	4	36068	0
10269	4	36069	4
10270	4	36070	-2
10271	4	36071	0
10272	4	36072	0
10273	4	36073	-1
10274	4	36074	5
10275	4	36075	-2
10276	4	36076	-1
10277	4	36077	0
10278	4	36078	1
10279	4	36079	0
10280	4	36080	-3
10281	4	36081	-1
10282	4	36082	0
10283	4	36083	5
10284	4	36084	4
10285	4	36085	-2
10286	4	36086	-2
10287	4	36087	-1
10288	4	36088	4
10289	4	36089	-1
10290	4	36090	1
10291	4	36091	-2
10292	4	36092	5
10293	4	36093	-3
10294	4	36094	0
10295	4	36095	-2
10296	4	36096	0
10297	4	36097	0
10298	4	36098	-1
10299	4	36099	0
10300	4	36100	0
10301	4	36101	5
10302	4	36102	1
10303	4	36103	4
10304	4	36104	0
10305	4	36105	-2
10306	4	36106	-3
10307	4	36107	-2
10308	4	36108	-1
10309	4	36109	-1
10310	4	36110	5
10311	4	36111	0
10312	4	36112	-2
10313	4	36113	0
10314	4	36114	1
10315	4	36115	-2
10316	4	36116	-1
10317	4	36117	0
10318	4	36118	4
10319	4	36119	-3
10320	4	36120	-5
10321	4	36121	-5
10322	4	36122	-5
10323	4	36123	-5
10324	4	36124	-5
10325	4	36125	1
10326	4	36126	2
10327	4	36127	1
10328	4	36128	-3
10329	4	36129	-4
10330	4	36130	4
10331	4	36131	0
10332	4	36132	3
10333	4	36133	2
10334	4	36134	-2
10335	4	36135	1
10336	4	36136	1
10337	4	36137	0
10338	4	36138	2
10339	4	36139	3
10340	4	36140	1
10341	4	36141	2
10342	4	36142	-3
10343	4	36143	-2
10344	4	36144	-4
10345	4	36145	1
10346	4	36146	4
10347	4	36147	1
10348	4	36148	-4
10349	4	36149	2
10350	4	36150	2
10351	4	36151	4
10352	4	36152	-2
10353	4	36153	1
10354	4	36154	0
10355	4	36155	1
10356	4	36156	-3
10357	4	36157	3
10358	4	36158	1
10359	4	36159	-3
10360	4	36160	0
10361	4	36161	-2
10362	4	36162	2
10363	4	36163	-4
10364	4	36164	3
10365	4	36165	1
10366	4	36166	1
10367	4	36167	4
10368	4	36168	2
10369	4	36169	1
10370	4	36170	-2
10371	4	36171	3
10372	4	36172	4
10373	4	36173	-3
10374	4	36174	2
10375	4	36175	1
10376	4	36176	2
10377	4	36177	0
10378	4	36178	-4
10379	4	36179	1
10380	4	36180	1
10381	4	36181	1
10382	4	36182	1
10383	4	36183	1
10384	4	36184	1
10385	4	36185	5
10386	4	36186	-4
10387	4	36187	-1
10388	4	36188	2
10389	4	36189	-2
10390	4	36190	1
10391	4	36191	-4
10392	4	36192	-3
10393	4	36193	1
10394	4	36194	3
10395	4	36195	2
10396	4	36196	5
10397	4	36197	-4
10398	4	36198	-4
10399	4	36199	-3
10400	4	36200	-1
10401	4	36201	1
10402	4	36202	2
10403	4	36203	3
10404	4	36204	-2
10405	4	36205	2
10406	4	36206	1
10407	4	36207	5
10408	4	36208	-2
10409	4	36209	1
10410	4	36210	-4
10411	4	36211	1
10412	4	36212	3
10413	4	36213	-1
10414	4	36214	-4
10415	4	36215	2
10416	4	36216	2
10417	4	36217	-3
10418	4	36218	5
10419	4	36219	2
10420	4	36220	-4
10421	4	36221	3
10422	4	36222	-4
10423	4	36223	-2
10424	4	36224	-3
10425	4	36225	2
10426	4	36226	-1
10427	4	36227	1
10428	4	36228	1
10429	4	36229	5
10430	4	36230	3
10431	4	36231	-3
10432	4	36232	1
10433	4	36233	2
10434	4	36234	-4
10435	4	36235	2
10436	4	36236	1
10437	4	36237	-4
10438	4	36238	-2
10439	4	36239	-1
10440	4	36240	-2
10441	4	36241	-2
10442	4	36242	-2
10443	4	36243	-2
10444	4	36244	-2
10445	4	36245	0
10446	4	36246	-4
10447	4	36247	-3
10448	4	36248	-6
10449	4	36249	3
10450	4	36250	5
10451	4	36251	3
10452	4	36252	4
10453	4	36253	5
10454	4	36254	0
10455	4	36255	-5
10456	4	36256	0
10457	4	36257	3
10458	4	36258	-4
10459	4	36259	4
10460	4	36260	-3
10461	4	36261	5
10462	4	36262	-6
10463	4	36263	0
10464	4	36264	3
10465	4	36265	-5
10466	4	36266	5
10467	4	36267	0
10468	4	36268	3
10469	4	36269	5
10470	4	36270	-4
10471	4	36271	5
10472	4	36272	0
10473	4	36273	-3
10474	4	36274	3
10475	4	36275	-5
10476	4	36276	-6
10477	4	36277	4
10478	4	36278	0
10479	4	36279	-6
10480	4	36280	3
10481	4	36281	0
10482	4	36282	-4
10483	4	36283	3
10484	4	36284	4
10485	4	36285	-5
10486	4	36286	-3
10487	4	36287	5
10488	4	36288	5
10489	4	36289	0
10490	4	36290	0
10491	4	36291	4
10492	4	36292	5
10493	4	36293	-6
10494	4	36294	-4
10495	4	36295	-5
10496	4	36296	5
10497	4	36297	3
10498	4	36298	3
10499	4	36299	-3
10500	4	36300	1
10501	4	36301	1
10502	4	36302	1
10503	4	36303	1
10504	4	36304	1
10505	4	36305	0
10506	4	36306	-1
10507	4	36307	6
10508	4	36308	4
10509	4	36309	-3
10510	4	36310	-3
10511	4	36311	-4
10512	4	36312	-2
10513	4	36313	1
10514	4	36314	-5
10515	4	36315	4
10516	4	36316	0
10517	4	36317	-4
10518	4	36318	-1
10519	4	36319	-2
10520	4	36320	6
10521	4	36321	1
10522	4	36322	4
10523	4	36323	-5
10524	4	36324	-3
10525	4	36325	4
10526	4	36326	-3
10527	4	36327	0
10528	4	36328	-3
10529	4	36329	1
10530	4	36330	-1
10531	4	36331	-3
10532	4	36332	-5
10533	4	36333	6
10534	4	36334	-4
10535	4	36335	4
10536	4	36336	4
10537	4	36337	-2
10538	4	36338	0
10539	4	36339	4
10540	4	36340	-4
10541	4	36341	-5
10542	4	36342	-1
10543	4	36343	-3
10544	4	36344	-2
10545	4	36345	4
10546	4	36346	6
10547	4	36347	-3
10548	4	36348	1
10549	4	36349	0
10550	4	36350	-5
10551	4	36351	-2
10552	4	36352	-3
10553	4	36353	4
10554	4	36354	-1
10555	4	36355	4
10556	4	36356	1
10557	4	36357	-4
10558	4	36358	-3
10559	4	36359	6
10560	4	36360	4
10561	4	36361	4
10562	4	36362	4
10563	4	36363	4
10564	4	36364	4
10565	4	36365	0
10566	4	36366	-5
10567	4	36367	3
10568	4	36368	-3
10569	4	36369	4
10570	4	36370	0
10571	4	36371	-9
10572	4	36372	2
10573	4	36373	-1
10574	4	36374	3
10575	4	36375	3
10576	4	36376	0
10577	4	36377	-9
10578	4	36378	-5
10579	4	36379	2
10580	4	36380	3
10581	4	36381	-1
10582	4	36382	-3
10583	4	36383	3
10584	4	36384	4
10585	4	36385	3
10586	4	36386	0
10587	4	36387	0
10588	4	36388	4
10589	4	36389	-1
10590	4	36390	-5
10591	4	36391	0
10592	4	36392	3
10593	4	36393	3
10594	4	36394	-9
10595	4	36395	3
10596	4	36396	-3
10597	4	36397	2
10598	4	36398	0
10599	4	36399	-3
10600	4	36400	-9
10601	4	36401	3
10602	4	36402	-5
10603	4	36403	4
10604	4	36404	2
10605	4	36405	3
10606	4	36406	3
10607	4	36407	0
10608	4	36408	-1
10609	4	36409	0
10610	4	36410	3
10611	4	36411	2
10612	4	36412	0
10613	4	36413	-3
10614	4	36414	-5
10615	4	36415	3
10616	4	36416	-1
10617	4	36417	-9
10618	4	36418	4
10619	4	36419	3
10620	4	36420	-1
10621	4	36421	-1
10622	4	36422	-1
10623	4	36423	-1
10624	4	36424	-1
10625	4	36425	4
10626	4	36426	0
10627	4	36427	-10
10628	4	36428	3
10629	4	36429	-4
10630	4	36430	1
10631	4	36431	0
10632	4	36432	3
10633	4	36433	5
10634	4	36434	0
10635	4	36435	-1
10636	4	36436	4
10637	4	36437	0
10638	4	36438	0
10639	4	36439	3
10640	4	36440	-10
10641	4	36441	5
10642	4	36442	3
10643	4	36443	0
10644	4	36444	-4
10645	4	36445	-1
10646	4	36446	1
10647	4	36447	4
10648	4	36448	-4
10649	4	36449	5
10650	4	36450	0
10651	4	36451	1
10652	4	36452	0
10653	4	36453	-10
10654	4	36454	0
10655	4	36455	-1
10656	4	36456	3
10657	4	36457	3
10658	4	36458	4
10659	4	36459	3
10660	4	36460	0
10661	4	36461	0
10662	4	36462	0
10663	4	36463	-4
10664	4	36464	3
10665	4	36465	-1
10666	4	36466	-10
10667	4	36467	1
10668	4	36468	5
10669	4	36469	4
10670	4	36470	0
10671	4	36471	3
10672	4	36472	1
10673	4	36473	3
10674	4	36474	0
10675	4	36475	-1
10676	4	36476	5
10677	4	36477	0
10678	4	36478	-4
10679	4	36479	-10
10680	4	36480	-3
10681	4	36481	-3
10682	4	36482	-3
10683	4	36483	-3
10684	4	36484	-3
10685	4	36485	-8
10686	4	36486	0
10687	4	36487	8
10688	4	36488	0
10689	4	36489	2
10690	4	36490	7
10691	4	36491	1
10692	4	36492	-4
10693	4	36493	1
10694	4	36494	-5
10695	4	36495	2
10696	4	36496	-8
10697	4	36497	1
10698	4	36498	0
10699	4	36499	-4
10700	4	36500	8
10701	4	36501	1
10702	4	36502	0
10703	4	36503	-5
10704	4	36504	2
10705	4	36505	2
10706	4	36506	7
10707	4	36507	-8
10708	4	36508	2
10709	4	36509	1
10710	4	36510	0
10711	4	36511	7
10712	4	36512	-5
10713	4	36513	8
10714	4	36514	1
10715	4	36515	2
10716	4	36516	0
10717	4	36517	-4
10718	4	36518	-8
10719	4	36519	0
10720	4	36520	1
10721	4	36521	-5
10722	4	36522	0
10723	4	36523	2
10724	4	36524	-4
10725	4	36525	2
10726	4	36526	8
10727	4	36527	7
10728	4	36528	1
10729	4	36529	-8
10730	4	36530	-5
10731	4	36531	-4
10732	4	36532	7
10733	4	36533	0
10734	4	36534	0
10735	4	36535	2
10736	4	36536	1
10737	4	36537	1
10738	4	36538	2
10739	4	36539	8
10740	4	36540	4
10741	4	36541	4
10742	4	36542	4
10743	4	36543	4
10744	4	36544	4
10745	4	36545	3
10746	4	36546	-2
10747	4	36547	1
10748	4	36548	0
10749	4	36549	3
10750	4	36550	-3
10751	4	36551	-1
10752	4	36552	-8
10753	4	36553	-1
10754	4	36554	4
10755	4	36555	1
10756	4	36556	3
10757	4	36557	-1
10758	4	36558	-2
10759	4	36559	-8
10760	4	36560	1
10761	4	36561	-1
10762	4	36562	0
10763	4	36563	4
10764	4	36564	3
10765	4	36565	1
10766	4	36566	-3
10767	4	36567	3
10768	4	36568	3
10769	4	36569	-1
10770	4	36570	-2
10771	4	36571	-3
10772	4	36572	4
10773	4	36573	1
10774	4	36574	-1
10775	4	36575	1
10776	4	36576	0
10777	4	36577	-8
10778	4	36578	3
10779	4	36579	0
10780	4	36580	-1
10781	4	36581	4
10782	4	36582	-2
10783	4	36583	3
10784	4	36584	-8
10785	4	36585	1
10786	4	36586	1
10787	4	36587	-3
10788	4	36588	-1
10789	4	36589	3
10790	4	36590	4
10791	4	36591	-8
10792	4	36592	-3
10793	4	36593	0
10794	4	36594	-2
10795	4	36595	1
10796	4	36596	-1
10797	4	36597	-1
10798	4	36598	3
10799	4	36599	1
10800	4	36600	-4
10801	4	36601	-4
10802	4	36602	-4
10803	4	36603	-4
10804	4	36604	-4
10805	4	36605	-4
10806	4	36606	3
10807	4	36607	10
10808	4	36608	3
10809	4	36609	-2
10810	4	36610	-4
10811	4	36611	1
10812	4	36612	1
10813	4	36613	-4
10814	4	36614	-5
10815	4	36615	6
10816	4	36616	-4
10817	4	36617	1
10818	4	36618	3
10819	4	36619	1
10820	4	36620	10
10821	4	36621	-4
10822	4	36622	3
10823	4	36623	-5
10824	4	36624	-2
10825	4	36625	6
10826	4	36626	-4
10827	4	36627	-4
10828	4	36628	-2
10829	4	36629	-4
10830	4	36630	3
10831	4	36631	-4
10832	4	36632	-5
10833	4	36633	10
10834	4	36634	1
10835	4	36635	6
10836	4	36636	3
10837	4	36637	1
10838	4	36638	-4
10839	4	36639	3
10840	4	36640	1
10841	4	36641	-5
10842	4	36642	3
10843	4	36643	-2
10844	4	36644	1
10845	4	36645	6
10846	4	36646	10
10847	4	36647	-4
10848	4	36648	-4
10849	4	36649	-4
10850	4	36650	-5
10851	4	36651	1
10852	4	36652	-4
10853	4	36653	3
10854	4	36654	3
10855	4	36655	6
10856	4	36656	-4
10857	4	36657	1
10858	4	36658	-2
10859	4	36659	10
10860	4	36660	3
10861	4	36661	3
10862	4	36662	3
10863	4	36663	3
10864	4	36664	3
10865	4	36665	2
10866	4	36666	0
10867	4	36667	-2
10868	4	36668	-1
10869	4	36669	-2
10870	4	36670	-2
10871	4	36671	0
10872	4	36672	-4
10873	4	36673	0
10874	4	36674	5
10875	4	36675	-1
10876	4	36676	2
10877	4	36677	0
10878	4	36678	0
10879	4	36679	-4
10880	4	36680	-2
10881	4	36681	0
10882	4	36682	-1
10883	4	36683	5
10884	4	36684	-2
10885	4	36685	-1
10886	4	36686	-2
10887	4	36687	2
10888	4	36688	-2
10889	4	36689	0
10890	4	36690	0
10891	4	36691	-2
10892	4	36692	5
10893	4	36693	-2
10894	4	36694	0
10895	4	36695	-1
10896	4	36696	-1
10897	4	36697	-4
10898	4	36698	2
10899	4	36699	-1
10900	4	36700	0
10901	4	36701	5
10902	4	36702	0
10903	4	36703	-2
10904	4	36704	-4
10905	4	36705	-1
10906	4	36706	-2
10907	4	36707	-2
10908	4	36708	0
10909	4	36709	2
10910	4	36710	5
10911	4	36711	-4
10912	4	36712	-2
10913	4	36713	-1
10914	4	36714	0
10915	4	36715	-1
10916	4	36716	0
10917	4	36717	0
10918	4	36718	-2
10919	4	36719	-2
10920	4	36720	-7
10921	4	36721	-7
10922	4	36722	-7
10923	4	36723	-7
10924	4	36724	-7
10925	4	36725	1
10926	4	36726	0
10927	4	36727	1
10928	4	36728	-3
10929	4	36729	3
10930	4	36730	2
10931	4	36731	1
10932	4	36732	2
10933	4	36733	1
10934	4	36734	4
10935	4	36735	-3
10936	4	36736	1
10937	4	36737	1
10938	4	36738	0
10939	4	36739	2
10940	4	36740	1
10941	4	36741	1
10942	4	36742	-3
10943	4	36743	4
10944	4	36744	3
10945	4	36745	-3
10946	4	36746	2
10947	4	36747	1
10948	4	36748	3
10949	4	36749	1
10950	4	36750	0
10951	4	36751	2
10952	4	36752	4
10953	4	36753	1
10954	4	36754	1
10955	4	36755	-3
10956	4	36756	-3
10957	4	36757	2
10958	4	36758	1
10959	4	36759	-3
10960	4	36760	1
10961	4	36761	4
10962	4	36762	0
10963	4	36763	3
10964	4	36764	2
10965	4	36765	-3
10966	4	36766	1
10967	4	36767	2
10968	4	36768	1
10969	4	36769	1
10970	4	36770	4
10971	4	36771	2
10972	4	36772	2
10973	4	36773	-3
10974	4	36774	0
10975	4	36775	-3
10976	4	36776	1
10977	4	36777	1
10978	4	36778	3
10979	4	36779	1
10980	4	36780	3
10981	4	36781	3
10982	4	36782	3
10983	4	36783	3
10984	4	36784	3
10985	4	36785	-2
10986	4	36786	-1
10987	4	36787	1
10988	4	36788	0
10989	4	36789	3
10990	4	36790	-1
10991	4	36791	-4
10992	4	36792	2
10993	4	36793	0
10994	4	36794	1
10995	4	36795	-1
10996	4	36796	-2
10997	4	36797	-4
10998	4	36798	-1
10999	4	36799	2
11000	4	36800	1
11001	4	36801	0
11002	4	36802	0
11003	4	36803	1
11004	4	36804	3
11005	4	36805	-1
11006	4	36806	-1
11007	4	36807	-2
11008	4	36808	3
11009	4	36809	0
11010	4	36810	-1
11011	4	36811	-1
11012	4	36812	1
11013	4	36813	1
11014	4	36814	-4
11015	4	36815	-1
11016	4	36816	0
11017	4	36817	2
11018	4	36818	-2
11019	4	36819	0
11020	4	36820	-4
11021	4	36821	1
11022	4	36822	-1
11023	4	36823	3
11024	4	36824	2
11025	4	36825	-1
11026	4	36826	1
11027	4	36827	-1
11028	4	36828	0
11029	4	36829	-2
11030	4	36830	1
11031	4	36831	2
11032	4	36832	-1
11033	4	36833	0
11034	4	36834	-1
11035	4	36835	-1
11036	4	36836	0
11037	4	36837	-4
11038	4	36838	3
11039	4	36839	1
11040	4	36840	-5
11041	4	36841	-5
11042	4	36842	-5
11043	4	36843	-5
11044	4	36844	-5
11045	4	36845	7
11046	4	36846	1
11047	4	36847	-3
11048	4	36848	4
11049	4	36849	-3
11050	4	36850	-1
11051	4	36851	1
11052	4	36852	-1
11053	4	36853	-5
11054	4	36854	3
11055	4	36855	1
11056	4	36856	7
11057	4	36857	1
11058	4	36858	1
11059	4	36859	-1
11060	4	36860	-3
11061	4	36861	-5
11062	4	36862	4
11063	4	36863	3
11064	4	36864	-3
11065	4	36865	1
11066	4	36866	-1
11067	4	36867	7
11068	4	36868	-3
11069	4	36869	-5
11070	4	36870	1
11071	4	36871	-1
11072	4	36872	3
11073	4	36873	-3
11074	4	36874	1
11075	4	36875	1
11076	4	36876	4
11077	4	36877	-1
11078	4	36878	7
11079	4	36879	4
11080	4	36880	1
11081	4	36881	3
11082	4	36882	1
11083	4	36883	-3
11084	4	36884	-1
11085	4	36885	1
11086	4	36886	-3
11087	4	36887	-1
11088	4	36888	-5
11089	4	36889	7
11090	4	36890	3
11091	4	36891	-1
11092	4	36892	-1
11093	4	36893	4
11094	4	36894	1
11095	4	36895	1
11096	4	36896	-5
11097	4	36897	1
11098	4	36898	-3
11099	4	36899	-3
11100	4	36900	-1
11101	4	36901	-1
11102	4	36902	-1
11103	4	36903	-1
11104	4	36904	-1
11105	4	36905	-3
11106	4	36906	2
11107	4	36907	-5
11108	4	36908	-2
11109	4	36909	-3
11110	4	36910	0
11111	4	36911	-3
11112	4	36912	8
11113	4	36913	8
11114	4	36914	2
11115	4	36915	-2
11116	4	36916	-3
11117	4	36917	-3
11118	4	36918	2
11119	4	36919	8
11120	4	36920	-5
11121	4	36921	8
11122	4	36922	-2
11123	4	36923	2
11124	4	36924	-3
11125	4	36925	-2
11126	4	36926	0
11127	4	36927	-3
11128	4	36928	-3
11129	4	36929	8
11130	4	36930	2
11131	4	36931	0
11132	4	36932	2
11133	4	36933	-5
11134	4	36934	-3
11135	4	36935	-2
11136	4	36936	-2
11137	4	36937	8
11138	4	36938	-3
11139	4	36939	-2
11140	4	36940	-3
11141	4	36941	2
11142	4	36942	2
11143	4	36943	-3
11144	4	36944	8
11145	4	36945	-2
11146	4	36946	-5
11147	4	36947	0
11148	4	36948	8
11149	4	36949	-3
11150	4	36950	2
11151	4	36951	8
11152	4	36952	0
11153	4	36953	-2
11154	4	36954	2
11155	4	36955	-2
11156	4	36956	8
11157	4	36957	-3
11158	4	36958	-3
11159	4	36959	-5
11160	4	36960	-3
11161	4	36961	-3
11162	4	36962	-3
11163	4	36963	-3
11164	4	36964	-3
11165	4	36965	-4
11166	4	36966	4
11167	4	36967	-3
11168	4	36968	-2
11169	4	36969	2
11170	4	36970	9
11171	4	36971	7
11172	4	36972	-4
11173	4	36973	3
11174	4	36974	-2
11175	4	36975	-6
11176	4	36976	-4
11177	4	36977	7
11178	4	36978	4
11179	4	36979	-4
11180	4	36980	-3
11181	4	36981	3
11182	4	36982	-2
11183	4	36983	-2
11184	4	36984	2
11185	4	36985	-6
11186	4	36986	9
11187	4	36987	-4
11188	4	36988	2
11189	4	36989	3
11190	4	36990	4
11191	4	36991	9
11192	4	36992	-2
11193	4	36993	-3
11194	4	36994	7
11195	4	36995	-6
11196	4	36996	-2
11197	4	36997	-4
11198	4	36998	-4
11199	4	36999	-2
11200	4	37000	7
11201	4	37001	-2
11202	4	37002	4
11203	4	37003	2
11204	4	37004	-4
11205	4	37005	-6
11206	4	37006	-3
11207	4	37007	9
11208	4	37008	3
11209	4	37009	-4
11210	4	37010	-2
11211	4	37011	-4
11212	4	37012	9
11213	4	37013	-2
11214	4	37014	4
11215	4	37015	-6
11216	4	37016	3
11217	4	37017	7
11218	4	37018	2
11219	4	37019	-3
11220	4	37020	3
11221	4	37021	3
11222	4	37022	3
11223	4	37023	3
11224	4	37024	3
11225	4	37025	-1
11226	4	37026	1
11227	4	37027	-9
11228	4	37028	-5
11229	4	37029	4
11230	4	37030	3
11231	4	37031	3
11232	4	37032	2
11233	4	37033	4
11234	4	37034	3
11235	4	37035	-7
11236	4	37036	-1
11237	4	37037	3
11238	4	37038	1
11239	4	37039	2
11240	4	37040	-9
11241	4	37041	4
11242	4	37042	-5
11243	4	37043	3
11244	4	37044	4
11245	4	37045	-7
11246	4	37046	3
11247	4	37047	-1
11248	4	37048	4
11249	4	37049	4
11250	4	37050	1
11251	4	37051	3
11252	4	37052	3
11253	4	37053	-9
11254	4	37054	3
11255	4	37055	-7
11256	4	37056	-5
11257	4	37057	2
11258	4	37058	-1
11259	4	37059	-5
11260	4	37060	3
11261	4	37061	3
11262	4	37062	1
11263	4	37063	4
11264	4	37064	2
11265	4	37065	-7
11266	4	37066	-9
11267	4	37067	3
11268	4	37068	4
11269	4	37069	-1
11270	4	37070	3
11271	4	37071	2
11272	4	37072	3
11273	4	37073	-5
11274	4	37074	1
11275	4	37075	-7
11276	4	37076	4
11277	4	37077	3
11278	4	37078	4
11279	4	37079	-9
11280	4	37080	1
11281	4	37081	1
11282	4	37082	1
11283	4	37083	1
11284	4	37084	1
11285	4	37085	10
11286	4	37086	1
11287	4	37087	-9
11288	4	37088	1
11289	4	37089	-4
11290	4	37090	-6
11291	4	37091	3
11292	4	37092	2
11293	4	37093	-2
11294	4	37094	5
11295	4	37095	-1
11296	4	37096	10
11297	4	37097	3
11298	4	37098	1
11299	4	37099	2
11300	4	37100	-9
11301	4	37101	-2
11302	4	37102	1
11303	4	37103	5
11304	4	37104	-4
11305	4	37105	-1
11306	4	37106	-6
11307	4	37107	10
11308	4	37108	-4
11309	4	37109	-2
11310	4	37110	1
11311	4	37111	-6
11312	4	37112	5
11313	4	37113	-9
11314	4	37114	3
11315	4	37115	-1
11316	4	37116	1
11317	4	37117	2
11318	4	37118	10
11319	4	37119	1
11320	4	37120	3
11321	4	37121	5
11322	4	37122	1
11323	4	37123	-4
11324	4	37124	2
11325	4	37125	-1
11326	4	37126	-9
11327	4	37127	-6
11328	4	37128	-2
11329	4	37129	10
11330	4	37130	5
11331	4	37131	2
11332	4	37132	-6
11333	4	37133	1
11334	4	37134	1
11335	4	37135	-1
11336	4	37136	-2
11337	4	37137	3
11338	4	37138	-4
11339	4	37139	-9
11340	4	37140	0
11341	4	37141	0
11342	4	37142	0
11343	4	37143	0
11344	4	37144	0
11345	4	37145	4
11346	4	37146	1
11347	4	37147	0
11348	4	37148	5
11349	4	37149	-7
11350	4	37150	-8
11351	4	37151	3
11352	4	37152	2
11353	4	37153	-2
11354	4	37154	-1
11355	4	37155	3
11356	4	37156	4
11357	4	37157	3
11358	4	37158	1
11359	4	37159	2
11360	4	37160	0
11361	4	37161	-2
11362	4	37162	5
11363	4	37163	-1
11364	4	37164	-7
11365	4	37165	3
11366	4	37166	-8
11367	4	37167	4
11368	4	37168	-7
11369	4	37169	-2
11370	4	37170	1
11371	4	37171	-8
11372	4	37172	-1
11373	4	37173	0
11374	4	37174	3
11375	4	37175	3
11376	4	37176	5
11377	4	37177	2
11378	4	37178	4
11379	4	37179	5
11380	4	37180	3
11381	4	37181	-1
11382	4	37182	1
11383	4	37183	-7
11384	4	37184	2
11385	4	37185	3
11386	4	37186	0
11387	4	37187	-8
11388	4	37188	-2
11389	4	37189	4
11390	4	37190	-1
11391	4	37191	2
11392	4	37192	-8
11393	4	37193	5
11394	4	37194	1
11395	4	37195	3
11396	4	37196	-2
11397	4	37197	3
11398	4	37198	-7
11399	4	37199	0
11400	4	37200	9
11401	4	37201	9
11402	4	37202	9
11403	4	37203	9
11404	4	37204	9
11405	4	37205	0
11406	4	37206	3
11407	4	37207	2
11408	4	37208	9
11409	4	37209	-7
11410	4	37210	-7
11411	4	37211	-4
11412	4	37212	-5
11413	4	37213	-5
11414	4	37214	-4
11415	4	37215	8
11416	4	37216	0
11417	4	37217	-4
11418	4	37218	3
11419	4	37219	-5
11420	4	37220	2
11421	4	37221	-5
11422	4	37222	9
11423	4	37223	-4
11424	4	37224	-7
11425	4	37225	8
11426	4	37226	-7
11427	4	37227	0
11428	4	37228	-7
11429	4	37229	-5
11430	4	37230	3
11431	4	37231	-7
11432	4	37232	-4
11433	4	37233	2
11434	4	37234	-4
11435	4	37235	8
11436	4	37236	9
11437	4	37237	-5
11438	4	37238	0
11439	4	37239	9
11440	4	37240	-4
11441	4	37241	-4
11442	4	37242	3
11443	4	37243	-7
11444	4	37244	-5
11445	4	37245	8
11446	4	37246	2
11447	4	37247	-7
11448	4	37248	-5
11449	4	37249	0
11450	4	37250	-4
11451	4	37251	-5
11452	4	37252	-7
11453	4	37253	9
11454	4	37254	3
11455	4	37255	8
11456	4	37256	-5
11457	4	37257	-4
11458	4	37258	-7
11459	4	37259	2
11460	4	37260	-3
11461	4	37261	-3
11462	4	37262	-3
11463	4	37263	-3
11464	4	37264	-3
11465	4	37265	0
11466	4	37266	0
11467	4	37267	4
11468	4	37268	2
11469	4	37269	0
11470	4	37270	4
11471	4	37271	4
11472	4	37272	1
11473	4	37273	-6
11474	4	37274	-5
11475	4	37275	1
11476	4	37276	0
11477	4	37277	4
11478	4	37278	0
11479	4	37279	1
11480	4	37280	4
11481	4	37281	-6
11482	4	37282	2
11483	4	37283	-5
11484	4	37284	0
11485	4	37285	1
11486	4	37286	4
11487	4	37287	0
11488	4	37288	0
11489	4	37289	-6
11490	4	37290	0
11491	4	37291	4
11492	4	37292	-5
11493	4	37293	4
11494	4	37294	4
11495	4	37295	1
11496	4	37296	2
11497	4	37297	1
11498	4	37298	0
11499	4	37299	2
11500	4	37300	4
11501	4	37301	-5
11502	4	37302	0
11503	4	37303	0
11504	4	37304	1
11505	4	37305	1
11506	4	37306	4
11507	4	37307	4
11508	4	37308	-6
11509	4	37309	0
11510	4	37310	-5
11511	4	37311	1
11512	4	37312	4
11513	4	37313	2
11514	4	37314	0
11515	4	37315	1
11516	4	37316	-6
11517	4	37317	4
11518	4	37318	0
11519	4	37319	4
11520	4	37320	-3
11521	4	37321	-3
11522	4	37322	-3
11523	4	37323	-3
11524	4	37324	-3
11525	4	37325	-5
11526	4	37326	0
11527	4	37327	11
11528	4	37328	-2
11529	4	37329	6
11530	4	37330	1
11531	4	37331	0
11532	4	37332	1
11533	4	37333	-5
11534	4	37334	-5
11535	4	37335	1
11536	4	37336	-5
11537	4	37337	0
11538	4	37338	0
11539	4	37339	1
11540	4	37340	11
11541	4	37341	-5
11542	4	37342	-2
11543	4	37343	-5
11544	4	37344	6
11545	4	37345	1
11546	4	37346	1
11547	4	37347	-5
11548	4	37348	6
11549	4	37349	-5
11550	4	37350	0
11551	4	37351	1
11552	4	37352	-5
11553	4	37353	11
11554	4	37354	0
11555	4	37355	1
11556	4	37356	-2
11557	4	37357	1
11558	4	37358	-5
11559	4	37359	-2
11560	4	37360	0
11561	4	37361	-5
11562	4	37362	0
11563	4	37363	6
11564	4	37364	1
11565	4	37365	1
11566	4	37366	11
11567	4	37367	1
11568	4	37368	-5
11569	4	37369	-5
11570	4	37370	-5
11571	4	37371	1
11572	4	37372	1
11573	4	37373	-2
11574	4	37374	0
11575	4	37375	1
11576	4	37376	-5
11577	4	37377	0
11578	4	37378	6
11579	4	37379	11
11580	4	37380	4
11581	4	37381	4
11582	4	37382	4
11583	4	37383	4
11584	4	37384	4
11585	4	37385	-7
11586	4	37386	-1
11587	4	37387	-3
11588	4	37388	-8
11589	4	37389	6
11590	4	37390	4
11591	4	37391	3
11592	4	37392	3
11593	4	37393	4
11594	4	37394	2
11595	4	37395	-6
11596	4	37396	-7
11597	4	37397	3
11598	4	37398	-1
11599	4	37399	3
11600	4	37400	-3
11601	4	37401	4
11602	4	37402	-8
11603	4	37403	2
11604	4	37404	6
11605	4	37405	-6
11606	4	37406	4
11607	4	37407	-7
11608	4	37408	6
11609	4	37409	4
11610	4	37410	-1
11611	4	37411	4
11612	4	37412	2
11613	4	37413	-3
11614	4	37414	3
11615	4	37415	-6
11616	4	37416	-8
11617	4	37417	3
11618	4	37418	-7
11619	4	37419	-8
11620	4	37420	3
11621	4	37421	2
11622	4	37422	-1
11623	4	37423	6
11624	4	37424	3
11625	4	37425	-6
11626	4	37426	-3
11627	4	37427	4
11628	4	37428	4
11629	4	37429	-7
11630	4	37430	2
11631	4	37431	3
11632	4	37432	4
11633	4	37433	-8
11634	4	37434	-1
11635	4	37435	-6
11636	4	37436	4
11637	4	37437	3
11638	4	37438	6
11639	4	37439	-3
11640	4	38880	-3
11641	4	38881	-3
11642	4	38882	-3
11643	4	38883	-3
11644	4	38884	-3
11645	4	38885	-6
11646	4	38886	7
11647	4	38887	-3
11648	4	38888	3
11649	4	38889	-2
11650	4	38890	1
11651	4	38891	0
11652	4	38892	1
11653	4	38893	0
11654	4	38894	-1
11655	4	38895	4
11656	4	38896	-6
11657	4	38897	0
11658	4	38898	7
11659	4	38899	1
11660	4	38900	-3
11661	4	38901	0
11662	4	38902	3
11663	4	38903	-1
11664	4	38904	-2
11665	4	38905	4
11666	4	38906	1
11667	4	38907	-6
11668	4	38908	-2
11669	4	38909	0
11670	4	38910	7
11671	4	38911	1
11672	4	38912	-1
11673	4	38913	-3
11674	4	38914	0
11675	4	38915	4
11676	4	38916	3
11677	4	38917	1
11678	4	38918	-6
11679	4	38919	3
11680	4	38920	0
11681	4	38921	-1
11682	4	38922	7
11683	4	38923	-2
11684	4	38924	1
11685	4	38925	4
11686	4	38926	-3
11687	4	38927	1
11688	4	38928	0
11689	4	38929	-6
11690	4	38930	-1
11691	4	38931	1
11692	4	38932	1
11693	4	38933	3
11694	4	38934	7
11695	4	38935	4
11696	4	38936	0
11697	4	38937	0
11698	4	38938	-2
11699	4	38939	-3
11700	4	38940	2
11701	4	38941	2
11702	4	38942	2
11703	4	38943	2
11704	4	38944	2
11705	4	38945	7
11706	4	38946	-10
11707	4	38947	6
11708	4	38948	-3
11709	4	38949	2
11710	4	38950	-2
11711	4	38951	0
11712	4	38952	-1
11713	4	38953	-1
11714	4	38954	3
11715	4	38955	-3
11716	4	38956	7
11717	4	38957	0
11718	4	38958	-10
11719	4	38959	-1
11720	4	38960	6
11721	4	38961	-1
11722	4	38962	-3
11723	4	38963	3
11724	4	38964	2
11725	4	38965	-3
11726	4	38966	-2
11727	4	38967	7
11728	4	38968	2
11729	4	38969	-1
11730	4	38970	-10
11731	4	38971	-2
11732	4	38972	3
11733	4	38973	6
11734	4	38974	0
11735	4	38975	-3
11736	4	38976	-3
11737	4	38977	-1
11738	4	38978	7
11739	4	38979	-3
11740	4	38980	0
11741	4	38981	3
11742	4	38982	-10
11743	4	38983	2
11744	4	38984	-1
11745	4	38985	-3
11746	4	38986	6
11747	4	38987	-2
11748	4	38988	-1
11749	4	38989	7
11750	4	38990	3
11751	4	38991	-1
11752	4	38992	-2
11753	4	38993	-3
11754	4	38994	-10
11755	4	38995	-3
11756	4	38996	-1
11757	4	38997	0
11758	4	38998	2
11759	4	38999	6
11760	4	39000	1
11761	4	39001	1
11762	4	39002	1
11763	4	39003	1
11764	4	39004	1
11765	4	39005	-1
11766	4	39006	4
11767	4	39007	-3
11768	4	39008	0
11769	4	39009	-1
11770	4	39010	1
11771	4	39011	0
11772	4	39012	0
11773	4	39013	2
11774	4	39014	-2
11775	4	39015	-2
11776	4	39016	-1
11777	4	39017	0
11778	4	39018	4
11779	4	39019	0
11780	4	39020	-3
11781	4	39021	2
11782	4	39022	0
11783	4	39023	-2
11784	4	39024	-1
11785	4	39025	-2
11786	4	39026	1
11787	4	39027	-1
11788	4	39028	-1
11789	4	39029	2
11790	4	39030	4
11791	4	39031	1
11792	4	39032	-2
11793	4	39033	-3
11794	4	39034	0
11795	4	39035	-2
11796	4	39036	0
11797	4	39037	0
11798	4	39038	-1
11799	4	39039	0
11800	4	39040	0
11801	4	39041	-2
11802	4	39042	4
11803	4	39043	-1
11804	4	39044	0
11805	4	39045	-2
11806	4	39046	-3
11807	4	39047	1
11808	4	39048	2
11809	4	39049	-1
11810	4	39050	-2
11811	4	39051	0
11812	4	39052	1
11813	4	39053	0
11814	4	39054	4
11815	4	39055	-2
11816	4	39056	2
11817	4	39057	0
11818	4	39058	-1
11819	4	39059	-3
11820	4	39120	-1
11821	4	39121	-1
11822	4	39122	-1
11823	4	39123	-1
11824	4	39124	-1
11825	2	39126	4
11826	4	39127	-3
11827	4	39128	2
11828	4	39129	2
11829	4	39130	0
11830	4	39131	-3
11831	4	39132	-1
11832	4	39133	-1
11833	4	39134	0
11834	2	39135	4
11835	2	39138	4
11836	4	39139	-1
11837	4	39140	-3
11838	4	39141	-1
11839	4	39142	2
11840	4	39143	0
11841	4	39144	2
11842	2	39145	4
11843	2	39150	4
11844	4	39151	0
11845	4	39152	0
11846	4	39153	-3
11847	4	39154	-3
11848	2	39155	4
11849	2	39162	4
11850	4	39163	2
11851	4	39164	-1
11852	2	39165	4
11853	2	39174	4
11854	2	39175	4
11855	4	39180	-4
11856	4	39181	-4
11857	4	39182	-4
11858	4	39183	-4
11859	4	39184	-4
11860	4	39185	0
11861	4	39186	5
11862	4	39187	-2
11863	4	39188	5
11864	4	39189	-2
11865	4	39190	1
11866	4	39191	1
11867	4	39192	-1
11868	4	39193	2
11869	4	39194	0
11870	4	39195	-4
11871	4	39196	0
11872	4	39197	1
11873	4	39198	5
11874	4	39199	-1
11875	4	39200	-2
11876	4	39201	2
11877	4	39202	5
11878	4	39203	0
11879	4	39204	-2
11880	4	39205	-4
11881	4	39206	1
11882	4	39207	0
11883	4	39208	-2
11884	4	39209	2
11885	4	39210	5
11886	4	39211	1
11887	4	39212	0
11888	4	39213	-2
11889	4	39214	1
11890	4	39215	-4
11891	4	39216	5
11892	4	39217	-1
11893	4	39218	0
11894	4	39219	5
11895	4	39220	1
11896	4	39221	0
11897	4	39222	5
11898	4	39223	-2
11899	4	39224	-1
11900	4	39225	-4
11901	4	39226	-2
11902	4	39227	1
11903	4	39228	2
11904	4	39229	0
11905	4	39230	0
11906	4	39231	-1
11907	4	39232	1
11908	4	39233	5
11909	4	39234	5
11910	4	39235	-4
11911	4	39236	2
11912	4	39237	1
11913	4	39238	-2
11914	4	39239	-2
11915	4	39240	1
11916	4	39241	1
11917	4	39242	1
11918	4	39243	1
11919	4	39244	1
11920	4	39245	-2
11921	4	39246	-5
11922	4	39247	5
11923	4	39248	-4
11924	4	39249	1
11925	4	39250	0
11926	4	39251	2
11927	4	39252	-5
11928	4	39253	-3
11929	4	39254	7
11930	4	39255	2
11931	4	39256	-2
11932	4	39257	2
11933	4	39258	-5
11934	4	39259	-5
11935	4	39260	5
11936	4	39261	-3
11937	4	39262	-4
11938	4	39263	7
11939	4	39264	1
11940	4	39265	2
11941	4	39266	0
11942	4	39267	-2
11943	4	39268	1
11944	4	39269	-3
11945	4	39270	-5
11946	4	39271	0
11947	4	39272	7
11948	4	39273	5
11949	4	39274	2
11950	4	39275	2
11951	4	39276	-4
11952	4	39277	-5
11953	4	39278	-2
11954	4	39279	-4
11955	4	39280	2
11956	4	39281	7
11957	4	39282	-5
11958	4	39283	1
11959	4	39284	-5
11960	4	39285	2
11961	4	39286	5
11962	4	39287	0
11963	4	39288	-3
11964	4	39289	-2
11965	4	39290	7
11966	4	39291	-5
11967	4	39292	0
11968	4	39293	-4
11969	4	39294	-5
11970	4	39295	2
11971	4	39296	-3
11972	4	39297	2
11973	4	39298	1
11974	4	39299	5
11975	4	39300	0
11976	4	39301	0
11977	4	39302	0
11978	4	39303	0
11979	4	39304	0
11980	4	39305	0
11981	4	39306	2
11982	4	39307	-2
11983	4	39308	2
11984	4	39309	-5
11985	4	39310	4
11986	4	39311	4
11987	4	39312	-7
11988	4	39313	-4
11989	4	39314	2
11990	4	39315	3
11991	4	39316	0
11992	4	39317	4
11993	4	39318	2
11994	4	39319	-7
11995	4	39320	-2
11996	4	39321	-4
11997	4	39322	2
11998	4	39323	2
11999	4	39324	-5
12000	4	39325	3
12001	4	39326	4
12002	4	39327	0
12003	4	39328	-5
12004	4	39329	-4
12005	4	39330	2
12006	4	39331	4
12007	4	39332	2
12008	4	39333	-2
12009	4	39334	4
12010	4	39335	3
12011	4	39336	2
12012	4	39337	-7
12013	4	39338	0
12014	4	39339	2
12015	4	39340	4
12016	4	39341	2
12017	4	39342	2
12018	4	39343	-5
12019	4	39344	-7
12020	4	39345	3
12021	4	39346	-2
12022	4	39347	4
12023	4	39348	-4
12024	4	39349	0
12025	4	39350	2
12026	4	39351	-7
12027	4	39352	4
12028	4	39353	2
12029	4	39354	2
12030	4	39355	3
12031	4	39356	-4
12032	4	39357	4
12033	4	39358	-5
12034	4	39359	-2
12035	4	39360	4
12036	4	39361	4
12037	4	39362	4
12038	4	39363	4
12039	4	39364	4
12040	4	39365	-2
12041	4	39366	2
12042	4	39367	-2
12043	4	39368	1
12044	4	39369	1
12045	4	39370	-4
12046	4	39371	-7
12047	4	39372	6
12048	4	39373	6
12049	4	39374	-6
12050	4	39375	1
12051	4	39376	-2
12052	4	39377	-7
12053	4	39378	2
12054	4	39379	6
12055	4	39380	-2
12056	4	39381	6
12057	4	39382	1
12058	4	39383	-6
12059	4	39384	1
12060	4	39385	1
12061	4	39386	-4
12062	4	39387	-2
12063	4	39388	1
12064	4	39389	6
12065	4	39390	2
12066	4	39391	-4
12067	4	39392	-6
12068	4	39393	-2
12069	4	39394	-7
12070	4	39395	1
12071	4	39396	1
12072	4	39397	6
12073	4	39398	-2
12074	4	39399	1
12075	4	39400	-7
12076	4	39401	-6
12077	4	39402	2
12078	4	39403	1
12079	4	39404	6
12080	4	39405	1
12081	4	39406	-2
12082	4	39407	-4
12083	4	39408	6
12084	4	39409	-2
12085	4	39410	-6
12086	4	39411	6
12087	4	39412	-4
12088	4	39413	1
12089	4	39414	2
12090	4	39415	1
12091	4	39416	6
12092	4	39417	-7
12093	4	39418	1
12094	4	39419	-2
12095	4	39420	3
12096	4	39421	3
12097	4	39422	3
12098	4	39423	3
12099	4	39424	3
12100	2	39426	-2
12101	4	39427	-2
12102	4	39428	3
12103	4	39429	3
12104	4	39430	-2
12105	4	39431	-2
12106	4	39432	0
12107	4	39433	0
12108	4	39434	-2
12109	2	39435	-3
12110	2	39438	-2
12111	4	39439	0
12112	4	39440	-2
12113	4	39441	0
12114	4	39442	3
12115	4	39443	-2
12116	4	39444	3
12117	2	39445	-3
12118	2	39450	-2
12119	4	39451	-2
12120	4	39452	-2
12121	4	39453	-2
12122	4	39454	-2
12123	2	39455	-3
12124	2	39462	-2
12125	4	39463	3
12126	4	39464	0
12127	2	39465	-3
12128	2	39474	-2
12129	2	39475	-3
12130	4	39600	5
12131	4	39601	5
12132	4	39602	5
12133	4	39603	5
12134	4	39604	5
12135	2	39606	-19
12136	4	39607	4
12137	4	39608	-1
12138	4	39609	-1
12139	4	39610	1
12140	4	39611	4
12141	4	39612	1
12142	4	39613	1
12143	4	39614	1
12144	2	39615	-2
12145	2	39618	-19
12146	4	39619	1
12147	4	39620	4
12148	4	39621	1
12149	4	39622	-1
12150	4	39623	1
12151	4	39624	-1
12152	2	39625	-2
12153	2	39630	-19
12154	4	39631	1
12155	4	39632	1
12156	4	39633	4
12157	4	39634	4
12158	2	39635	-2
12159	2	39642	-19
12160	4	39643	-1
12161	4	39644	1
12162	2	39645	-2
12163	2	39654	-19
12164	2	39655	-2
12165	4	39660	-2
12166	4	39661	-2
12167	4	39662	-2
12168	4	39663	-2
12169	4	39664	-2
12170	4	39665	1
12171	4	39666	3
12172	4	39667	0
12173	4	39668	-2
12174	4	39669	3
12175	4	39670	-3
12176	4	39671	1
12177	4	39672	-3
12178	4	39673	-1
12179	4	39674	5
12180	4	39675	-3
12181	4	39676	1
12182	4	39677	1
12183	4	39678	3
12184	4	39679	-3
12185	4	39680	0
12186	4	39681	-1
12187	4	39682	-2
12188	4	39683	5
12189	4	39684	3
12190	4	39685	-3
12191	4	39686	-3
12192	4	39687	1
12193	4	39688	3
12194	4	39689	-1
12195	4	39690	3
12196	4	39691	-3
12197	4	39692	5
12198	4	39693	0
12199	4	39694	1
12200	4	39695	-3
12201	4	39696	-2
12202	4	39697	-3
12203	4	39698	1
12204	4	39699	-2
12205	4	39700	1
12206	4	39701	5
12207	4	39702	3
12208	4	39703	3
12209	4	39704	-3
12210	4	39705	-3
12211	4	39706	0
12212	4	39707	-3
12213	4	39708	-1
12214	4	39709	1
12215	4	39710	5
12216	4	39711	-3
12217	4	39712	-3
12218	4	39713	-2
12219	4	39714	3
12220	4	39715	-3
12221	4	39716	-1
12222	4	39717	1
12223	4	39718	3
12224	4	39719	0
12225	4	39720	5
12226	4	39721	5
12227	4	39722	5
12228	4	39723	5
12229	4	39724	5
12230	4	39725	0
12231	4	39726	-6
12232	4	39727	-1
12233	4	39728	-1
12234	4	39729	0
12235	4	39730	-3
12236	4	39731	1
12237	4	39732	5
12238	4	39733	5
12239	4	39734	-4
12240	4	39735	0
12241	4	39736	0
12242	4	39737	1
12243	4	39738	-6
12244	4	39739	5
12245	4	39740	-1
12246	4	39741	5
12247	4	39742	-1
12248	4	39743	-4
12249	4	39744	0
12250	4	39745	0
12251	4	39746	-3
12252	4	39747	0
12253	4	39748	0
12254	4	39749	5
12255	4	39750	-6
12256	4	39751	-3
12257	4	39752	-4
12258	4	39753	-1
12259	4	39754	1
12260	4	39755	0
12261	4	39756	-1
12262	4	39757	5
12263	4	39758	0
12264	4	39759	-1
12265	4	39760	1
12266	4	39761	-4
12267	4	39762	-6
12268	4	39763	0
12269	4	39764	5
12270	4	39765	0
12271	4	39766	-1
12272	4	39767	-3
12273	4	39768	5
12274	4	39769	0
12275	4	39770	-4
12276	4	39771	5
12277	4	39772	-3
12278	4	39773	-1
12279	4	39774	-6
12280	4	39775	0
12281	4	39776	5
12282	4	39777	1
12283	4	39778	0
12284	4	39779	-1
12285	4	39780	-4
12286	4	39781	-4
12287	4	39782	-4
12288	4	39783	-4
12289	4	39784	-4
12290	2	39786	-1
12291	4	39787	5
12292	4	39788	-1
12293	4	39789	-1
12294	4	39790	5
12295	4	39791	5
12296	4	39792	-4
12297	4	39793	-4
12298	4	39794	5
12299	2	39795	1
12300	2	39798	-1
12301	4	39799	-4
12302	4	39800	5
12303	4	39801	-4
12304	4	39802	-1
12305	4	39803	5
12306	4	39804	-1
12307	2	39805	1
12308	2	39810	-1
12309	4	39811	5
12310	4	39812	5
12311	4	39813	5
12312	4	39814	5
12313	2	39815	1
12314	2	39822	-1
12315	4	39823	-1
12316	4	39824	-4
12317	2	39825	1
12318	2	39834	-1
12319	2	39835	1
12320	4	40080	-4
12321	4	40081	-4
12322	4	40082	-4
12323	4	40083	-4
12324	4	40084	-4
12325	2	40086	15
12326	4	40087	-1
12327	4	40088	-1
12328	4	40089	-1
12329	4	40090	0
12330	4	40091	-1
12331	4	40092	0
12332	4	40093	0
12333	4	40094	0
12334	2	40095	-2
12335	2	40098	15
12336	4	40099	0
12337	4	40100	-1
12338	4	40101	0
12339	4	40102	-1
12340	4	40103	0
12341	4	40104	-1
12342	2	40105	-2
12343	2	40110	15
12344	4	40111	0
12345	4	40112	0
12346	4	40113	-1
12347	4	40114	-1
12348	2	40115	-2
12349	2	40122	15
12350	4	40123	-1
12351	4	40124	0
12352	2	40125	-2
12353	2	40134	15
12354	2	40135	-2
12355	4	40140	1
12356	4	40141	1
12357	4	40142	1
12358	4	40143	1
12359	4	40144	1
12360	2	40146	4
12361	4	40147	-3
12362	4	40148	-2
12363	4	40149	-2
12364	4	40150	-3
12365	4	40151	-3
12366	4	40152	4
12367	4	40153	4
12368	4	40154	-3
12369	2	40155	2
12370	2	40158	4
12371	4	40159	4
12372	4	40160	-3
12373	4	40161	4
12374	4	40162	-2
12375	4	40163	-3
12376	4	40164	-2
12377	2	40165	2
12378	2	40170	4
12379	4	40171	-3
12380	4	40172	-3
12381	4	40173	-3
12382	4	40174	-3
12383	2	40175	2
12384	2	40182	4
12385	4	40183	-2
12386	4	40184	4
12387	2	40185	2
12388	2	40194	4
12389	2	40195	2
12390	4	40320	-3
12391	4	40321	-3
12392	4	40322	-3
12393	4	40323	-3
12394	4	40324	-3
12395	4	40325	5
12396	4	40326	5
12397	4	40327	1
12398	4	40328	-2
12399	4	40329	-2
12400	4	40330	2
12401	4	40331	-3
12402	4	40332	0
12403	4	40333	-7
12404	4	40334	1
12405	4	40335	3
12406	4	40336	5
12407	4	40337	-3
12408	4	40338	5
12409	4	40339	0
12410	4	40340	1
12411	4	40341	-7
12412	4	40342	-2
12413	4	40343	1
12414	4	40344	-2
12415	4	40345	3
12416	4	40346	2
12417	4	40347	5
12418	4	40348	-2
12419	4	40349	-7
12420	4	40350	5
12421	4	40351	2
12422	4	40352	1
12423	4	40353	1
12424	4	40354	-3
12425	4	40355	3
12426	4	40356	-2
12427	4	40357	0
12428	4	40358	5
12429	4	40359	-2
12430	4	40360	-3
12431	4	40361	1
12432	4	40362	5
12433	4	40363	-2
12434	4	40364	0
12435	4	40365	3
12436	4	40366	1
12437	4	40367	2
12438	4	40368	-7
12439	4	40369	5
12440	4	40370	1
12441	4	40371	0
12442	4	40372	2
12443	4	40373	-2
12444	4	40374	5
12445	4	40375	3
12446	4	40376	-7
12447	4	40377	-3
12448	4	40378	-2
12449	4	40379	1
12450	4	40380	1
12451	4	40381	1
12452	4	40382	1
12453	4	40383	1
12454	4	40384	1
12455	4	40385	-2
12456	4	40386	-3
12457	4	40387	3
12458	4	40388	-4
12459	4	40389	5
12460	4	40390	-1
12461	4	40391	4
12462	4	40392	-9
12463	4	40393	6
12464	4	40394	-4
12465	4	40395	3
12466	4	40396	-2
12467	4	40397	4
12468	4	40398	-3
12469	4	40399	-9
12470	4	40400	3
12471	4	40401	6
12472	4	40402	-4
12473	4	40403	-4
12474	4	40404	5
12475	4	40405	3
12476	4	40406	-1
12477	4	40407	-2
12478	4	40408	5
12479	4	40409	6
12480	4	40410	-3
12481	4	40411	-1
12482	4	40412	-4
12483	4	40413	3
12484	4	40414	4
12485	4	40415	3
12486	4	40416	-4
12487	4	40417	-9
12488	4	40418	-2
12489	4	40419	-4
12490	4	40420	4
12491	4	40421	-4
12492	4	40422	-3
12493	4	40423	5
12494	4	40424	-9
12495	4	40425	3
12496	4	40426	3
12497	4	40427	-1
12498	4	40428	6
12499	4	40429	-2
12500	4	40430	-4
12501	4	40431	-9
12502	4	40432	-1
12503	4	40433	-4
12504	4	40434	-3
12505	4	40435	3
12506	4	40436	6
12507	4	40437	4
12508	4	40438	5
12509	4	40439	3
12510	4	40440	2
12511	4	40441	2
12512	4	40442	2
12513	4	40443	2
12514	4	40444	2
12515	4	40445	-3
12516	4	40446	-3
12517	4	40447	-4
12518	4	40448	6
12519	4	40449	-3
12520	4	40450	-1
12521	4	40451	-1
12522	4	40452	9
12523	4	40453	1
12524	4	40454	2
12525	4	40455	-6
12526	4	40456	-3
12527	4	40457	-1
12528	4	40458	-3
12529	4	40459	9
12530	4	40460	-4
12531	4	40461	1
12532	4	40462	6
12533	4	40463	2
12534	4	40464	-3
12535	4	40465	-6
12536	4	40466	-1
12537	4	40467	-3
12538	4	40468	-3
12539	4	40469	1
12540	4	40470	-3
12541	4	40471	-1
12542	4	40472	2
12543	4	40473	-4
12544	4	40474	-1
12545	4	40475	-6
12546	4	40476	6
12547	4	40477	9
12548	4	40478	-3
12549	4	40479	6
12550	4	40480	-1
12551	4	40481	2
12552	4	40482	-3
12553	4	40483	-3
12554	4	40484	9
12555	4	40485	-6
12556	4	40486	-4
12557	4	40487	-1
12558	4	40488	1
12559	4	40489	-3
12560	4	40490	2
12561	4	40491	9
12562	4	40492	-1
12563	4	40493	6
12564	4	40494	-3
12565	4	40495	-6
12566	4	40496	1
12567	4	40497	-1
12568	4	40498	-3
12569	4	40499	-4
12570	4	40500	1
12571	4	40501	1
12572	4	40502	1
12573	4	40503	1
12574	4	40504	1
12575	4	40505	2
12576	4	40506	-1
12577	4	40507	-6
12578	4	40508	3
12579	4	40509	4
12580	4	40510	2
12581	4	40511	-1
12582	4	40512	-1
12583	4	40513	-4
12584	4	40514	-2
12585	4	40515	3
12586	4	40516	2
12587	4	40517	-1
12588	4	40518	-1
12589	4	40519	-1
12590	4	40520	-6
12591	4	40521	-4
12592	4	40522	3
12593	4	40523	-2
12594	4	40524	4
12595	4	40525	3
12596	4	40526	2
12597	4	40527	2
12598	4	40528	4
12599	4	40529	-4
12600	4	40530	-1
12601	4	40531	2
12602	4	40532	-2
12603	4	40533	-6
12604	4	40534	-1
12605	4	40535	3
12606	4	40536	3
12607	4	40537	-1
12608	4	40538	2
12609	4	40539	3
12610	4	40540	-1
12611	4	40541	-2
12612	4	40542	-1
12613	4	40543	4
12614	4	40544	-1
12615	4	40545	3
12616	4	40546	-6
12617	4	40547	2
12618	4	40548	-4
12619	4	40549	2
12620	4	40550	-2
12621	4	40551	-1
12622	4	40552	2
12623	4	40553	3
12624	4	40554	-1
12625	4	40555	3
12626	4	40556	-4
12627	4	40557	-1
12628	4	40558	4
12629	4	40559	-6
12630	4	40560	0
12631	4	40561	0
12632	4	40562	0
12633	4	40563	0
12634	4	40564	0
12635	4	40565	-5
12636	4	40566	3
12637	4	40567	2
12638	4	40568	4
12639	4	40569	-4
12640	4	40570	-3
12641	4	40571	-6
12642	4	40572	5
12643	4	40573	-1
12644	4	40574	7
12645	4	40575	-3
12646	4	40576	-5
12647	4	40577	-6
12648	4	40578	3
12649	4	40579	5
12650	4	40580	2
12651	4	40581	-1
12652	4	40582	4
12653	4	40583	7
12654	4	40584	-4
12655	4	40585	-3
12656	4	40586	-3
12657	4	40587	-5
12658	4	40588	-4
12659	4	40589	-1
12660	4	40590	3
12661	4	40591	-3
12662	4	40592	7
12663	4	40593	2
12664	4	40594	-6
12665	4	40595	-3
12666	4	40596	4
12667	4	40597	5
12668	4	40598	-5
12669	4	40599	4
12670	4	40600	-6
12671	4	40601	7
12672	4	40602	3
12673	4	40603	-4
12674	4	40604	5
12675	4	40605	-3
12676	4	40606	2
12677	4	40607	-3
12678	4	40608	-1
12679	4	40609	-5
12680	4	40610	7
12681	4	40611	5
12682	4	40612	-3
12683	4	40613	4
12684	4	40614	3
12685	4	40615	-3
12686	4	40616	-1
12687	4	40617	-6
12688	4	40618	-4
12689	4	40619	2
12690	4	40620	2
12691	4	40621	2
12692	4	40622	2
12693	4	40623	2
12694	4	40624	2
12695	4	40625	-4
12696	4	40626	3
12697	4	40627	-4
12698	4	40628	-2
12699	4	40629	0
12700	4	40630	3
12701	4	40631	4
12702	4	40632	1
12703	4	40633	3
12704	4	40634	-3
12705	4	40635	-4
12706	4	40636	-4
12707	4	40637	4
12708	4	40638	3
12709	4	40639	1
12710	4	40640	-4
12711	4	40641	3
12712	4	40642	-2
12713	4	40643	-3
12714	4	40644	0
12715	4	40645	-4
12716	4	40646	3
12717	4	40647	-4
12718	4	40648	0
12719	4	40649	3
12720	4	40650	3
12721	4	40651	3
12722	4	40652	-3
12723	4	40653	-4
12724	4	40654	4
12725	4	40655	-4
12726	4	40656	-2
12727	4	40657	1
12728	4	40658	-4
12729	4	40659	-2
12730	4	40660	4
12731	4	40661	-3
12732	4	40662	3
12733	4	40663	0
12734	4	40664	1
12735	4	40665	-4
12736	4	40666	-4
12737	4	40667	3
12738	4	40668	3
12739	4	40669	-4
12740	4	40670	-3
12741	4	40671	1
12742	4	40672	3
12743	4	40673	-2
12744	4	40674	3
12745	4	40675	-4
12746	4	40676	3
12747	4	40677	4
12748	4	40678	0
12749	4	40679	-4
12750	4	40680	0
12751	4	40681	0
12752	4	40682	0
12753	4	40683	0
12754	4	40684	0
12755	4	40685	2
12756	4	40686	-1
12757	4	40687	-2
12758	4	40688	-4
12759	4	40689	2
12760	4	40690	10
12761	4	40691	0
12762	4	40692	-3
12763	4	40693	-4
12764	4	40694	0
12765	4	40695	-1
12766	4	40696	2
12767	4	40697	0
12768	4	40698	-1
12769	4	40699	-3
12770	4	40700	-2
12771	4	40701	-4
12772	4	40702	-4
12773	4	40703	0
12774	4	40704	2
12775	4	40705	-1
12776	4	40706	10
12777	4	40707	2
12778	4	40708	2
12779	4	40709	-4
12780	4	40710	-1
12781	4	40711	10
12782	4	40712	0
12783	4	40713	-2
12784	4	40714	0
12785	4	40715	-1
12786	4	40716	-4
12787	4	40717	-3
12788	4	40718	2
12789	4	40719	-4
12790	4	40720	0
12791	4	40721	0
12792	4	40722	-1
12793	4	40723	2
12794	4	40724	-3
12795	4	40725	-1
12796	4	40726	-2
12797	4	40727	10
12798	4	40728	-4
12799	4	40729	2
12800	4	40730	0
12801	4	40731	-3
12802	4	40732	10
12803	4	40733	-4
12804	4	40734	-1
12805	4	40735	-1
12806	4	40736	-4
12807	4	40737	0
12808	4	40738	2
12809	4	40739	-2
12810	4	40740	3
12811	4	40741	3
12812	4	40742	3
12813	4	40743	3
12814	4	40744	3
12815	4	40745	-4
12816	4	40746	-3
12817	4	40747	2
12818	4	40748	6
12819	4	40749	-5
12820	4	40750	5
12821	4	40751	-6
12822	4	40752	2
12823	4	40753	1
12824	4	40754	2
12825	4	40755	-3
12826	4	40756	-4
12827	4	40757	-6
12828	4	40758	-3
12829	4	40759	2
12830	4	40760	2
12831	4	40761	1
12832	4	40762	6
12833	4	40763	2
12834	4	40764	-5
12835	4	40765	-3
12836	4	40766	5
12837	4	40767	-4
12838	4	40768	-5
12839	4	40769	1
12840	4	40770	-3
12841	4	40771	5
12842	4	40772	2
12843	4	40773	2
12844	4	40774	-6
12845	4	40775	-3
12846	4	40776	6
12847	4	40777	2
12848	4	40778	-4
12849	4	40779	6
12850	4	40780	-6
12851	4	40781	2
12852	4	40782	-3
12853	4	40783	-5
12854	4	40784	2
12855	4	40785	-3
12856	4	40786	2
12857	4	40787	5
12858	4	40788	1
12859	4	40789	-4
12860	4	40790	2
12861	4	40791	2
12862	4	40792	5
12863	4	40793	6
12864	4	40794	-3
12865	4	40795	-3
12866	4	40796	1
12867	4	40797	-6
12868	4	40798	-5
12869	4	40799	2
12870	4	40800	6
12871	4	40801	6
12872	4	40802	6
12873	4	40803	6
12874	4	40804	6
12875	4	40805	-2
12876	4	40806	0
12877	4	40807	-1
12878	4	40808	7
12879	4	40809	-7
12880	4	40810	-5
12881	4	40811	-4
12882	4	40812	4
12883	4	40813	2
12884	4	40814	8
12885	4	40815	-8
12886	4	40816	-2
12887	4	40817	-4
12888	4	40818	0
12889	4	40819	4
12890	4	40820	-1
12891	4	40821	2
12892	4	40822	7
12893	4	40823	8
12894	4	40824	-7
12895	4	40825	-8
12896	4	40826	-5
12897	4	40827	-2
12898	4	40828	-7
12899	4	40829	2
12900	4	40830	0
12901	4	40831	-5
12902	4	40832	8
12903	4	40833	-1
12904	4	40834	-4
12905	4	40835	-8
12906	4	40836	7
12907	4	40837	4
12908	4	40838	-2
12909	4	40839	7
12910	4	40840	-4
12911	4	40841	8
12912	4	40842	0
12913	4	40843	-7
12914	4	40844	4
12915	4	40845	-8
12916	4	40846	-1
12917	4	40847	-5
12918	4	40848	2
12919	4	40849	-2
12920	4	40850	8
12921	4	40851	4
12922	4	40852	-5
12923	4	40853	7
12924	4	40854	0
12925	4	40855	-8
12926	4	40856	2
12927	4	40857	-4
12928	4	40858	-7
12929	4	40859	-1
12930	4	40860	-6
12931	4	40861	-6
12932	4	40862	-6
12933	4	40863	-6
12934	4	40864	-6
12935	4	40865	-3
12936	4	40866	1
12937	4	40867	-3
12938	4	40868	-1
12939	4	40869	4
12940	4	40870	-3
12941	4	40871	6
12942	4	40872	9
12943	4	40873	-3
12944	4	40874	-5
12945	4	40875	3
12946	4	40876	-3
12947	4	40877	6
12948	4	40878	1
12949	4	40879	9
12950	4	40880	-3
12951	4	40881	-3
12952	4	40882	-1
12953	4	40883	-5
12954	4	40884	4
12955	4	40885	3
12956	4	40886	-3
12957	4	40887	-3
12958	4	40888	4
12959	4	40889	-3
12960	4	40890	1
12961	4	40891	-3
12962	4	40892	-5
12963	4	40893	-3
12964	4	40894	6
12965	4	40895	3
12966	4	40896	-1
12967	4	40897	9
12968	4	40898	-3
12969	4	40899	-1
12970	4	40900	6
12971	4	40901	-5
12972	4	40902	1
12973	4	40903	4
12974	4	40904	9
12975	4	40905	3
12976	4	40906	-3
12977	4	40907	-3
12978	4	40908	-3
12979	4	40909	-3
12980	4	40910	-5
12981	4	40911	9
12982	4	40912	-3
12983	4	40913	-1
12984	4	40914	1
12985	4	40915	3
12986	4	40916	-3
12987	4	40917	6
12988	4	40918	4
12989	4	40919	-3
12990	4	40920	2
12991	4	40921	2
12992	4	40922	2
12993	4	40923	2
12994	4	40924	2
12995	4	40925	0
12996	4	40926	1
12997	4	40927	5
12998	4	40928	-3
12999	4	40929	-2
13000	4	40930	0
13001	4	40931	5
13002	4	40932	-8
13003	4	40933	5
13004	4	40934	3
13005	4	40935	-8
13006	4	40936	0
13007	4	40937	5
13008	4	40938	1
13009	4	40939	-8
13010	4	40940	5
13011	4	40941	5
13012	4	40942	-3
13013	4	40943	3
13014	4	40944	-2
13015	4	40945	-8
13016	4	40946	0
13017	4	40947	0
13018	4	40948	-2
13019	4	40949	5
13020	4	40950	1
13021	4	40951	0
13022	4	40952	3
13023	4	40953	5
13024	4	40954	5
13025	4	40955	-8
13026	4	40956	-3
13027	4	40957	-8
13028	4	40958	0
13029	4	40959	-3
13030	4	40960	5
13031	4	40961	3
13032	4	40962	1
13033	4	40963	-2
13034	4	40964	-8
13035	4	40965	-8
13036	4	40966	5
13037	4	40967	0
13038	4	40968	5
13039	4	40969	0
13040	4	40970	3
13041	4	40971	-8
13042	4	40972	0
13043	4	40973	-3
13044	4	40974	1
13045	4	40975	-8
13046	4	40976	5
13047	4	40977	5
13048	4	40978	-2
13049	4	40979	5
13050	4	40980	-3
13051	4	40981	-3
13052	4	40982	-3
13053	4	40983	-3
13054	4	40984	-3
13055	4	40985	-4
13056	4	40986	-1
13057	4	40987	-2
13058	4	40988	-1
13059	4	40989	8
13060	4	40990	-1
13061	4	40991	6
13062	4	40992	0
13063	4	40993	3
13064	4	40994	-8
13065	4	40995	4
13066	4	40996	-4
13067	4	40997	6
13068	4	40998	-1
13069	4	40999	0
13070	4	41000	-2
13071	4	41001	3
13072	4	41002	-1
13073	4	41003	-8
13074	4	41004	8
13075	4	41005	4
13076	4	41006	-1
13077	4	41007	-4
13078	4	41008	8
13079	4	41009	3
13080	4	41010	-1
13081	4	41011	-1
13082	4	41012	-8
13083	4	41013	-2
13084	4	41014	6
13085	4	41015	4
13086	4	41016	-1
13087	4	41017	0
13088	4	41018	-4
13089	4	41019	-1
13090	4	41020	6
13091	4	41021	-8
13092	4	41022	-1
13093	4	41023	8
13094	4	41024	0
13095	4	41025	4
13096	4	41026	-2
13097	4	41027	-1
13098	4	41028	3
13099	4	41029	-4
13100	4	41030	-8
13101	4	41031	0
13102	4	41032	-1
13103	4	41033	-1
13104	4	41034	-1
13105	4	41035	4
13106	4	41036	3
13107	4	41037	6
13108	4	41038	8
13109	4	41039	-2
13110	4	41040	-3
13111	4	41041	-3
13112	4	41042	-3
13113	4	41043	-3
13114	4	41044	-3
13115	4	41045	2
13116	4	41046	-1
13117	4	41047	8
13118	4	41048	1
13119	4	41049	-3
13120	4	41050	-1
13121	4	41051	1
13122	4	41052	0
13123	4	41053	-4
13124	4	41054	4
13125	4	41055	-3
13126	4	41056	2
13127	4	41057	1
13128	4	41058	-1
13129	4	41059	0
13130	4	41060	8
13131	4	41061	-4
13132	4	41062	1
13133	4	41063	4
13134	4	41064	-3
13135	4	41065	-3
13136	4	41066	-1
13137	4	41067	2
13138	4	41068	-3
13139	4	41069	-4
13140	4	41070	-1
13141	4	41071	-1
13142	4	41072	4
13143	4	41073	8
13144	4	41074	1
13145	4	41075	-3
13146	4	41076	1
13147	4	41077	0
13148	4	41078	2
13149	4	41079	1
13150	4	41080	1
13151	4	41081	4
13152	4	41082	-1
13153	4	41083	-3
13154	4	41084	0
13155	4	41085	-3
13156	4	41086	8
13157	4	41087	-1
13158	4	41088	-4
13159	4	41089	2
13160	4	41090	4
13161	4	41091	0
13162	4	41092	-1
13163	4	41093	1
13164	4	41094	-1
13165	4	41095	-3
13166	4	41096	-4
13167	4	41097	1
13168	4	41098	-3
13169	4	41099	8
13170	4	41100	2
13171	4	41101	2
13172	4	41102	2
13173	4	41103	2
13174	4	41104	2
13175	4	41105	1
13176	4	41106	-2
13177	4	41107	-3
13178	4	41108	-4
13179	4	41109	5
13180	4	41110	2
13181	4	41111	1
13182	4	41112	-7
13183	4	41113	5
13184	4	41114	-4
13185	4	41115	6
13186	4	41116	1
13187	4	41117	1
13188	4	41118	-2
13189	4	41119	-7
13190	4	41120	-3
13191	4	41121	5
13192	4	41122	-4
13193	4	41123	-4
13194	4	41124	5
13195	4	41125	6
13196	4	41126	2
13197	4	41127	1
13198	4	41128	5
13199	4	41129	5
13200	4	41130	-2
13201	4	41131	2
13202	4	41132	-4
13203	4	41133	-3
13204	4	41134	1
13205	4	41135	6
13206	4	41136	-4
13207	4	41137	-7
13208	4	41138	1
13209	4	41139	-4
13210	4	41140	1
13211	4	41141	-4
13212	4	41142	-2
13213	4	41143	5
13214	4	41144	-7
13215	4	41145	6
13216	4	41146	-3
13217	4	41147	2
13218	4	41148	5
13219	4	41149	1
13220	4	41150	-4
13221	4	41151	-7
13222	4	41152	2
13223	4	41153	-4
13224	4	41154	-2
13225	4	41155	6
13226	4	41156	5
13227	4	41157	1
13228	4	41158	5
13229	4	41159	-3
13230	4	41160	0
13231	4	41161	0
13232	4	41162	0
13233	4	41163	0
13234	4	41164	0
13235	4	41165	3
13236	4	41166	-1
13237	4	41167	-1
13238	4	41168	4
13239	4	41169	5
13240	4	41170	0
13241	4	41171	0
13242	4	41172	1
13243	4	41173	-2
13244	4	41174	-2
13245	4	41175	-5
13246	4	41176	3
13247	4	41177	0
13248	4	41178	-1
13249	4	41179	1
13250	4	41180	-1
13251	4	41181	-2
13252	4	41182	4
13253	4	41183	-2
13254	4	41184	5
13255	4	41185	-5
13256	4	41186	0
13257	4	41187	3
13258	4	41188	5
13259	4	41189	-2
13260	4	41190	-1
13261	4	41191	0
13262	4	41192	-2
13263	4	41193	-1
13264	4	41194	0
13265	4	41195	-5
13266	4	41196	4
13267	4	41197	1
13268	4	41198	3
13269	4	41199	4
13270	4	41200	0
13271	4	41201	-2
13272	4	41202	-1
13273	4	41203	5
13274	4	41204	1
13275	4	41205	-5
13276	4	41206	-1
13277	4	41207	0
13278	4	41208	-2
13279	4	41209	3
13280	4	41210	-2
13281	4	41211	1
13282	4	41212	0
13283	4	41213	4
13284	4	41214	-1
13285	4	41215	-5
13286	4	41216	-2
13287	4	41217	0
13288	4	41218	5
13289	4	41219	-1
13290	4	41220	5
13291	4	41221	5
13292	4	41222	5
13293	4	41223	5
13294	4	41224	5
13295	4	41225	-3
13296	4	41226	-3
13297	4	41227	5
13298	4	41228	-1
13299	4	41229	-5
13300	4	41230	8
13301	4	41231	-3
13302	4	41232	-7
13303	4	41233	3
13304	4	41234	3
13305	4	41235	-1
13306	4	41236	-3
13307	4	41237	-3
13308	4	41238	-3
13309	4	41239	-7
13310	4	41240	5
13311	4	41241	3
13312	4	41242	-1
13313	4	41243	3
13314	4	41244	-5
13315	4	41245	-1
13316	4	41246	8
13317	4	41247	-3
13318	4	41248	-5
13319	4	41249	3
13320	4	41250	-3
13321	4	41251	8
13322	4	41252	3
13323	4	41253	5
13324	4	41254	-3
13325	4	41255	-1
13326	4	41256	-1
13327	4	41257	-7
13328	4	41258	-3
13329	4	41259	-1
13330	4	41260	-3
13331	4	41261	3
13332	4	41262	-3
13333	4	41263	-5
13334	4	41264	-7
13335	4	41265	-1
13336	4	41266	5
13337	4	41267	8
13338	4	41268	3
13339	4	41269	-3
13340	4	41270	3
13341	4	41271	-7
13342	4	41272	8
13343	4	41273	-1
13344	4	41274	-3
13345	4	41275	-1
13346	4	41276	3
13347	4	41277	-3
13348	4	41278	-5
13349	4	41279	5
13350	4	41280	1
13351	4	41281	1
13352	4	41282	1
13353	4	41283	1
13354	4	41284	1
13355	4	41285	2
13356	4	41286	-1
13357	4	41287	0
13358	4	41288	5
13359	4	41289	1
13360	4	41290	-10
13361	4	41291	-5
13362	4	41292	5
13363	4	41293	0
13364	4	41294	0
13365	4	41295	1
13366	4	41296	2
13367	4	41297	-5
13368	4	41298	-1
13369	4	41299	5
13370	4	41300	0
13371	4	41301	0
13372	4	41302	5
13373	4	41303	0
13374	4	41304	1
13375	4	41305	1
13376	4	41306	-10
13377	4	41307	2
13378	4	41308	1
13379	4	41309	0
13380	4	41310	-1
13381	4	41311	-10
13382	4	41312	0
13383	4	41313	0
13384	4	41314	-5
13385	4	41315	1
13386	4	41316	5
13387	4	41317	5
13388	4	41318	2
13389	4	41319	5
13390	4	41320	-5
13391	4	41321	0
13392	4	41322	-1
13393	4	41323	1
13394	4	41324	5
13395	4	41325	1
13396	4	41326	0
13397	4	41327	-10
13398	4	41328	0
13399	4	41329	2
13400	4	41330	0
13401	4	41331	5
13402	4	41332	-10
13403	4	41333	5
13404	4	41334	-1
13405	4	41335	1
13406	4	41336	0
13407	4	41337	-5
13408	4	41338	1
13409	4	41339	0
13410	4	41340	-3
13411	4	41341	-3
13412	4	41342	-3
13413	4	41343	-3
13414	4	41344	-3
13415	4	41345	-2
13416	4	41346	0
13417	4	41347	1
13418	4	41348	-1
13419	4	41349	-2
13420	4	41350	-3
13421	4	41351	-4
13422	4	41352	8
13423	4	41353	-1
13424	4	41354	-1
13425	4	41355	5
13426	4	41356	-2
13427	4	41357	-4
13428	4	41358	0
13429	4	41359	8
13430	4	41360	1
13431	4	41361	-1
13432	4	41362	-1
13433	4	41363	-1
13434	4	41364	-2
13435	4	41365	5
13436	4	41366	-3
13437	4	41367	-2
13438	4	41368	-2
13439	4	41369	-1
13440	4	41370	0
13441	4	41371	-3
13442	4	41372	-1
13443	4	41373	1
13444	4	41374	-4
13445	4	41375	5
13446	4	41376	-1
13447	4	41377	8
13448	4	41378	-2
13449	4	41379	-1
13450	4	41380	-4
13451	4	41381	-1
13452	4	41382	0
13453	4	41383	-2
13454	4	41384	8
13455	4	41385	5
13456	4	41386	1
13457	4	41387	-3
13458	4	41388	-1
13459	4	41389	-2
13460	4	41390	-1
13461	4	41391	8
13462	4	41392	-3
13463	4	41393	-1
13464	4	41394	0
13465	4	41395	5
13466	4	41396	-1
13467	4	41397	-4
13468	4	41398	-2
13469	4	41399	1
13470	4	41400	-8
13471	4	41401	-8
13472	4	41402	-8
13473	4	41403	-8
13474	4	41404	-8
13475	4	41405	1
13476	4	41406	2
13477	4	41407	4
13478	4	41408	-3
13479	4	41409	2
13480	4	41410	3
13481	4	41411	3
13482	4	41412	3
13483	4	41413	-7
13484	4	41414	-3
13485	4	41415	3
13486	4	41416	1
13487	4	41417	3
13488	4	41418	2
13489	4	41419	3
13490	4	41420	4
13491	4	41421	-7
13492	4	41422	-3
13493	4	41423	-3
13494	4	41424	2
13495	4	41425	3
13496	4	41426	3
13497	4	41427	1
13498	4	41428	2
13499	4	41429	-7
13500	4	41430	2
13501	4	41431	3
13502	4	41432	-3
13503	4	41433	4
13504	4	41434	3
13505	4	41435	3
13506	4	41436	-3
13507	4	41437	3
13508	4	41438	1
13509	4	41439	-3
13510	4	41440	3
13511	4	41441	-3
13512	4	41442	2
13513	4	41443	2
13514	4	41444	3
13515	4	41445	3
13516	4	41446	4
13517	4	41447	3
13518	4	41448	-7
13519	4	41449	1
13520	4	41450	-3
13521	4	41451	3
13522	4	41452	3
13523	4	41453	-3
13524	4	41454	2
13525	4	41455	3
13526	4	41456	-7
13527	4	41457	3
13528	4	41458	2
13529	4	41459	4
13530	4	41460	-1
13531	4	41461	-1
13532	4	41462	-1
13533	4	41463	-1
13534	4	41464	-1
13535	4	41465	-4
13536	4	41466	2
13537	4	41467	2
13538	4	41468	-2
13539	4	41469	-3
13540	4	41470	-1
13541	4	41471	5
13542	4	41472	-2
13543	4	41473	3
13544	4	41474	0
13545	4	41475	0
13546	4	41476	-4
13547	4	41477	5
13548	4	41478	2
13549	4	41479	-2
13550	4	41480	2
13551	4	41481	3
13552	4	41482	-2
13553	4	41483	0
13554	4	41484	-3
13555	4	41485	0
13556	4	41486	-1
13557	4	41487	-4
13558	4	41488	-3
13559	4	41489	3
13560	4	41490	2
13561	4	41491	-1
13562	4	41492	0
13563	4	41493	2
13564	4	41494	5
13565	4	41495	0
13566	4	41496	-2
13567	4	41497	-2
13568	4	41498	-4
13569	4	41499	-2
13570	4	41500	5
13571	4	41501	0
13572	4	41502	2
13573	4	41503	-3
13574	4	41504	-2
13575	4	41505	0
13576	4	41506	2
13577	4	41507	-1
13578	4	41508	3
13579	4	41509	-4
13580	4	41510	0
13581	4	41511	-2
13582	4	41512	-1
13583	4	41513	-2
13584	4	41514	2
13585	4	41515	0
13586	4	41516	3
13587	4	41517	5
13588	4	41518	-3
13589	4	41519	2
13590	4	41520	3
13591	4	41521	3
13592	4	41522	3
13593	4	41523	3
13594	4	41524	3
13595	4	41525	3
13596	4	41526	-2
13597	4	41527	-10
13598	4	41528	-5
13599	4	41529	7
13600	4	41530	5
13601	4	41531	6
13602	4	41532	-5
13603	4	41533	4
13604	4	41534	-11
13605	4	41535	5
13606	4	41536	3
13607	4	41537	6
13608	4	41538	-2
13609	4	41539	-5
13610	4	41540	-10
13611	4	41541	4
13612	4	41542	-5
13613	4	41543	-11
13614	4	41544	7
13615	4	41545	5
13616	4	41546	5
13617	4	41547	3
13618	4	41548	7
13619	4	41549	4
13620	4	41550	-2
13621	4	41551	5
13622	4	41552	-11
13623	4	41553	-10
13624	4	41554	6
13625	4	41555	5
13626	4	41556	-5
13627	4	41557	-5
13628	4	41558	3
13629	4	41559	-5
13630	4	41560	6
13631	4	41561	-11
13632	4	41562	-2
13633	4	41563	7
13634	4	41564	-5
13635	4	41565	5
13636	4	41566	-10
13637	4	41567	5
13638	4	41568	4
13639	4	41569	3
13640	4	41570	-11
13641	4	41571	-5
13642	4	41572	5
13643	4	41573	-5
13644	4	41574	-2
13645	4	41575	5
13646	4	41576	4
13647	4	41577	6
13648	4	41578	7
13649	4	41579	-10
13650	4	41580	1
13651	4	41581	1
13652	4	41582	1
13653	4	41583	1
13654	4	41584	1
13655	4	41585	6
13656	4	41586	2
13657	4	41587	-2
13658	4	41588	2
13659	4	41589	1
13660	4	41590	-4
13661	4	41591	-3
13662	4	41592	-2
13663	4	41593	0
13664	4	41594	1
13665	4	41595	-1
13666	4	41596	6
13667	4	41597	-3
13668	4	41598	2
13669	4	41599	-2
13670	4	41600	-2
13671	4	41601	0
13672	4	41602	2
13673	4	41603	1
13674	4	41604	1
13675	4	41605	-1
13676	4	41606	-4
13677	4	41607	6
13678	4	41608	1
13679	4	41609	0
13680	4	41610	2
13681	4	41611	-4
13682	4	41612	1
13683	4	41613	-2
13684	4	41614	-3
13685	4	41615	-1
13686	4	41616	2
13687	4	41617	-2
13688	4	41618	6
13689	4	41619	2
13690	4	41620	-3
13691	4	41621	1
13692	4	41622	2
13693	4	41623	1
13694	4	41624	-2
13695	4	41625	-1
13696	4	41626	-2
13697	4	41627	-4
13698	4	41628	0
13699	4	41629	6
13700	4	41630	1
13701	4	41631	-2
13702	4	41632	-4
13703	4	41633	2
13704	4	41634	2
13705	4	41635	-1
13706	4	41636	0
13707	4	41637	-3
13708	4	41638	1
13709	4	41639	-2
13710	4	41640	0
13711	4	41641	0
13712	4	41642	0
13713	4	41643	0
13714	4	41644	0
13715	4	41645	8
13716	4	41646	4
13717	4	41647	0
13718	4	41648	-4
13719	4	41649	-3
13720	4	41650	-3
13721	4	41651	0
13722	4	41652	-3
13723	4	41653	-4
13724	4	41654	6
13725	4	41655	-1
13726	4	41656	8
13727	4	41657	0
13728	4	41658	4
13729	4	41659	-3
13730	4	41660	0
13731	4	41661	-4
13732	4	41662	-4
13733	4	41663	6
13734	4	41664	-3
13735	4	41665	-1
13736	4	41666	-3
13737	4	41667	8
13738	4	41668	-3
13739	4	41669	-4
13740	4	41670	4
13741	4	41671	-3
13742	4	41672	6
13743	4	41673	0
13744	4	41674	0
13745	4	41675	-1
13746	4	41676	-4
13747	4	41677	-3
13748	4	41678	8
13749	4	41679	-4
13750	4	41680	0
13751	4	41681	6
13752	4	41682	4
13753	4	41683	-3
13754	4	41684	-3
13755	4	41685	-1
13756	4	41686	0
13757	4	41687	-3
13758	4	41688	-4
13759	4	41689	8
13760	4	41690	6
13761	4	41691	-3
13762	4	41692	-3
13763	4	41693	-4
13764	4	41694	4
13765	4	41695	-1
13766	4	41696	-4
13767	4	41697	0
13768	4	41698	-3
13769	4	41699	0
13770	4	41700	-2
13771	4	41701	-2
13772	4	41702	-2
13773	4	41703	-2
13774	4	41704	-2
13775	4	41705	1
13776	4	41706	-2
13777	4	41707	5
13778	4	41708	-2
13779	4	41709	-5
13780	4	41710	-3
13781	4	41711	-3
13782	4	41712	-2
13783	4	41713	-1
13784	4	41714	5
13785	4	41715	9
13786	4	41716	1
13787	4	41717	-3
13788	4	41718	-2
13789	4	41719	-2
13790	4	41720	5
13791	4	41721	-1
13792	4	41722	-2
13793	4	41723	5
13794	4	41724	-5
13795	4	41725	9
13796	4	41726	-3
13797	4	41727	1
13798	4	41728	-5
13799	4	41729	-1
13800	4	41730	-2
13801	4	41731	-3
13802	4	41732	5
13803	4	41733	5
13804	4	41734	-3
13805	4	41735	9
13806	4	41736	-2
13807	4	41737	-2
13808	4	41738	1
13809	4	41739	-2
13810	4	41740	-3
13811	4	41741	5
13812	4	41742	-2
13813	4	41743	-5
13814	4	41744	-2
13815	4	41745	9
13816	4	41746	5
13817	4	41747	-3
13818	4	41748	-1
13819	4	41749	1
13820	4	41750	5
13821	4	41751	-2
13822	4	41752	-3
13823	4	41753	-2
13824	4	41754	-2
13825	4	41755	9
13826	4	41756	-1
13827	4	41757	-3
13828	4	41758	-5
13829	4	41759	5
13830	4	41760	-2
13831	4	41761	-2
13832	4	41762	-2
13833	4	41763	-2
13834	4	41764	-2
13835	4	41765	-1
13836	4	41766	1
13837	4	41767	1
13838	4	41768	-4
13839	4	41769	-3
13840	4	41770	2
13841	4	41771	6
13842	4	41772	4
13843	4	41773	1
13844	4	41774	-2
13845	4	41775	-3
13846	4	41776	-1
13847	4	41777	6
13848	4	41778	1
13849	4	41779	4
13850	4	41780	1
13851	4	41781	1
13852	4	41782	-4
13853	4	41783	-2
13854	4	41784	-3
13855	4	41785	-3
13856	4	41786	2
13857	4	41787	-1
13858	4	41788	-3
13859	4	41789	1
13860	4	41790	1
13861	4	41791	2
13862	4	41792	-2
13863	4	41793	1
13864	4	41794	6
13865	4	41795	-3
13866	4	41796	-4
13867	4	41797	4
13868	4	41798	-1
13869	4	41799	-4
13870	4	41800	6
13871	4	41801	-2
13872	4	41802	1
13873	4	41803	-3
13874	4	41804	4
13875	4	41805	-3
13876	4	41806	1
13877	4	41807	2
13878	4	41808	1
13879	4	41809	-1
13880	4	41810	-2
13881	4	41811	4
13882	4	41812	2
13883	4	41813	-4
13884	4	41814	1
13885	4	41815	-3
13886	4	41816	1
13887	4	41817	6
13888	4	41818	-3
13889	4	41819	1
13890	4	41820	0
13891	4	41821	0
13892	4	41822	0
13893	4	41823	0
13894	4	41824	0
13895	4	41825	-2
13896	4	41826	-1
13897	4	41827	-5
13898	4	41828	2
13899	4	41829	3
13900	4	41830	-3
13901	4	41831	-5
13902	4	41832	-5
13903	4	41833	8
13904	4	41834	0
13905	4	41835	8
13906	4	41836	-2
13907	4	41837	-5
13908	4	41838	-1
13909	4	41839	-5
13910	4	41840	-5
13911	4	41841	8
13912	4	41842	2
13913	4	41843	0
13914	4	41844	3
13915	4	41845	8
13916	4	41846	-3
13917	4	41847	-2
13918	4	41848	3
13919	4	41849	8
13920	4	41850	-1
13921	4	41851	-3
13922	4	41852	0
13923	4	41853	-5
13924	4	41854	-5
13925	4	41855	8
13926	4	41856	2
13927	4	41857	-5
13928	4	41858	-2
13929	4	41859	2
13930	4	41860	-5
13931	4	41861	0
13932	4	41862	-1
13933	4	41863	3
13934	4	41864	-5
13935	4	41865	8
13936	4	41866	-5
13937	4	41867	-3
13938	4	41868	8
13939	4	41869	-2
13940	4	41870	0
13941	4	41871	-5
13942	4	41872	-3
13943	4	41873	2
13944	4	41874	-1
13945	4	41875	8
13946	4	41876	8
13947	4	41877	-5
13948	4	41878	3
13949	4	41879	-5
13950	4	41880	2
13951	4	41881	2
13952	4	41882	2
13953	4	41883	2
13954	4	41884	2
13955	4	41885	3
13956	4	41886	0
13957	4	41887	4
13958	4	41888	2
13959	4	41889	1
13960	4	41890	1
13961	4	41891	-1
13962	4	41892	1
13963	4	41893	-8
13964	4	41894	3
13965	4	41895	-5
13966	4	41896	3
13967	4	41897	-1
13968	4	41898	0
13969	4	41899	1
13970	4	41900	4
13971	4	41901	-8
13972	4	41902	2
13973	4	41903	3
13974	4	41904	1
13975	4	41905	-5
13976	4	41906	1
13977	4	41907	3
13978	4	41908	1
13979	4	41909	-8
13980	4	41910	0
13981	4	41911	1
13982	4	41912	3
13983	4	41913	4
13984	4	41914	-1
13985	4	41915	-5
13986	4	41916	2
13987	4	41917	1
13988	4	41918	3
13989	4	41919	2
13990	4	41920	-1
13991	4	41921	3
13992	4	41922	0
13993	4	41923	1
13994	4	41924	1
13995	4	41925	-5
13996	4	41926	4
13997	4	41927	1
13998	4	41928	-8
13999	4	41929	3
14000	4	41930	3
14001	4	41931	1
14002	4	41932	1
14003	4	41933	2
14004	4	41934	0
14005	4	41935	-5
14006	4	41936	-8
14007	4	41937	-1
14008	4	41938	1
14009	4	41939	4
14010	4	41940	-5
14011	4	41941	-5
14012	4	41942	-5
14013	4	41943	-5
14014	4	41944	-5
14015	4	41945	3
14016	4	41946	-5
14017	4	41947	3
14018	4	41948	2
14019	4	41949	2
14020	4	41950	-1
14021	4	41951	-1
14022	4	41952	7
14023	4	41953	0
14024	4	41954	-2
14025	4	41955	-3
14026	4	41956	3
14027	4	41957	-1
14028	4	41958	-5
14029	4	41959	7
14030	4	41960	3
14031	4	41961	0
14032	4	41962	2
14033	4	41963	-2
14034	4	41964	2
14035	4	41965	-3
14036	4	41966	-1
14037	4	41967	3
14038	4	41968	2
14039	4	41969	0
14040	4	41970	-5
14041	4	41971	-1
14042	4	41972	-2
14043	4	41973	3
14044	4	41974	-1
14045	4	41975	-3
14046	4	41976	2
14047	4	41977	7
14048	4	41978	3
14049	4	41979	2
14050	4	41980	-1
14051	4	41981	-2
14052	4	41982	-5
14053	4	41983	2
14054	4	41984	7
14055	4	41985	-3
14056	4	41986	3
14057	4	41987	-1
14058	4	41988	0
14059	4	41989	3
14060	4	41990	-2
14061	4	41991	7
14062	4	41992	-1
14063	4	41993	2
14064	4	41994	-5
14065	4	41995	-3
14066	4	41996	0
14067	4	41997	-1
14068	4	41998	2
14069	4	41999	3
14070	4	42000	5
14071	4	42001	5
14072	4	42002	5
14073	4	42003	5
14074	4	42004	5
14075	4	42005	0
14076	4	42006	-3
14077	4	42007	6
14078	4	42008	4
14079	4	42009	-4
14080	4	42010	-7
14081	4	42011	-2
14082	4	42012	1
14083	4	42013	-5
14084	4	42014	3
14085	4	42015	3
14086	4	42016	0
14087	4	42017	-2
14088	4	42018	-3
14089	4	42019	1
14090	4	42020	6
14091	4	42021	-5
14092	4	42022	4
14093	4	42023	3
14094	4	42024	-4
14095	4	42025	3
14096	4	42026	-7
14097	4	42027	0
14098	4	42028	-4
14099	4	42029	-5
14100	4	42030	-3
14101	4	42031	-7
14102	4	42032	3
14103	4	42033	6
14104	4	42034	-2
14105	4	42035	3
14106	4	42036	4
14107	4	42037	1
14108	4	42038	0
14109	4	42039	4
14110	4	42040	-2
14111	4	42041	3
14112	4	42042	-3
14113	4	42043	-4
14114	4	42044	1
14115	4	42045	3
14116	4	42046	6
14117	4	42047	-7
14118	4	42048	-5
14119	4	42049	0
14120	4	42050	3
14121	4	42051	1
14122	4	42052	-7
14123	4	42053	4
14124	4	42054	-3
14125	4	42055	3
14126	4	42056	-5
14127	4	42057	-2
14128	4	42058	-4
14129	4	42059	6
14130	4	42060	4
14131	4	42061	4
14132	4	42062	4
14133	4	42063	4
14134	4	42064	4
14135	4	42065	3
14136	4	42066	1
14137	4	42067	-6
14138	4	42068	-8
14139	4	42069	1
14140	4	42070	8
14141	4	42071	2
14142	4	42072	-3
14143	4	42073	0
14144	4	42074	1
14145	4	42075	-4
14146	4	42076	3
14147	4	42077	2
14148	4	42078	1
14149	4	42079	-3
14150	4	42080	-6
14151	4	42081	0
14152	4	42082	-8
14153	4	42083	1
14154	4	42084	1
14155	4	42085	-4
14156	4	42086	8
14157	4	42087	3
14158	4	42088	1
14159	4	42089	0
14160	4	42090	1
14161	4	42091	8
14162	4	42092	1
14163	4	42093	-6
14164	4	42094	2
14165	4	42095	-4
14166	4	42096	-8
14167	4	42097	-3
14168	4	42098	3
14169	4	42099	-8
14170	4	42100	2
14171	4	42101	1
14172	4	42102	1
14173	4	42103	1
14174	4	42104	-3
14175	4	42105	-4
14176	4	42106	-6
14177	4	42107	8
14178	4	42108	0
14179	4	42109	3
14180	4	42110	1
14181	4	42111	-3
14182	4	42112	8
14183	4	42113	-8
14184	4	42114	1
14185	4	42115	-4
14186	4	42116	0
14187	4	42117	2
14188	4	42118	1
14189	4	42119	-6
14190	4	42120	-1
14191	4	42121	-1
14192	4	42122	-1
14193	4	42123	-1
14194	4	42124	-1
14195	4	42125	8
14196	4	42126	-2
14197	4	42127	-3
14198	4	42128	-2
14199	4	42129	3
14200	4	42130	3
14201	4	42131	-4
14202	4	42132	7
14203	4	42133	-3
14204	4	42134	-3
14205	4	42135	-3
14206	4	42136	8
14207	4	42137	-4
14208	4	42138	-2
14209	4	42139	7
14210	4	42140	-3
14211	4	42141	-3
14212	4	42142	-2
14213	4	42143	-3
14214	4	42144	3
14215	4	42145	-3
14216	4	42146	3
14217	4	42147	8
14218	4	42148	3
14219	4	42149	-3
14220	4	42150	-2
14221	4	42151	3
14222	4	42152	-3
14223	4	42153	-3
14224	4	42154	-4
14225	4	42155	-3
14226	4	42156	-2
14227	4	42157	7
14228	4	42158	8
14229	4	42159	-2
14230	4	42160	-4
14231	4	42161	-3
14232	4	42162	-2
14233	4	42163	3
14234	4	42164	7
14235	4	42165	-3
14236	4	42166	-3
14237	4	42167	3
14238	4	42168	-3
14239	4	42169	8
14240	4	42170	-3
14241	4	42171	7
14242	4	42172	3
14243	4	42173	-2
14244	4	42174	-2
14245	4	42175	-3
14246	4	42176	-3
14247	4	42177	-4
14248	4	42178	3
14249	4	42179	-3
14250	4	42180	-1
14251	4	42181	-1
14252	4	42182	-1
14253	4	42183	-1
14254	4	42184	-1
14255	4	42185	2
14256	4	42186	2
14257	4	42187	3
14258	4	42188	5
14259	4	42189	2
14260	4	42190	-5
14261	4	42191	-5
14262	4	42192	1
14263	4	42193	2
14264	4	42194	3
14265	4	42195	-9
14266	4	42196	2
14267	4	42197	-5
14268	4	42198	2
14269	4	42199	1
14270	4	42200	3
14271	4	42201	2
14272	4	42202	5
14273	4	42203	3
14274	4	42204	2
14275	4	42205	-9
14276	4	42206	-5
14277	4	42207	2
14278	4	42208	2
14279	4	42209	2
14280	4	42210	2
14281	4	42211	-5
14282	4	42212	3
14283	4	42213	3
14284	4	42214	-5
14285	4	42215	-9
14286	4	42216	5
14287	4	42217	1
14288	4	42218	2
14289	4	42219	5
14290	4	42220	-5
14291	4	42221	3
14292	4	42222	2
14293	4	42223	2
14294	4	42224	1
14295	4	42225	-9
14296	4	42226	3
14297	4	42227	-5
14298	4	42228	2
14299	4	42229	2
14300	4	42230	3
14301	4	42231	1
14302	4	42232	-5
14303	4	42233	5
14304	4	42234	2
14305	4	42235	-9
14306	4	42236	2
14307	4	42237	-5
14308	4	42238	2
14309	4	42239	3
14310	4	42240	-2
14311	4	42241	-2
14312	4	42242	-2
14313	4	42243	-2
14314	4	42244	-2
14315	4	42245	-1
14316	4	42246	1
14317	4	42247	5
14318	4	42248	-1
14319	4	42249	-5
14320	4	42250	0
14321	4	42251	0
14322	4	42252	0
14323	4	42253	-5
14324	4	42254	10
14325	4	42255	-1
14326	4	42256	-1
14327	4	42257	0
14328	4	42258	1
14329	4	42259	0
14330	4	42260	5
14331	4	42261	-5
14332	4	42262	-1
14333	4	42263	10
14334	4	42264	-5
14335	4	42265	-1
14336	4	42266	0
14337	4	42267	-1
14338	4	42268	-5
14339	4	42269	-5
14340	4	42270	1
14341	4	42271	0
14342	4	42272	10
14343	4	42273	5
14344	4	42274	0
14345	4	42275	-1
14346	4	42276	-1
14347	4	42277	0
14348	4	42278	-1
14349	4	42279	-1
14350	4	42280	0
14351	4	42281	10
14352	4	42282	1
14353	4	42283	-5
14354	4	42284	0
14355	4	42285	-1
14356	4	42286	5
14357	4	42287	0
14358	4	42288	-5
14359	4	42289	-1
14360	4	42290	10
14361	4	42291	0
14362	4	42292	0
14363	4	42293	-1
14364	4	42294	1
14365	4	42295	-1
14366	4	42296	-5
14367	4	42297	0
14368	4	42298	-5
14369	4	42299	5
14370	4	42300	3
14371	4	42301	3
14372	4	42302	3
14373	4	42303	3
14374	4	42304	3
14375	4	42305	6
14376	4	42306	-1
14377	4	42307	-6
14378	4	42308	-4
14379	4	42309	1
14380	4	42310	5
14381	4	42311	3
14382	4	42312	3
14383	4	42313	-9
14384	4	42314	3
14385	4	42315	-3
14386	4	42316	6
14387	4	42317	3
14388	4	42318	-1
14389	4	42319	3
14390	4	42320	-6
14391	4	42321	-9
14392	4	42322	-4
14393	4	42323	3
14394	4	42324	1
14395	4	42325	-3
14396	4	42326	5
14397	4	42327	6
14398	4	42328	1
14399	4	42329	-9
14400	4	42330	-1
14401	4	42331	5
14402	4	42332	3
14403	4	42333	-6
14404	4	42334	3
14405	4	42335	-3
14406	4	42336	-4
14407	4	42337	3
14408	4	42338	6
14409	4	42339	-4
14410	4	42340	3
14411	4	42341	3
14412	4	42342	-1
14413	4	42343	1
14414	4	42344	3
14415	4	42345	-3
14416	4	42346	-6
14417	4	42347	5
14418	4	42348	-9
14419	4	42349	6
14420	4	42350	3
14421	4	42351	3
14422	4	42352	5
14423	4	42353	-4
14424	4	42354	-1
14425	4	42355	-3
14426	4	42356	-9
14427	4	42357	3
14428	4	42358	1
14429	4	42359	-6
14430	4	42360	2
14431	4	42361	2
14432	4	42362	2
14433	4	42363	2
14434	4	42364	2
14435	4	42365	-1
14436	4	42366	3
14437	4	42367	-4
14438	4	42368	-5
14439	4	42369	4
14440	4	42370	4
14441	4	42371	-3
14442	4	42372	-6
14443	4	42373	9
14444	4	42374	1
14445	4	42375	-3
14446	4	42376	-1
14447	4	42377	-3
14448	4	42378	3
14449	4	42379	-6
14450	4	42380	-4
14451	4	42381	9
14452	4	42382	-5
14453	4	42383	1
14454	4	42384	4
14455	4	42385	-3
14456	4	42386	4
14457	4	42387	-1
14458	4	42388	4
14459	4	42389	9
14460	4	42390	3
14461	4	42391	4
14462	4	42392	1
14463	4	42393	-4
14464	4	42394	-3
14465	4	42395	-3
14466	4	42396	-5
14467	4	42397	-6
14468	4	42398	-1
14469	4	42399	-5
14470	4	42400	-3
14471	4	42401	1
14472	4	42402	3
14473	4	42403	4
14474	4	42404	-6
14475	4	42405	-3
14476	4	42406	-4
14477	4	42407	4
14478	4	42408	9
14479	4	42409	-1
14480	4	42410	1
14481	4	42411	-6
14482	4	42412	4
14483	4	42413	-5
14484	4	42414	3
14485	4	42415	-3
14486	4	42416	9
14487	4	42417	-3
14488	4	42418	4
14489	4	42419	-4
14490	4	42420	4
14491	4	42421	4
14492	4	42422	4
14493	4	42423	4
14494	4	42424	4
14495	4	42425	-2
14496	4	42426	-3
14497	4	42427	-4
14498	4	42428	0
14499	4	42429	2
14500	4	42430	3
14501	4	42431	4
14502	4	42432	-3
14503	4	42433	-1
14504	4	42434	-3
14505	4	42435	4
14506	4	42436	-2
14507	4	42437	4
14508	4	42438	-3
14509	4	42439	-3
14510	4	42440	-4
14511	4	42441	-1
14512	4	42442	0
14513	4	42443	-3
14514	4	42444	2
14515	4	42445	4
14516	4	42446	3
14517	4	42447	-2
14518	4	42448	2
14519	4	42449	-1
14520	4	42450	-3
14521	4	42451	3
14522	4	42452	-3
14523	4	42453	-4
14524	4	42454	4
14525	4	42455	4
14526	4	42456	0
14527	4	42457	-3
14528	4	42458	-2
14529	4	42459	0
14530	4	42460	4
14531	4	42461	-3
14532	4	42462	-3
14533	4	42463	2
14534	4	42464	-3
14535	4	42465	4
14536	4	42466	-4
14537	4	42467	3
14538	4	42468	-1
14539	4	42469	-2
14540	4	42470	-3
14541	4	42471	-3
14542	4	42472	3
14543	4	42473	0
14544	4	42474	-3
14545	4	42475	4
14546	4	42476	-1
14547	4	42477	4
14548	4	42478	2
14549	4	42479	-4
14550	4	42480	-2
14551	4	42481	-2
14552	4	42482	-2
14553	4	42483	-2
14554	4	42484	-2
14555	4	42485	3
14556	4	42486	1
14557	4	42487	-1
14558	4	42488	3
14559	4	42489	-1
14560	4	42490	-4
14561	4	42491	-8
14562	4	42492	4
14563	4	42493	0
14564	4	42494	1
14565	4	42495	3
14566	4	42496	3
14567	4	42497	-8
14568	4	42498	1
14569	4	42499	4
14570	4	42500	-1
14571	4	42501	0
14572	4	42502	3
14573	4	42503	1
14574	4	42504	-1
14575	4	42505	3
14576	4	42506	-4
14577	4	42507	3
14578	4	42508	-1
14579	4	42509	0
14580	4	42510	1
14581	4	42511	-4
14582	4	42512	1
14583	4	42513	-1
14584	4	42514	-8
14585	4	42515	3
14586	4	42516	3
14587	4	42517	4
14588	4	42518	3
14589	4	42519	3
14590	4	42520	-8
14591	4	42521	1
14592	4	42522	1
14593	4	42523	-1
14594	4	42524	4
14595	4	42525	3
14596	4	42526	-1
14597	4	42527	-4
14598	4	42528	0
14599	4	42529	3
14600	4	42530	1
14601	4	42531	4
14602	4	42532	-4
14603	4	42533	3
14604	4	42534	1
14605	4	42535	3
14606	4	42536	0
14607	4	42537	-8
14608	4	42538	-1
14609	4	42539	-1
14610	4	42540	4
14611	4	42541	4
14612	4	42542	4
14613	4	42543	4
14614	4	42544	4
14615	4	42545	1
14616	4	42546	-2
14617	4	42547	-5
14618	4	42548	3
14619	4	42549	2
14620	4	42550	0
14621	4	42551	-2
14622	4	42552	-3
14623	4	42553	2
14624	4	42554	1
14625	4	42555	0
14626	4	42556	1
14627	4	42557	-2
14628	4	42558	-2
14629	4	42559	-3
14630	4	42560	-5
14631	4	42561	2
14632	4	42562	3
14633	4	42563	1
14634	4	42564	2
14635	4	42565	0
14636	4	42566	0
14637	4	42567	1
14638	4	42568	2
14639	4	42569	2
14640	4	42570	-2
14641	4	42571	0
14642	4	42572	1
14643	4	42573	-5
14644	4	42574	-2
14645	4	42575	0
14646	4	42576	3
14647	4	42577	-3
14648	4	42578	1
14649	4	42579	3
14650	4	42580	-2
14651	4	42581	1
14652	4	42582	-2
14653	4	42583	2
14654	4	42584	-3
14655	4	42585	0
14656	4	42586	-5
14657	4	42587	0
14658	4	42588	2
14659	4	42589	1
14660	4	42590	1
14661	4	42591	-3
14662	4	42592	0
14663	4	42593	3
14664	4	42594	-2
14665	4	42595	0
14666	4	42596	2
14667	4	42597	-2
14668	4	42598	2
14669	4	42599	-5
14670	4	42600	-8
14671	4	42601	-8
14672	4	42602	-8
14673	4	42603	-8
14674	4	42604	-8
14675	4	42605	0
14676	4	42606	-4
14677	4	42607	0
14678	4	42608	3
14679	4	42609	4
14680	4	42610	-6
14681	4	42611	0
14682	4	42612	4
14683	4	42613	3
14684	4	42614	3
14685	4	42615	1
14686	4	42616	0
14687	4	42617	0
14688	4	42618	-4
14689	4	42619	4
14690	4	42620	0
14691	4	42621	3
14692	4	42622	3
14693	4	42623	3
14694	4	42624	4
14695	4	42625	1
14696	4	42626	-6
14697	4	42627	0
14698	4	42628	4
14699	4	42629	3
14700	4	42630	-4
14701	4	42631	-6
14702	4	42632	3
14703	4	42633	0
14704	4	42634	0
14705	4	42635	1
14706	4	42636	3
14707	4	42637	4
14708	4	42638	0
14709	4	42639	3
14710	4	42640	0
14711	4	42641	3
14712	4	42642	-4
14713	4	42643	4
14714	4	42644	4
14715	4	42645	1
14716	4	42646	0
14717	4	42647	-6
14718	4	42648	3
14719	4	42649	0
14720	4	42650	3
14721	4	42651	4
14722	4	42652	-6
14723	4	42653	3
14724	4	42654	-4
14725	4	42655	1
14726	4	42656	3
14727	4	42657	0
14728	4	42658	4
14729	4	42659	0
14730	4	42660	3
14731	4	42661	3
14732	4	42662	3
14733	4	42663	3
14734	4	42664	3
14735	4	42665	-5
14736	4	42666	3
14737	4	42667	3
14738	4	42668	5
14739	4	42669	1
14740	4	42670	-3
14741	4	42671	-5
14742	4	42672	-3
14743	4	42673	7
14744	4	42674	-8
14745	4	42675	1
14746	4	42676	-5
14747	4	42677	-5
14748	4	42678	3
14749	4	42679	-3
14750	4	42680	3
14751	4	42681	7
14752	4	42682	5
14753	4	42683	-8
14754	4	42684	1
14755	4	42685	1
14756	4	42686	-3
14757	4	42687	-5
14758	4	42688	1
14759	4	42689	7
14760	4	42690	3
14761	4	42691	-3
14762	4	42692	-8
14763	4	42693	3
14764	4	42694	-5
14765	4	42695	1
14766	4	42696	5
14767	4	42697	-3
14768	4	42698	-5
14769	4	42699	5
14770	4	42700	-5
14771	4	42701	-8
14772	4	42702	3
14773	4	42703	1
14774	4	42704	-3
14775	4	42705	1
14776	4	42706	3
14777	4	42707	-3
14778	4	42708	7
14779	4	42709	-5
14780	4	42710	-8
14781	4	42711	-3
14782	4	42712	-3
14783	4	42713	5
14784	4	42714	3
14785	4	42715	1
14786	4	42716	7
14787	4	42717	-5
14788	4	42718	1
14789	4	42719	3
14790	4	42720	2
14791	4	42721	2
14792	4	42722	2
14793	4	42723	2
14794	4	42724	2
14795	4	42725	-6
14796	4	42726	0
14797	4	42727	4
14798	4	42728	7
14799	4	42729	-7
14800	4	42730	-8
14801	4	42731	1
14802	4	42732	-2
14803	4	42733	-4
14804	4	42734	5
14805	4	42735	8
14806	4	42736	-6
14807	4	42737	1
14808	4	42738	0
14809	4	42739	-2
14810	4	42740	4
14811	4	42741	-4
14812	4	42742	7
14813	4	42743	5
14814	4	42744	-7
14815	4	42745	8
14816	4	42746	-8
14817	4	42747	-6
14818	4	42748	-7
14819	4	42749	-4
14820	4	42750	0
14821	4	42751	-8
14822	4	42752	5
14823	4	42753	4
14824	4	42754	1
14825	4	42755	8
14826	4	42756	7
14827	4	42757	-2
14828	4	42758	-6
14829	4	42759	7
14830	4	42760	1
14831	4	42761	5
14832	4	42762	0
14833	4	42763	-7
14834	4	42764	-2
14835	4	42765	8
14836	4	42766	4
14837	4	42767	-8
14838	4	42768	-4
14839	4	42769	-6
14840	4	42770	5
14841	4	42771	-2
14842	4	42772	-8
14843	4	42773	7
14844	4	42774	0
14845	4	42775	8
14846	4	42776	-4
14847	4	42777	1
14848	4	42778	-7
14849	4	42779	4
14850	4	42780	3
14851	4	42781	3
14852	4	42782	3
14853	4	42783	3
14854	4	42784	3
14855	4	42785	-2
14856	4	42786	3
14857	4	42787	1
14858	4	42788	3
14859	4	42789	-6
14860	4	42790	-2
14861	4	42791	4
14862	4	42792	-1
14863	4	42793	-9
14864	4	42794	1
14865	4	42795	6
14866	4	42796	-2
14867	4	42797	4
14868	4	42798	3
14869	4	42799	-1
14870	4	42800	1
14871	4	42801	-9
14872	4	42802	3
14873	4	42803	1
14874	4	42804	-6
14875	4	42805	6
14876	4	42806	-2
14877	4	42807	-2
14878	4	42808	-6
14879	4	42809	-9
14880	4	42810	3
14881	4	42811	-2
14882	4	42812	1
14883	4	42813	1
14884	4	42814	4
14885	4	42815	6
14886	4	42816	3
14887	4	42817	-1
14888	4	42818	-2
14889	4	42819	3
14890	4	42820	4
14891	4	42821	1
14892	4	42822	3
14893	4	42823	-6
14894	4	42824	-1
14895	4	42825	6
14896	4	42826	1
14897	4	42827	-2
14898	4	42828	-9
14899	4	42829	-2
14900	4	42830	1
14901	4	42831	-1
14902	4	42832	-2
14903	4	42833	3
14904	4	42834	3
14905	4	42835	6
14906	4	42836	-9
14907	4	42837	4
14908	4	42838	-6
14909	4	42839	1
14910	4	42840	-2
14911	4	42841	-2
14912	4	42842	-2
14913	4	42843	-2
14914	4	42844	-2
14915	4	42845	0
14916	4	42846	1
14917	4	42847	0
14918	4	42848	-2
14919	4	42849	4
14920	4	42850	0
14921	4	42851	2
14922	4	42852	4
14923	4	42853	3
14924	4	42854	-10
14925	4	42855	1
14926	4	42856	0
14927	4	42857	2
14928	4	42858	1
14929	4	42859	4
14930	4	42860	0
14931	4	42861	3
14932	4	42862	-2
14933	4	42863	-10
14934	4	42864	4
14935	4	42865	1
14936	4	42866	0
14937	4	42867	0
14938	4	42868	4
14939	4	42869	3
14940	4	42870	1
14941	4	42871	0
14942	4	42872	-10
14943	4	42873	0
14944	4	42874	2
14945	4	42875	1
14946	4	42876	-2
14947	4	42877	4
14948	4	42878	0
14949	4	42879	-2
14950	4	42880	2
14951	4	42881	-10
14952	4	42882	1
14953	4	42883	4
14954	4	42884	4
14955	4	42885	1
14956	4	42886	0
14957	4	42887	0
14958	4	42888	3
14959	4	42889	0
14960	4	42890	-10
14961	4	42891	4
14962	4	42892	0
14963	4	42893	-2
14964	4	42894	1
14965	4	42895	1
14966	4	42896	3
14967	4	42897	2
14968	4	42898	4
14969	4	42899	0
14970	4	42900	-1
14971	4	42901	-1
14972	4	42902	-1
14973	4	42903	-1
14974	4	42904	-1
14975	4	42905	-2
14976	4	42906	2
14977	4	42907	-1
14978	4	42908	-5
14979	4	42909	4
14980	4	42910	4
14981	4	42911	3
14982	4	42912	-5
14983	4	42913	7
14984	4	42914	-2
14985	4	42915	-6
14986	4	42916	-2
14987	4	42917	3
14988	4	42918	2
14989	4	42919	-5
14990	4	42920	-1
14991	4	42921	7
14992	4	42922	-5
14993	4	42923	-2
14994	4	42924	4
14995	4	42925	-6
14996	4	42926	4
14997	4	42927	-2
14998	4	42928	4
14999	4	42929	7
15000	4	42930	2
15001	4	42931	4
15002	4	42932	-2
15003	4	42933	-1
15004	4	42934	3
15005	4	42935	-6
15006	4	42936	-5
15007	4	42937	-5
15008	4	42938	-2
15009	4	42939	-5
15010	4	42940	3
15011	4	42941	-2
15012	4	42942	2
15013	4	42943	4
15014	4	42944	-5
15015	4	42945	-6
15016	4	42946	-1
15017	4	42947	4
15018	4	42948	7
15019	4	42949	-2
15020	4	42950	-2
15021	4	42951	-5
15022	4	42952	4
15023	4	42953	-5
15024	4	42954	2
15025	4	42955	-6
15026	4	42956	7
15027	4	42957	3
15028	4	42958	4
15029	4	42959	-1
15030	4	42960	-3
15031	4	42961	-3
15032	4	42962	-3
15033	4	42963	-3
15034	4	42964	-3
15035	4	42965	-3
15036	4	42966	2
15037	4	42967	-6
15038	4	42968	-7
15039	4	42969	5
15040	4	42970	11
15041	4	42971	10
15042	4	42972	-4
15043	4	42973	5
15044	4	42974	-5
15045	4	42975	-5
15046	4	42976	-3
15047	4	42977	10
15048	4	42978	2
15049	4	42979	-4
15050	4	42980	-6
15051	4	42981	5
15052	4	42982	-7
15053	4	42983	-5
15054	4	42984	5
15055	4	42985	-5
15056	4	42986	11
15057	4	42987	-3
15058	4	42988	5
15059	4	42989	5
15060	4	42990	2
15061	4	42991	11
15062	4	42992	-5
15063	4	42993	-6
15064	4	42994	10
15065	4	42995	-5
15066	4	42996	-7
15067	4	42997	-4
15068	4	42998	-3
15069	4	42999	-7
15070	4	43000	10
15071	4	43001	-5
15072	4	43002	2
15073	4	43003	5
15074	4	43004	-4
15075	4	43005	-5
15076	4	43006	-6
15077	4	43007	11
15078	4	43008	5
15079	4	43009	-3
15080	4	43010	-5
15081	4	43011	-4
15082	4	43012	11
15083	4	43013	-7
15084	4	43014	2
15085	4	43015	-5
15086	4	43016	5
15087	4	43017	10
15088	4	43018	5
15089	4	43019	-6
15090	4	43020	-6
15091	4	43021	-6
15092	4	43022	-6
15093	4	43023	-6
15094	4	43024	-6
15095	4	43025	-1
15096	4	43026	-2
15097	4	43027	3
15098	4	43028	-1
15099	4	43029	-2
15100	4	43030	-1
15101	4	43031	2
15102	4	43032	0
15103	4	43033	2
15104	4	43034	4
15105	4	43035	1
15106	4	43036	-1
15107	4	43037	2
15108	4	43038	-2
15109	4	43039	0
15110	4	43040	3
15111	4	43041	2
15112	4	43042	-1
15113	4	43043	4
15114	4	43044	-2
15115	4	43045	1
15116	4	43046	-1
15117	4	43047	-1
15118	4	43048	-2
15119	4	43049	2
15120	4	43050	-2
15121	4	43051	-1
15122	4	43052	4
15123	4	43053	3
15124	4	43054	2
15125	4	43055	1
15126	4	43056	-1
15127	4	43057	0
15128	4	43058	-1
15129	4	43059	-1
15130	4	43060	2
15131	4	43061	4
15132	4	43062	-2
15133	4	43063	-2
15134	4	43064	0
15135	4	43065	1
15136	4	43066	3
15137	4	43067	-1
15138	4	43068	2
15139	4	43069	-1
15140	4	43070	4
15141	4	43071	0
15142	4	43072	-1
15143	4	43073	-1
15144	4	43074	-2
15145	4	43075	1
15146	4	43076	2
15147	4	43077	2
15148	4	43078	-2
15149	4	43079	3
15150	4	43080	-3
15151	4	43081	-3
15152	4	43082	-3
15153	4	43083	-3
15154	4	43084	-3
15155	4	43085	0
15156	4	43086	1
15157	4	43087	0
15158	4	43088	-5
15159	4	43089	-4
15160	4	43090	2
15161	4	43091	1
15162	4	43092	2
15163	4	43093	-1
15164	4	43094	0
15165	4	43095	5
15166	4	43096	0
15167	4	43097	1
15168	4	43098	1
15169	4	43099	2
15170	4	43100	0
15171	4	43101	-1
15172	4	43102	-5
15173	4	43103	0
15174	4	43104	-4
15175	4	43105	5
15176	4	43106	2
15177	4	43107	0
15178	4	43108	-4
15179	4	43109	-1
15180	4	43110	1
15181	4	43111	2
15182	4	43112	0
15183	4	43113	0
15184	4	43114	1
15185	4	43115	5
15186	4	43116	-5
15187	4	43117	2
15188	4	43118	0
15189	4	43119	-5
15190	4	43120	1
15191	4	43121	0
15192	4	43122	1
15193	4	43123	-4
15194	4	43124	2
15195	4	43125	5
15196	4	43126	0
15197	4	43127	2
15198	4	43128	-1
15199	4	43129	0
15200	4	43130	0
15201	4	43131	2
15202	4	43132	2
15203	4	43133	-5
15204	4	43134	1
15205	4	43135	5
15206	4	43136	-1
15207	4	43137	1
15208	4	43138	-4
15209	4	43139	0
15210	4	43140	4
15211	4	43141	4
15212	4	43142	4
15213	4	43143	4
15214	4	43144	4
15215	4	43145	-3
15216	4	43146	3
15217	4	43147	6
15218	4	43148	5
15219	4	43149	-6
15220	4	43150	-2
15221	4	43151	-2
15222	4	43152	-1
15223	4	43153	-2
15224	4	43154	-5
15225	4	43155	3
15226	4	43156	-3
15227	4	43157	-2
15228	4	43158	3
15229	4	43159	-1
15230	4	43160	6
15231	4	43161	-2
15232	4	43162	5
15233	4	43163	-5
15234	4	43164	-6
15235	4	43165	3
15236	4	43166	-2
15237	4	43167	-3
15238	4	43168	-6
15239	4	43169	-2
15240	4	43170	3
15241	4	43171	-2
15242	4	43172	-5
15243	4	43173	6
15244	4	43174	-2
15245	4	43175	3
15246	4	43176	5
15247	4	43177	-1
15248	4	43178	-3
15249	4	43179	5
15250	4	43180	-2
15251	4	43181	-5
15252	4	43182	3
15253	4	43183	-6
15254	4	43184	-1
15255	4	43185	3
15256	4	43186	6
15257	4	43187	-2
15258	4	43188	-2
15259	4	43189	-3
15260	4	43190	-5
15261	4	43191	-1
15262	4	43192	-2
15263	4	43193	5
15264	4	43194	3
15265	4	43195	3
15266	4	43196	-2
15267	4	43197	-2
15268	4	43198	-6
15269	4	43199	6
15270	4	43200	-4
15271	4	43201	-4
15272	4	43202	-4
15273	4	43203	-4
15274	4	43204	-4
15275	4	43205	1
15276	4	43206	0
15277	4	43207	-2
15278	4	43208	-2
15279	4	43209	-3
15280	4	43210	1
15281	4	43211	6
15282	4	43212	8
15283	4	43213	4
15284	4	43214	-1
15285	4	43215	-7
15286	4	43216	1
15287	4	43217	6
15288	4	43218	0
15289	4	43219	8
15290	4	43220	-2
15291	4	43221	4
15292	4	43222	-2
15293	4	43223	-1
15294	4	43224	-3
15295	4	43225	-7
15296	4	43226	1
15297	4	43227	1
15298	4	43228	-3
15299	4	43229	4
15300	4	43230	0
15301	4	43231	1
15302	4	43232	-1
15303	4	43233	-2
15304	4	43234	6
15305	4	43235	-7
15306	4	43236	-2
15307	4	43237	8
15308	4	43238	1
15309	4	43239	-2
15310	4	43240	6
15311	4	43241	-1
15312	4	43242	0
15313	4	43243	-3
15314	4	43244	8
15315	4	43245	-7
15316	4	43246	-2
15317	4	43247	1
15318	4	43248	4
15319	4	43249	1
15320	4	43250	-1
15321	4	43251	8
15322	4	43252	1
15323	4	43253	-2
15324	4	43254	0
15325	4	43255	-7
15326	4	43256	4
15327	4	43257	6
15328	4	43258	-3
15329	4	43259	-2
15330	4	43260	1
15331	4	43261	1
15332	4	43262	1
15333	4	43263	1
15334	4	43264	1
15335	4	43265	-5
15336	4	43266	-2
15337	4	43267	2
15338	4	43268	7
15339	4	43269	1
15340	4	43270	5
15341	4	43271	-5
15342	4	43272	-6
15343	4	43273	-1
15344	4	43274	0
15345	4	43275	3
15346	4	43276	-5
15347	4	43277	-5
15348	4	43278	-2
15349	4	43279	-6
15350	4	43280	2
15351	4	43281	-1
15352	4	43282	7
15353	4	43283	0
15354	4	43284	1
15355	4	43285	3
15356	4	43286	5
15357	4	43287	-5
15358	4	43288	1
15359	4	43289	-1
15360	4	43290	-2
15361	4	43291	5
15362	4	43292	0
15363	4	43293	2
15364	4	43294	-5
15365	4	43295	3
15366	4	43296	7
15367	4	43297	-6
15368	4	43298	-5
15369	4	43299	7
15370	4	43300	-5
15371	4	43301	0
15372	4	43302	-2
15373	4	43303	1
15374	4	43304	-6
15375	4	43305	3
15376	4	43306	2
15377	4	43307	5
15378	4	43308	-1
15379	4	43309	-5
15380	4	43310	0
15381	4	43311	-6
15382	4	43312	5
15383	4	43313	7
15384	4	43314	-2
15385	4	43315	3
15386	4	43316	-1
15387	4	43317	-5
15388	4	43318	1
15389	4	43319	2
15390	4	43320	3
15391	4	43321	3
15392	4	43322	3
15393	4	43323	3
15394	4	43324	3
15395	4	43325	4
15396	4	43326	2
15397	4	43327	0
15398	4	43328	-4
15399	4	43329	2
15400	4	43330	-6
15401	4	43331	-1
15402	4	43332	-2
15403	4	43333	-3
15404	4	43334	0
15405	4	43335	3
15406	4	43336	4
15407	4	43337	-1
15408	4	43338	2
15409	4	43339	-2
15410	4	43340	0
15411	4	43341	-3
15412	4	43342	-4
15413	4	43343	0
15414	4	43344	2
15415	4	43345	3
15416	4	43346	-6
15417	4	43347	4
15418	4	43348	2
15419	4	43349	-3
15420	4	43350	2
15421	4	43351	-6
15422	4	43352	0
15423	4	43353	0
15424	4	43354	-1
15425	4	43355	3
15426	4	43356	-4
15427	4	43357	-2
15428	4	43358	4
15429	4	43359	-4
15430	4	43360	-1
15431	4	43361	0
15432	4	43362	2
15433	4	43363	2
15434	4	43364	-2
15435	4	43365	3
15436	4	43366	0
15437	4	43367	-6
15438	4	43368	-3
15439	4	43369	4
15440	4	43370	0
15441	4	43371	-2
15442	4	43372	-6
15443	4	43373	-4
15444	4	43374	2
15445	4	43375	3
15446	4	43376	-3
15447	4	43377	-1
15448	4	43378	2
15449	4	43379	0
15450	4	43440	5
15451	4	43441	5
15452	4	43442	5
15453	4	43443	5
15454	4	43444	5
15455	2	43446	-1
15456	4	43447	2
15457	4	43448	1
15458	4	43449	1
15459	4	43450	-4
15460	4	43451	2
15461	4	43452	-6
15462	4	43453	-6
15463	4	43454	-4
15464	2	43455	4
15465	2	43458	-1
15466	4	43459	-6
15467	4	43460	2
15468	4	43461	-6
15469	4	43462	1
15470	4	43463	-4
15471	4	43464	1
15472	2	43465	4
15473	2	43470	-1
15474	4	43471	-4
15475	4	43472	-4
15476	4	43473	2
15477	4	43474	2
15478	2	43475	4
15479	2	43482	-1
15480	4	43483	1
15481	4	43484	-6
15482	2	43485	4
15483	2	43494	-1
15484	2	43495	4
15485	4	43500	-4
15486	4	43501	-4
15487	4	43502	-4
15488	4	43503	-4
15489	4	43504	-4
15490	4	43505	5
15491	4	43506	-4
15492	4	43507	-2
15493	4	43508	-1
15494	4	43509	-1
15495	4	43510	1
15496	4	43511	6
15497	4	43512	-2
15498	4	43513	-4
15499	4	43514	4
15500	4	43515	2
15501	4	43516	5
15502	4	43517	6
15503	4	43518	-4
15504	4	43519	-2
15505	4	43520	-2
15506	4	43521	-4
15507	4	43522	-1
15508	4	43523	4
15509	4	43524	-1
15510	4	43525	2
15511	4	43526	1
15512	4	43527	5
15513	4	43528	-1
15514	4	43529	-4
15515	4	43530	-4
15516	4	43531	1
15517	4	43532	4
15518	4	43533	-2
15519	4	43534	6
15520	4	43535	2
15521	4	43536	-1
15522	4	43537	-2
15523	4	43538	5
15524	4	43539	-1
15525	4	43540	6
15526	4	43541	4
15527	4	43542	-4
15528	4	43543	-1
15529	4	43544	-2
15530	4	43545	2
15531	4	43546	-2
15532	4	43547	1
15533	4	43548	-4
15534	4	43549	5
15535	4	43550	4
15536	4	43551	-2
15537	4	43552	1
15538	4	43553	-1
15539	4	43554	-4
15540	4	43555	2
15541	4	43556	-4
15542	4	43557	6
15543	4	43558	-1
15544	4	43559	-2
15545	4	43560	3
15546	4	43561	3
15547	4	43562	3
15548	4	43563	3
15549	4	43564	3
15550	4	43565	-5
15551	4	43566	1
15552	4	43567	4
15553	4	43568	-2
15554	4	43569	5
15555	4	43570	-7
15556	4	43571	1
15557	4	43572	4
15558	4	43573	5
15559	4	43574	0
15560	4	43575	-6
15561	4	43576	-5
15562	4	43577	1
15563	4	43578	1
15564	4	43579	4
15565	4	43580	4
15566	4	43581	5
15567	4	43582	-2
15568	4	43583	0
15569	4	43584	5
15570	4	43585	-6
15571	4	43586	-7
15572	4	43587	-5
15573	4	43588	5
15574	4	43589	5
15575	4	43590	1
15576	4	43591	-7
15577	4	43592	0
15578	4	43593	4
15579	4	43594	1
15580	4	43595	-6
15581	4	43596	-2
15582	4	43597	4
15583	4	43598	-5
15584	4	43599	-2
15585	4	43600	1
15586	4	43601	0
15587	4	43602	1
15588	4	43603	5
15589	4	43604	4
15590	4	43605	-6
15591	4	43606	4
15592	4	43607	-7
15593	4	43608	5
15594	4	43609	-5
15595	4	43610	0
15596	4	43611	4
15597	4	43612	-7
15598	4	43613	-2
15599	4	43614	1
15600	4	43615	-6
15601	4	43616	5
15602	4	43617	1
15603	4	43618	5
15604	4	43619	4
15605	4	43620	-3
15606	4	43621	-3
15607	4	43622	-3
15608	4	43623	-3
15609	4	43624	-3
15610	4	43625	5
15611	4	43626	4
15612	4	43627	-2
15613	4	43628	0
15614	4	43629	6
15615	4	43630	-7
15616	4	43631	1
15617	4	43632	0
15618	4	43633	3
15619	4	43634	-8
15620	4	43635	1
15621	4	43636	5
15622	4	43637	1
15623	4	43638	4
15624	4	43639	0
15625	4	43640	-2
15626	4	43641	3
15627	4	43642	0
15628	4	43643	-8
15629	4	43644	6
15630	4	43645	1
15631	4	43646	-7
15632	4	43647	5
15633	4	43648	6
15634	4	43649	3
15635	4	43650	4
15636	4	43651	-7
15637	4	43652	-8
15638	4	43653	-2
15639	4	43654	1
15640	4	43655	1
15641	4	43656	0
15642	4	43657	0
15643	4	43658	5
15644	4	43659	0
15645	4	43660	1
15646	4	43661	-8
15647	4	43662	4
15648	4	43663	6
15649	4	43664	0
15650	4	43665	1
15651	4	43666	-2
15652	4	43667	-7
15653	4	43668	3
15654	4	43669	5
15655	4	43670	-8
15656	4	43671	0
15657	4	43672	-7
15658	4	43673	0
15659	4	43674	4
15660	4	43675	1
15661	4	43676	3
15662	4	43677	1
15663	4	43678	6
15664	4	43679	-2
15665	4	43680	1
15666	4	43681	1
15667	4	43682	1
15668	4	43683	1
15669	4	43684	1
15670	4	43685	3
15671	4	43686	1
15672	4	43687	-2
15673	4	43688	-8
15674	4	43689	3
15675	4	43690	1
15676	4	43691	-1
15677	4	43692	-5
15678	4	43693	-6
15679	4	43694	7
15680	4	43695	6
15681	4	43696	3
15682	4	43697	-1
15683	4	43698	1
15684	4	43699	-5
15685	4	43700	-2
15686	4	43701	-6
15687	4	43702	-8
15688	4	43703	7
15689	4	43704	3
15690	4	43705	6
15691	4	43706	1
15692	4	43707	3
15693	4	43708	3
15694	4	43709	-6
15695	4	43710	1
15696	4	43711	1
15697	4	43712	7
15698	4	43713	-2
15699	4	43714	-1
15700	4	43715	6
15701	4	43716	-8
15702	4	43717	-5
15703	4	43718	3
15704	4	43719	-8
15705	4	43720	-1
15706	4	43721	7
15707	4	43722	1
15708	4	43723	3
15709	4	43724	-5
15710	4	43725	6
15711	4	43726	-2
15712	4	43727	1
15713	4	43728	-6
15714	4	43729	3
15715	4	43730	7
15716	4	43731	-5
15717	4	43732	1
15718	4	43733	-8
15719	4	43734	1
15720	4	43735	6
15721	4	43736	-6
15722	4	43737	-1
15723	4	43738	3
15724	4	43739	-2
15725	4	43740	-1
15726	4	43741	-1
15727	4	43742	-1
15728	4	43743	-1
15729	4	43744	-1
15730	2	43746	-4
15731	4	43747	5
15732	4	43748	-2
15733	4	43749	-2
15734	4	43750	1
15735	4	43751	5
15736	4	43752	-1
15737	4	43753	-1
15738	4	43754	1
15739	2	43755	-2
15740	2	43758	-4
15741	4	43759	-1
15742	4	43760	5
15743	4	43761	-1
15744	4	43762	-2
15745	4	43763	1
15746	4	43764	-2
15747	2	43765	-2
15748	2	43770	-4
15749	4	43771	1
15750	4	43772	1
15751	4	43773	5
15752	4	43774	5
15753	2	43775	-2
15754	2	43782	-4
15755	4	43783	-2
15756	4	43784	-1
15757	2	43785	-2
15758	2	43794	-4
15759	2	43795	-2
15760	4	43920	-1
15761	4	43921	-1
15762	4	43922	-1
15763	4	43923	-1
15764	4	43924	-1
15765	2	43926	1
15766	4	43927	3
15767	4	43928	3
15768	4	43929	3
15769	4	43930	-2
15770	4	43931	3
15771	4	43932	-5
15772	4	43933	-5
15773	4	43934	-2
15774	2	43935	2
15775	2	43938	1
15776	4	43939	-5
15777	4	43940	3
15778	4	43941	-5
15779	4	43942	3
15780	4	43943	-2
15781	4	43944	3
15782	2	43945	2
15783	2	43950	1
15784	4	43951	-2
15785	4	43952	-2
15786	4	43953	3
15787	4	43954	3
15788	2	43955	2
15789	2	43962	1
15790	4	43963	3
15791	4	43964	-5
15792	2	43965	2
15793	2	43974	1
15794	2	43975	2
15795	4	43980	4
15796	4	43981	4
15797	4	43982	4
15798	4	43983	4
15799	4	43984	4
15800	4	43985	-5
15801	4	43986	-2
15802	4	43987	1
15803	4	43988	3
15804	4	43989	-1
15805	4	43990	-2
15806	4	43991	-3
15807	4	43992	1
15808	4	43993	2
15809	4	43994	0
15810	4	43995	1
15811	4	43996	-5
15812	4	43997	-3
15813	4	43998	-2
15814	4	43999	1
15815	4	44000	1
15816	4	44001	2
15817	4	44002	3
15818	4	44003	0
15819	4	44004	-1
15820	4	44005	1
15821	4	44006	-2
15822	4	44007	-5
15823	4	44008	-1
15824	4	44009	2
15825	4	44010	-2
15826	4	44011	-2
15827	4	44012	0
15828	4	44013	1
15829	4	44014	-3
15830	4	44015	1
15831	4	44016	3
15832	4	44017	1
15833	4	44018	-5
15834	4	44019	3
15835	4	44020	-3
15836	4	44021	0
15837	4	44022	-2
15838	4	44023	-1
15839	4	44024	1
15840	4	44025	1
15841	4	44026	1
15842	4	44027	-2
15843	4	44028	2
15844	4	44029	-5
15845	4	44030	0
15846	4	44031	1
15847	4	44032	-2
15848	4	44033	3
15849	4	44034	-2
15850	4	44035	1
15851	4	44036	2
15852	4	44037	-3
15853	4	44038	-1
15854	4	44039	1
15855	4	44040	-1
15856	4	44041	-1
15857	4	44042	-1
15858	4	44043	-1
15859	4	44044	-1
15860	4	44045	-2
15861	4	44046	0
15862	4	44047	1
15863	4	44048	-5
15864	4	44049	1
15865	4	44050	7
15866	4	44051	-4
15867	4	44052	-1
15868	4	44053	4
15869	4	44054	3
15870	4	44055	-3
15871	4	44056	-2
15872	4	44057	-4
15873	4	44058	0
15874	4	44059	-1
15875	4	44060	1
15876	4	44061	4
15877	4	44062	-5
15878	4	44063	3
15879	4	44064	1
15880	4	44065	-3
15881	4	44066	7
15882	4	44067	-2
15883	4	44068	1
15884	4	44069	4
15885	4	44070	0
15886	4	44071	7
15887	4	44072	3
15888	4	44073	1
15889	4	44074	-4
15890	4	44075	-3
15891	4	44076	-5
15892	4	44077	-1
15893	4	44078	-2
15894	4	44079	-5
15895	4	44080	-4
15896	4	44081	3
15897	4	44082	0
15898	4	44083	1
15899	4	44084	-1
15900	4	44085	-3
15901	4	44086	1
15902	4	44087	7
15903	4	44088	4
15904	4	44089	-2
15905	4	44090	3
15906	4	44091	-1
15907	4	44092	7
15908	4	44093	-5
15909	4	44094	0
15910	4	44095	-3
15911	4	44096	4
15912	4	44097	-4
15913	4	44098	1
15914	4	44099	1
15915	4	44100	2
15916	4	44101	2
15917	4	44102	2
15918	4	44103	2
15919	4	44104	2
15920	2	44106	4
15921	4	44107	-3
15922	4	44108	7
15923	4	44109	7
15924	4	44110	-7
15925	4	44111	-3
15926	4	44112	-4
15927	4	44113	-4
15928	4	44114	-7
15929	2	44115	7
15930	2	44118	4
15931	4	44119	-4
15932	4	44120	-3
15933	4	44121	-4
15934	4	44122	7
15935	4	44123	-7
15936	4	44124	7
15937	2	44125	7
15938	2	44130	4
15939	4	44131	-7
15940	4	44132	-7
15941	4	44133	-3
15942	4	44134	-3
15943	2	44135	7
15944	2	44142	4
15945	4	44143	7
15946	4	44144	-4
15947	2	44145	7
15948	2	44154	4
15949	2	44155	7
15950	4	44400	-4
15951	4	44401	-4
15952	4	44402	-4
15953	4	44403	-4
15954	4	44404	-4
15955	2	44406	0
15956	4	44407	-4
15957	4	44408	-5
15958	4	44409	-5
15959	4	44410	5
15960	4	44411	-4
15961	4	44412	11
15962	4	44413	11
15963	4	44414	5
15964	2	44415	-6
15965	2	44418	0
15966	4	44419	11
15967	4	44420	-4
15968	4	44421	11
15969	4	44422	-5
15970	4	44423	5
15971	4	44424	-5
15972	2	44425	-6
15973	2	44430	0
15974	4	44431	5
15975	4	44432	5
15976	4	44433	-4
15977	4	44434	-4
15978	2	44435	-6
15979	2	44442	0
15980	4	44443	-5
15981	4	44444	11
15982	2	44445	-6
15983	2	44454	0
15984	2	44455	-6
15985	4	44460	-2
15986	4	44461	-2
15987	4	44462	-2
15988	4	44463	-2
15989	4	44464	-2
15990	2	44466	0
15991	4	44467	-2
15992	4	44468	-5
15993	4	44469	-5
15994	4	44470	7
15995	4	44471	-2
15996	4	44472	5
15997	4	44473	5
15998	4	44474	7
15999	2	44475	-5
16000	2	44478	0
16001	4	44479	5
16002	4	44480	-2
16003	4	44481	5
16004	4	44482	-5
16005	4	44483	7
16006	4	44484	-5
16007	2	44485	-5
16008	2	44490	0
16009	4	44491	7
16010	4	44492	7
16011	4	44493	-2
16012	4	44494	-2
16013	2	44495	-5
16014	2	44502	0
16015	4	44503	-5
16016	4	44504	5
16017	2	44505	-5
16018	2	44514	0
16019	2	44515	-5
16020	4	47520	3
16021	4	47521	3
16022	4	47522	3
16023	4	47523	3
16024	4	47524	3
16025	4	47525	6
16026	4	47526	-7
16027	4	47527	3
16028	4	47528	-3
16029	4	47529	2
16030	4	47530	-1
16031	4	47531	0
16032	4	47532	-1
16033	4	47533	0
16034	4	47534	1
16035	4	47535	-4
16036	4	47536	6
16037	4	47537	0
16038	4	47538	-7
16039	4	47539	-1
16040	4	47540	3
16041	4	47541	0
16042	4	47542	-3
16043	4	47543	1
16044	4	47544	2
16045	4	47545	-4
16046	4	47546	-1
16047	4	47547	6
16048	4	47548	2
16049	4	47549	0
16050	4	47550	-7
16051	4	47551	-1
16052	4	47552	1
16053	4	47553	3
16054	4	47554	0
16055	4	47555	-4
16056	4	47556	-3
16057	4	47557	-1
16058	4	47558	6
16059	4	47559	-3
16060	4	47560	0
16061	4	47561	1
16062	4	47562	-7
16063	4	47563	2
16064	4	47564	-1
16065	4	47565	-4
16066	4	47566	3
16067	4	47567	-1
16068	4	47568	0
16069	4	47569	6
16070	4	47570	1
16071	4	47571	-1
16072	4	47572	-1
16073	4	47573	-3
16074	4	47574	-7
16075	4	47575	-4
16076	4	47576	0
16077	4	47577	0
16078	4	47578	2
16079	4	47579	3
16080	4	47580	-2
16081	4	47581	-2
16082	4	47582	-2
16083	4	47583	-2
16084	4	47584	-2
16085	4	47585	-7
16086	4	47586	10
16087	4	47587	-6
16088	4	47588	3
16089	4	47589	-2
16090	4	47590	2
16091	4	47591	0
16092	4	47592	1
16093	4	47593	1
16094	4	47594	-3
16095	4	47595	3
16096	4	47596	-7
16097	4	47597	0
16098	4	47598	10
16099	4	47599	1
16100	4	47600	-6
16101	4	47601	1
16102	4	47602	3
16103	4	47603	-3
16104	4	47604	-2
16105	4	47605	3
16106	4	47606	2
16107	4	47607	-7
16108	4	47608	-2
16109	4	47609	1
16110	4	47610	10
16111	4	47611	2
16112	4	47612	-3
16113	4	47613	-6
16114	4	47614	0
16115	4	47615	3
16116	4	47616	3
16117	4	47617	1
16118	4	47618	-7
16119	4	47619	3
16120	4	47620	0
16121	4	47621	-3
16122	4	47622	10
16123	4	47623	-2
16124	4	47624	1
16125	4	47625	3
16126	4	47626	-6
16127	4	47627	2
16128	4	47628	1
16129	4	47629	-7
16130	4	47630	-3
16131	4	47631	1
16132	4	47632	2
16133	4	47633	3
16134	4	47634	10
16135	4	47635	3
16136	4	47636	1
16137	4	47637	0
16138	4	47638	-2
16139	4	47639	-6
16140	4	47640	-1
16141	4	47641	-1
16142	4	47642	-1
16143	4	47643	-1
16144	4	47644	-1
16145	4	47645	1
16146	4	47646	-4
16147	4	47647	3
16148	4	47648	0
16149	4	47649	1
16150	4	47650	-1
16151	4	47651	0
16152	4	47652	0
16153	4	47653	-2
16154	4	47654	2
16155	4	47655	2
16156	4	47656	1
16157	4	47657	0
16158	4	47658	-4
16159	4	47659	0
16160	4	47660	3
16161	4	47661	-2
16162	4	47662	0
16163	4	47663	2
16164	4	47664	1
16165	4	47665	2
16166	4	47666	-1
16167	4	47667	1
16168	4	47668	1
16169	4	47669	-2
16170	4	47670	-4
16171	4	47671	-1
16172	4	47672	2
16173	4	47673	3
16174	4	47674	0
16175	4	47675	2
16176	4	47676	0
16177	4	47677	0
16178	4	47678	1
16179	4	47679	0
16180	4	47680	0
16181	4	47681	2
16182	4	47682	-4
16183	4	47683	1
16184	4	47684	0
16185	4	47685	2
16186	4	47686	3
16187	4	47687	-1
16188	4	47688	-2
16189	4	47689	1
16190	4	47690	2
16191	4	47691	0
16192	4	47692	-1
16193	4	47693	0
16194	4	47694	-4
16195	4	47695	2
16196	4	47696	-2
16197	4	47697	0
16198	4	47698	1
16199	4	47699	3
16200	4	47760	1
16201	4	47761	1
16202	4	47762	1
16203	4	47763	1
16204	4	47764	1
16205	2	47766	-4
16206	4	47767	3
16207	4	47768	-2
16208	4	47769	-2
16209	4	47770	0
16210	4	47771	3
16211	4	47772	1
16212	4	47773	1
16213	4	47774	0
16214	2	47775	-4
16215	2	47778	-4
16216	4	47779	1
16217	4	47780	3
16218	4	47781	1
16219	4	47782	-2
16220	4	47783	0
16221	4	47784	-2
16222	2	47785	-4
16223	2	47790	-4
16224	4	47791	0
16225	4	47792	0
16226	4	47793	3
16227	4	47794	3
16228	2	47795	-4
16229	2	47802	-4
16230	4	47803	-2
16231	4	47804	1
16232	2	47805	-4
16233	2	47814	-4
16234	2	47815	-4
16235	4	47820	4
16236	4	47821	4
16237	4	47822	4
16238	4	47823	4
16239	4	47824	4
16240	4	47825	0
16241	4	47826	-5
16242	4	47827	2
16243	4	47828	-5
16244	4	47829	2
16245	4	47830	-1
16246	4	47831	-1
16247	4	47832	1
16248	4	47833	-2
16249	4	47834	0
16250	4	47835	4
16251	4	47836	0
16252	4	47837	-1
16253	4	47838	-5
16254	4	47839	1
16255	4	47840	2
16256	4	47841	-2
16257	4	47842	-5
16258	4	47843	0
16259	4	47844	2
16260	4	47845	4
16261	4	47846	-1
16262	4	47847	0
16263	4	47848	2
16264	4	47849	-2
16265	4	47850	-5
16266	4	47851	-1
16267	4	47852	0
16268	4	47853	2
16269	4	47854	-1
16270	4	47855	4
16271	4	47856	-5
16272	4	47857	1
16273	4	47858	0
16274	4	47859	-5
16275	4	47860	-1
16276	4	47861	0
16277	4	47862	-5
16278	4	47863	2
16279	4	47864	1
16280	4	47865	4
16281	4	47866	2
16282	4	47867	-1
16283	4	47868	-2
16284	4	47869	0
16285	4	47870	0
16286	4	47871	1
16287	4	47872	-1
16288	4	47873	-5
16289	4	47874	-5
16290	4	47875	4
16291	4	47876	-2
16292	4	47877	-1
16293	4	47878	2
16294	4	47879	2
16295	4	47880	-1
16296	4	47881	-1
16297	4	47882	-1
16298	4	47883	-1
16299	4	47884	-1
16300	4	47885	2
16301	4	47886	5
16302	4	47887	-5
16303	4	47888	4
16304	4	47889	-1
16305	4	47890	0
16306	4	47891	-2
16307	4	47892	5
16308	4	47893	3
16309	4	47894	-7
16310	4	47895	-2
16311	4	47896	2
16312	4	47897	-2
16313	4	47898	5
16314	4	47899	5
16315	4	47900	-5
16316	4	47901	3
16317	4	47902	4
16318	4	47903	-7
16319	4	47904	-1
16320	4	47905	-2
16321	4	47906	0
16322	4	47907	2
16323	4	47908	-1
16324	4	47909	3
16325	4	47910	5
16326	4	47911	0
16327	4	47912	-7
16328	4	47913	-5
16329	4	47914	-2
16330	4	47915	-2
16331	4	47916	4
16332	4	47917	5
16333	4	47918	2
16334	4	47919	4
16335	4	47920	-2
16336	4	47921	-7
16337	4	47922	5
16338	4	47923	-1
16339	4	47924	5
16340	4	47925	-2
16341	4	47926	-5
16342	4	47927	0
16343	4	47928	3
16344	4	47929	2
16345	4	47930	-7
16346	4	47931	5
16347	4	47932	0
16348	4	47933	4
16349	4	47934	5
16350	4	47935	-2
16351	4	47936	3
16352	4	47937	-2
16353	4	47938	-1
16354	4	47939	-5
16355	4	47940	0
16356	4	47941	0
16357	4	47942	0
16358	4	47943	0
16359	4	47944	0
16360	4	47945	0
16361	4	47946	-2
16362	4	47947	2
16363	4	47948	-2
16364	4	47949	5
16365	4	47950	-4
16366	4	47951	-4
16367	4	47952	7
16368	4	47953	4
16369	4	47954	-2
16370	4	47955	-3
16371	4	47956	0
16372	4	47957	-4
16373	4	47958	-2
16374	4	47959	7
16375	4	47960	2
16376	4	47961	4
16377	4	47962	-2
16378	4	47963	-2
16379	4	47964	5
16380	4	47965	-3
16381	4	47966	-4
16382	4	47967	0
16383	4	47968	5
16384	4	47969	4
16385	4	47970	-2
16386	4	47971	-4
16387	4	47972	-2
16388	4	47973	2
16389	4	47974	-4
16390	4	47975	-3
16391	4	47976	-2
16392	4	47977	7
16393	4	47978	0
16394	4	47979	-2
16395	4	47980	-4
16396	4	47981	-2
16397	4	47982	-2
16398	4	47983	5
16399	4	47984	7
16400	4	47985	-3
16401	4	47986	2
16402	4	47987	-4
16403	4	47988	4
16404	4	47989	0
16405	4	47990	-2
16406	4	47991	7
16407	4	47992	-4
16408	4	47993	-2
16409	4	47994	-2
16410	4	47995	-3
16411	4	47996	4
16412	4	47997	-4
16413	4	47998	5
16414	4	47999	2
16415	4	48000	-4
16416	4	48001	-4
16417	4	48002	-4
16418	4	48003	-4
16419	4	48004	-4
16420	4	48005	2
16421	4	48006	-2
16422	4	48007	2
16423	4	48008	-1
16424	4	48009	-1
16425	4	48010	4
16426	4	48011	7
16427	4	48012	-6
16428	4	48013	-6
16429	4	48014	6
16430	4	48015	-1
16431	4	48016	2
16432	4	48017	7
16433	4	48018	-2
16434	4	48019	-6
16435	4	48020	2
16436	4	48021	-6
16437	4	48022	-1
16438	4	48023	6
16439	4	48024	-1
16440	4	48025	-1
16441	4	48026	4
16442	4	48027	2
16443	4	48028	-1
16444	4	48029	-6
16445	4	48030	-2
16446	4	48031	4
16447	4	48032	6
16448	4	48033	2
16449	4	48034	7
16450	4	48035	-1
16451	4	48036	-1
16452	4	48037	-6
16453	4	48038	2
16454	4	48039	-1
16455	4	48040	7
16456	4	48041	6
16457	4	48042	-2
16458	4	48043	-1
16459	4	48044	-6
16460	4	48045	-1
16461	4	48046	2
16462	4	48047	4
16463	4	48048	-6
16464	4	48049	2
16465	4	48050	6
16466	4	48051	-6
16467	4	48052	4
16468	4	48053	-1
16469	4	48054	-2
16470	4	48055	-1
16471	4	48056	-6
16472	4	48057	7
16473	4	48058	-1
16474	4	48059	2
16475	4	48060	-3
16476	4	48061	-3
16477	4	48062	-3
16478	4	48063	-3
16479	4	48064	-3
16480	2	48066	2
16481	4	48067	2
16482	4	48068	-3
16483	4	48069	-3
16484	4	48070	2
16485	4	48071	2
16486	4	48072	0
16487	4	48073	0
16488	4	48074	2
16489	2	48075	3
16490	2	48078	2
16491	4	48079	0
16492	4	48080	2
16493	4	48081	0
16494	4	48082	-3
16495	4	48083	2
16496	4	48084	-3
16497	2	48085	3
16498	2	48090	2
16499	4	48091	2
16500	4	48092	2
16501	4	48093	2
16502	4	48094	2
16503	2	48095	3
16504	2	48102	2
16505	4	48103	-3
16506	4	48104	0
16507	2	48105	3
16508	2	48114	2
16509	2	48115	3
16510	4	48240	-5
16511	4	48241	-5
16512	4	48242	-5
16513	4	48243	-5
16514	4	48244	-5
16515	2	48246	19
16516	4	48247	-4
16517	4	48248	1
16518	4	48249	1
16519	4	48250	-1
16520	4	48251	-4
16521	4	48252	-1
16522	4	48253	-1
16523	4	48254	-1
16524	2	48255	2
16525	2	48258	19
16526	4	48259	-1
16527	4	48260	-4
16528	4	48261	-1
16529	4	48262	1
16530	4	48263	-1
16531	4	48264	1
16532	2	48265	2
16533	2	48270	19
16534	4	48271	-1
16535	4	48272	-1
16536	4	48273	-4
16537	4	48274	-4
16538	2	48275	2
16539	2	48282	19
16540	4	48283	1
16541	4	48284	-1
16542	2	48285	2
16543	2	48294	19
16544	2	48295	2
16545	4	48300	2
16546	4	48301	2
16547	4	48302	2
16548	4	48303	2
16549	4	48304	2
16550	4	48305	-1
16551	4	48306	-3
16552	4	48307	0
16553	4	48308	2
16554	4	48309	-3
16555	4	48310	3
16556	4	48311	-1
16557	4	48312	3
16558	4	48313	1
16559	4	48314	-5
16560	4	48315	3
16561	4	48316	-1
16562	4	48317	-1
16563	4	48318	-3
16564	4	48319	3
16565	4	48320	0
16566	4	48321	1
16567	4	48322	2
16568	4	48323	-5
16569	4	48324	-3
16570	4	48325	3
16571	4	48326	3
16572	4	48327	-1
16573	4	48328	-3
16574	4	48329	1
16575	4	48330	-3
16576	4	48331	3
16577	4	48332	-5
16578	4	48333	0
16579	4	48334	-1
16580	4	48335	3
16581	4	48336	2
16582	4	48337	3
16583	4	48338	-1
16584	4	48339	2
16585	4	48340	-1
16586	4	48341	-5
16587	4	48342	-3
16588	4	48343	-3
16589	4	48344	3
16590	4	48345	3
16591	4	48346	0
16592	4	48347	3
16593	4	48348	1
16594	4	48349	-1
16595	4	48350	-5
16596	4	48351	3
16597	4	48352	3
16598	4	48353	2
16599	4	48354	-3
16600	4	48355	3
16601	4	48356	1
16602	4	48357	-1
16603	4	48358	-3
16604	4	48359	0
16605	4	48360	-5
16606	4	48361	-5
16607	4	48362	-5
16608	4	48363	-5
16609	4	48364	-5
16610	4	48365	0
16611	4	48366	6
16612	4	48367	1
16613	4	48368	1
16614	4	48369	0
16615	4	48370	3
16616	4	48371	-1
16617	4	48372	-5
16618	4	48373	-5
16619	4	48374	4
16620	4	48375	0
16621	4	48376	0
16622	4	48377	-1
16623	4	48378	6
16624	4	48379	-5
16625	4	48380	1
16626	4	48381	-5
16627	4	48382	1
16628	4	48383	4
16629	4	48384	0
16630	4	48385	0
16631	4	48386	3
16632	4	48387	0
16633	4	48388	0
16634	4	48389	-5
16635	4	48390	6
16636	4	48391	3
16637	4	48392	4
16638	4	48393	1
16639	4	48394	-1
16640	4	48395	0
16641	4	48396	1
16642	4	48397	-5
16643	4	48398	0
16644	4	48399	1
16645	4	48400	-1
16646	4	48401	4
16647	4	48402	6
16648	4	48403	0
16649	4	48404	-5
16650	4	48405	0
16651	4	48406	1
16652	4	48407	3
16653	4	48408	-5
16654	4	48409	0
16655	4	48410	4
16656	4	48411	-5
16657	4	48412	3
16658	4	48413	1
16659	4	48414	6
16660	4	48415	0
16661	4	48416	-5
16662	4	48417	-1
16663	4	48418	0
16664	4	48419	1
16665	4	48420	4
16666	4	48421	4
16667	4	48422	4
16668	4	48423	4
16669	4	48424	4
16670	2	48426	1
16671	4	48427	-5
16672	4	48428	1
16673	4	48429	1
16674	4	48430	-5
16675	4	48431	-5
16676	4	48432	4
16677	4	48433	4
16678	4	48434	-5
16679	2	48435	-1
16680	2	48438	1
16681	4	48439	4
16682	4	48440	-5
16683	4	48441	4
16684	4	48442	1
16685	4	48443	-5
16686	4	48444	1
16687	2	48445	-1
16688	2	48450	1
16689	4	48451	-5
16690	4	48452	-5
16691	4	48453	-5
16692	4	48454	-5
16693	2	48455	-1
16694	2	48462	1
16695	4	48463	1
16696	4	48464	4
16697	2	48465	-1
16698	2	48474	1
16699	2	48475	-1
16700	4	48720	4
16701	4	48721	4
16702	4	48722	4
16703	4	48723	4
16704	4	48724	4
16705	2	48726	-15
16706	4	48727	1
16707	4	48728	1
16708	4	48729	1
16709	4	48730	0
16710	4	48731	1
16711	4	48732	0
16712	4	48733	0
16713	4	48734	0
16714	2	48735	2
16715	2	48738	-15
16716	4	48739	0
16717	4	48740	1
16718	4	48741	0
16719	4	48742	1
16720	4	48743	0
16721	4	48744	1
16722	2	48745	2
16723	2	48750	-15
16724	4	48751	0
16725	4	48752	0
16726	4	48753	1
16727	4	48754	1
16728	2	48755	2
16729	2	48762	-15
16730	4	48763	1
16731	4	48764	0
16732	2	48765	2
16733	2	48774	-15
16734	2	48775	2
16735	4	48780	-1
16736	4	48781	-1
16737	4	48782	-1
16738	4	48783	-1
16739	4	48784	-1
16740	2	48786	-4
16741	4	48787	3
16742	4	48788	2
16743	4	48789	2
16744	4	48790	3
16745	4	48791	3
16746	4	48792	-4
16747	4	48793	-4
16748	4	48794	3
16749	2	48795	-2
16750	2	48798	-4
16751	4	48799	-4
16752	4	48800	3
16753	4	48801	-4
16754	4	48802	2
16755	4	48803	3
16756	4	48804	2
16757	2	48805	-2
16758	2	48810	-4
16759	4	48811	3
16760	4	48812	3
16761	4	48813	3
16762	4	48814	3
16763	2	48815	-2
16764	2	48822	-4
16765	4	48823	2
16766	4	48824	-4
16767	2	48825	-2
16768	2	48834	-4
16769	2	48835	-2
16770	4	48960	4
16771	4	48961	4
16772	4	48962	4
16773	4	48963	4
16774	4	48964	4
16775	4	48965	-1
16776	4	48966	0
16777	4	48967	2
16778	4	48968	2
16779	4	48969	3
16780	4	48970	-1
16781	4	48971	-6
16782	4	48972	-8
16783	4	48973	-4
16784	4	48974	1
16785	4	48975	7
16786	4	48976	-1
16787	4	48977	-6
16788	4	48978	0
16789	4	48979	-8
16790	4	48980	2
16791	4	48981	-4
16792	4	48982	2
16793	4	48983	1
16794	4	48984	3
16795	4	48985	7
16796	4	48986	-1
16797	4	48987	-1
16798	4	48988	3
16799	4	48989	-4
16800	4	48990	0
16801	4	48991	-1
16802	4	48992	1
16803	4	48993	2
16804	4	48994	-6
16805	4	48995	7
16806	4	48996	2
16807	4	48997	-8
16808	4	48998	-1
16809	4	48999	2
16810	4	49000	-6
16811	4	49001	1
16812	4	49002	0
16813	4	49003	3
16814	4	49004	-8
16815	4	49005	7
16816	4	49006	2
16817	4	49007	-1
16818	4	49008	-4
16819	4	49009	-1
16820	4	49010	1
16821	4	49011	-8
16822	4	49012	-1
16823	4	49013	2
16824	4	49014	0
16825	4	49015	7
16826	4	49016	-4
16827	4	49017	-6
16828	4	49018	3
16829	4	49019	2
16830	4	49020	-1
16831	4	49021	-1
16832	4	49022	-1
16833	4	49023	-1
16834	4	49024	-1
16835	4	49025	5
16836	4	49026	2
16837	4	49027	-2
16838	4	49028	-7
16839	4	49029	-1
16840	4	49030	-5
16841	4	49031	5
16842	4	49032	6
16843	4	49033	1
16844	4	49034	0
16845	4	49035	-3
16846	4	49036	5
16847	4	49037	5
16848	4	49038	2
16849	4	49039	6
16850	4	49040	-2
16851	4	49041	1
16852	4	49042	-7
16853	4	49043	0
16854	4	49044	-1
16855	4	49045	-3
16856	4	49046	-5
16857	4	49047	5
16858	4	49048	-1
16859	4	49049	1
16860	4	49050	2
16861	4	49051	-5
16862	4	49052	0
16863	4	49053	-2
16864	4	49054	5
16865	4	49055	-3
16866	4	49056	-7
16867	4	49057	6
16868	4	49058	5
16869	4	49059	-7
16870	4	49060	5
16871	4	49061	0
16872	4	49062	2
16873	4	49063	-1
16874	4	49064	6
16875	4	49065	-3
16876	4	49066	-2
16877	4	49067	-5
16878	4	49068	1
16879	4	49069	5
16880	4	49070	0
16881	4	49071	6
16882	4	49072	-5
16883	4	49073	-7
16884	4	49074	2
16885	4	49075	-3
16886	4	49076	1
16887	4	49077	5
16888	4	49078	-1
16889	4	49079	-2
16890	4	49080	-3
16891	4	49081	-3
16892	4	49082	-3
16893	4	49083	-3
16894	4	49084	-3
16895	4	49085	-4
16896	4	49086	-2
16897	4	49087	0
16898	4	49088	4
16899	4	49089	-2
16900	4	49090	6
16901	4	49091	1
16902	4	49092	2
16903	4	49093	3
16904	4	49094	0
16905	4	49095	-3
16906	4	49096	-4
16907	4	49097	1
16908	4	49098	-2
16909	4	49099	2
16910	4	49100	0
16911	4	49101	3
16912	4	49102	4
16913	4	49103	0
16914	4	49104	-2
16915	4	49105	-3
16916	4	49106	6
16917	4	49107	-4
16918	4	49108	-2
16919	4	49109	3
16920	4	49110	-2
16921	4	49111	6
16922	4	49112	0
16923	4	49113	0
16924	4	49114	1
16925	4	49115	-3
16926	4	49116	4
16927	4	49117	2
16928	4	49118	-4
16929	4	49119	4
16930	4	49120	1
16931	4	49121	0
16932	4	49122	-2
16933	4	49123	-2
16934	4	49124	2
16935	4	49125	-3
16936	4	49126	0
16937	4	49127	6
16938	4	49128	3
16939	4	49129	-4
16940	4	49130	0
16941	4	49131	2
16942	4	49132	6
16943	4	49133	4
16944	4	49134	-2
16945	4	49135	-3
16946	4	49136	3
16947	4	49137	1
16948	4	49138	-2
16949	4	49139	0
16950	4	49200	-5
16951	4	49201	-5
16952	4	49202	-5
16953	4	49203	-5
16954	4	49204	-5
16955	2	49206	1
16956	4	49207	-2
16957	4	49208	-1
16958	4	49209	-1
16959	4	49210	4
16960	4	49211	-2
16961	4	49212	6
16962	4	49213	6
16963	4	49214	4
16964	2	49215	-4
16965	2	49218	1
16966	4	49219	6
16967	4	49220	-2
16968	4	49221	6
16969	4	49222	-1
16970	4	49223	4
16971	4	49224	-1
16972	2	49225	-4
16973	2	49230	1
16974	4	49231	4
16975	4	49232	4
16976	4	49233	-2
16977	4	49234	-2
16978	2	49235	-4
16979	2	49242	1
16980	4	49243	-1
16981	4	49244	6
16982	2	49245	-4
16983	2	49254	1
16984	2	49255	-4
16985	4	49260	4
16986	4	49261	4
16987	4	49262	4
16988	4	49263	4
16989	4	49264	4
16990	4	49265	-5
16991	4	49266	4
16992	4	49267	2
16993	4	49268	1
16994	4	49269	1
16995	4	49270	-1
16996	4	49271	-6
16997	4	49272	2
16998	4	49273	4
16999	4	49274	-4
17000	4	49275	-2
17001	4	49276	-5
17002	4	49277	-6
17003	4	49278	4
17004	4	49279	2
17005	4	49280	2
17006	4	49281	4
17007	4	49282	1
17008	4	49283	-4
17009	4	49284	1
17010	4	49285	-2
17011	4	49286	-1
17012	4	49287	-5
17013	4	49288	1
17014	4	49289	4
17015	4	49290	4
17016	4	49291	-1
17017	4	49292	-4
17018	4	49293	2
17019	4	49294	-6
17020	4	49295	-2
17021	4	49296	1
17022	4	49297	2
17023	4	49298	-5
17024	4	49299	1
17025	4	49300	-6
17026	4	49301	-4
17027	4	49302	4
17028	4	49303	1
17029	4	49304	2
17030	4	49305	-2
17031	4	49306	2
17032	4	49307	-1
17033	4	49308	4
17034	4	49309	-5
17035	4	49310	-4
17036	4	49311	2
17037	4	49312	-1
17038	4	49313	1
17039	4	49314	4
17040	4	49315	-2
17041	4	49316	4
17042	4	49317	-6
17043	4	49318	1
17044	4	49319	2
17045	4	49320	-3
17046	4	49321	-3
17047	4	49322	-3
17048	4	49323	-3
17049	4	49324	-3
17050	4	49325	5
17051	4	49326	-1
17052	4	49327	-4
17053	4	49328	2
17054	4	49329	-5
17055	4	49330	7
17056	4	49331	-1
17057	4	49332	-4
17058	4	49333	-5
17059	4	49334	0
17060	4	49335	6
17061	4	49336	5
17062	4	49337	-1
17063	4	49338	-1
17064	4	49339	-4
17065	4	49340	-4
17066	4	49341	-5
17067	4	49342	2
17068	4	49343	0
17069	4	49344	-5
17070	4	49345	6
17071	4	49346	7
17072	4	49347	5
17073	4	49348	-5
17074	4	49349	-5
17075	4	49350	-1
17076	4	49351	7
17077	4	49352	0
17078	4	49353	-4
17079	4	49354	-1
17080	4	49355	6
17081	4	49356	2
17082	4	49357	-4
17083	4	49358	5
17084	4	49359	2
17085	4	49360	-1
17086	4	49361	0
17087	4	49362	-1
17088	4	49363	-5
17089	4	49364	-4
17090	4	49365	6
17091	4	49366	-4
17092	4	49367	7
17093	4	49368	-5
17094	4	49369	5
17095	4	49370	0
17096	4	49371	-4
17097	4	49372	7
17098	4	49373	2
17099	4	49374	-1
17100	4	49375	6
17101	4	49376	-5
17102	4	49377	-1
17103	4	49378	-5
17104	4	49379	-4
17105	4	49380	3
17106	4	49381	3
17107	4	49382	3
17108	4	49383	3
17109	4	49384	3
17110	4	49385	-5
17111	4	49386	-4
17112	4	49387	2
17113	4	49388	0
17114	4	49389	-6
17115	4	49390	7
17116	4	49391	-1
17117	4	49392	0
17118	4	49393	-3
17119	4	49394	8
17120	4	49395	-1
17121	4	49396	-5
17122	4	49397	-1
17123	4	49398	-4
17124	4	49399	0
17125	4	49400	2
17126	4	49401	-3
17127	4	49402	0
17128	4	49403	8
17129	4	49404	-6
17130	4	49405	-1
17131	4	49406	7
17132	4	49407	-5
17133	4	49408	-6
17134	4	49409	-3
17135	4	49410	-4
17136	4	49411	7
17137	4	49412	8
17138	4	49413	2
17139	4	49414	-1
17140	4	49415	-1
17141	4	49416	0
17142	4	49417	0
17143	4	49418	-5
17144	4	49419	0
17145	4	49420	-1
17146	4	49421	8
17147	4	49422	-4
17148	4	49423	-6
17149	4	49424	0
17150	4	49425	-1
17151	4	49426	2
17152	4	49427	7
17153	4	49428	-3
17154	4	49429	-5
17155	4	49430	8
17156	4	49431	0
17157	4	49432	7
17158	4	49433	0
17159	4	49434	-4
17160	4	49435	-1
17161	4	49436	-3
17162	4	49437	-1
17163	4	49438	-6
17164	4	49439	2
17165	4	49440	-1
17166	4	49441	-1
17167	4	49442	-1
17168	4	49443	-1
17169	4	49444	-1
17170	4	49445	-3
17171	4	49446	-1
17172	4	49447	2
17173	4	49448	8
17174	4	49449	-3
17175	4	49450	-1
17176	4	49451	1
17177	4	49452	5
17178	4	49453	6
17179	4	49454	-7
17180	4	49455	-6
17181	4	49456	-3
17182	4	49457	1
17183	4	49458	-1
17184	4	49459	5
17185	4	49460	2
17186	4	49461	6
17187	4	49462	8
17188	4	49463	-7
17189	4	49464	-3
17190	4	49465	-6
17191	4	49466	-1
17192	4	49467	-3
17193	4	49468	-3
17194	4	49469	6
17195	4	49470	-1
17196	4	49471	-1
17197	4	49472	-7
17198	4	49473	2
17199	4	49474	1
17200	4	49475	-6
17201	4	49476	8
17202	4	49477	5
17203	4	49478	-3
17204	4	49479	8
17205	4	49480	1
17206	4	49481	-7
17207	4	49482	-1
17208	4	49483	-3
17209	4	49484	5
17210	4	49485	-6
17211	4	49486	2
17212	4	49487	-1
17213	4	49488	6
17214	4	49489	-3
17215	4	49490	-7
17216	4	49491	5
17217	4	49492	-1
17218	4	49493	8
17219	4	49494	-1
17220	4	49495	-6
17221	4	49496	6
17222	4	49497	1
17223	4	49498	-3
17224	4	49499	2
17225	4	49500	1
17226	4	49501	1
17227	4	49502	1
17228	4	49503	1
17229	4	49504	1
17230	2	49506	4
17231	4	49507	-5
17232	4	49508	2
17233	4	49509	2
17234	4	49510	-1
17235	4	49511	-5
17236	4	49512	1
17237	4	49513	1
17238	4	49514	-1
17239	2	49515	2
17240	2	49518	4
17241	4	49519	1
17242	4	49520	-5
17243	4	49521	1
17244	4	49522	2
17245	4	49523	-1
17246	4	49524	2
17247	2	49525	2
17248	2	49530	4
17249	4	49531	-1
17250	4	49532	-1
17251	4	49533	-5
17252	4	49534	-5
17253	2	49535	2
17254	2	49542	4
17255	4	49543	2
17256	4	49544	1
17257	2	49545	2
17258	2	49554	4
17259	2	49555	2
17260	4	49680	1
17261	4	49681	1
17262	4	49682	1
17263	4	49683	1
17264	4	49684	1
17265	2	49686	-1
17266	4	49687	-3
17267	4	49688	-3
17268	4	49689	-3
17269	4	49690	2
17270	4	49691	-3
17271	4	49692	5
17272	4	49693	5
17273	4	49694	2
17274	2	49695	-2
17275	2	49698	-1
17276	4	49699	5
17277	4	49700	-3
17278	4	49701	5
17279	4	49702	-3
17280	4	49703	2
17281	4	49704	-3
17282	2	49705	-2
17283	2	49710	-1
17284	4	49711	2
17285	4	49712	2
17286	4	49713	-3
17287	4	49714	-3
17288	2	49715	-2
17289	2	49722	-1
17290	4	49723	-3
17291	4	49724	5
17292	2	49725	-2
17293	2	49734	-1
17294	2	49735	-2
17295	4	49740	-4
17296	4	49741	-4
17297	4	49742	-4
17298	4	49743	-4
17299	4	49744	-4
17300	4	49745	5
17301	4	49746	2
17302	4	49747	-1
17303	4	49748	-3
17304	4	49749	1
17305	4	49750	2
17306	4	49751	3
17307	4	49752	-1
17308	4	49753	-2
17309	4	49754	0
17310	4	49755	-1
17311	4	49756	5
17312	4	49757	3
17313	4	49758	2
17314	4	49759	-1
17315	4	49760	-1
17316	4	49761	-2
17317	4	49762	-3
17318	4	49763	0
17319	4	49764	1
17320	4	49765	-1
17321	4	49766	2
17322	4	49767	5
17323	4	49768	1
17324	4	49769	-2
17325	4	49770	2
17326	4	49771	2
17327	4	49772	0
17328	4	49773	-1
17329	4	49774	3
17330	4	49775	-1
17331	4	49776	-3
17332	4	49777	-1
17333	4	49778	5
17334	4	49779	-3
17335	4	49780	3
17336	4	49781	0
17337	4	49782	2
17338	4	49783	1
17339	4	49784	-1
17340	4	49785	-1
17341	4	49786	-1
17342	4	49787	2
17343	4	49788	-2
17344	4	49789	5
17345	4	49790	0
17346	4	49791	-1
17347	4	49792	2
17348	4	49793	-3
17349	4	49794	2
17350	4	49795	-1
17351	4	49796	-2
17352	4	49797	3
17353	4	49798	1
17354	4	49799	-1
17355	4	49800	1
17356	4	49801	1
17357	4	49802	1
17358	4	49803	1
17359	4	49804	1
17360	4	49805	2
17361	4	49806	0
17362	4	49807	-1
17363	4	49808	5
17364	4	49809	-1
17365	4	49810	-7
17366	4	49811	4
17367	4	49812	1
17368	4	49813	-4
17369	4	49814	-3
17370	4	49815	3
17371	4	49816	2
17372	4	49817	4
17373	4	49818	0
17374	4	49819	1
17375	4	49820	-1
17376	4	49821	-4
17377	4	49822	5
17378	4	49823	-3
17379	4	49824	-1
17380	4	49825	3
17381	4	49826	-7
17382	4	49827	2
17383	4	49828	-1
17384	4	49829	-4
17385	4	49830	0
17386	4	49831	-7
17387	4	49832	-3
17388	4	49833	-1
17389	4	49834	4
17390	4	49835	3
17391	4	49836	5
17392	4	49837	1
17393	4	49838	2
17394	4	49839	5
17395	4	49840	4
17396	4	49841	-3
17397	4	49842	0
17398	4	49843	-1
17399	4	49844	1
17400	4	49845	3
17401	4	49846	-1
17402	4	49847	-7
17403	4	49848	-4
17404	4	49849	2
17405	4	49850	-3
17406	4	49851	1
17407	4	49852	-7
17408	4	49853	5
17409	4	49854	0
17410	4	49855	3
17411	4	49856	-4
17412	4	49857	4
17413	4	49858	-1
17414	4	49859	-1
17415	4	49860	-2
17416	4	49861	-2
17417	4	49862	-2
17418	4	49863	-2
17419	4	49864	-2
17420	2	49866	-4
17421	4	49867	3
17422	4	49868	-7
17423	4	49869	-7
17424	4	49870	7
17425	4	49871	3
17426	4	49872	4
17427	4	49873	4
17428	4	49874	7
17429	2	49875	-7
17430	2	49878	-4
17431	4	49879	4
17432	4	49880	3
17433	4	49881	4
17434	4	49882	-7
17435	4	49883	7
17436	4	49884	-7
17437	2	49885	-7
17438	2	49890	-4
17439	4	49891	7
17440	4	49892	7
17441	4	49893	3
17442	4	49894	3
17443	2	49895	-7
17444	2	49902	-4
17445	4	49903	-7
17446	4	49904	4
17447	2	49905	-7
17448	2	49914	-4
17449	2	49915	-7
17450	4	50160	4
17451	4	50161	4
17452	4	50162	4
17453	4	50163	4
17454	4	50164	4
17455	2	50166	0
17456	4	50167	4
17457	4	50168	5
17458	4	50169	5
17459	4	50170	-5
17460	4	50171	4
17461	4	50172	-11
17462	4	50173	-11
17463	4	50174	-5
17464	2	50175	6
17465	2	50178	0
17466	4	50179	-11
17467	4	50180	4
17468	4	50181	-11
17469	4	50182	5
17470	4	50183	-5
17471	4	50184	5
17472	2	50185	6
17473	2	50190	0
17474	4	50191	-5
17475	4	50192	-5
17476	4	50193	4
17477	4	50194	4
17478	2	50195	6
17479	2	50202	0
17480	4	50203	5
17481	4	50204	-11
17482	2	50205	6
17483	2	50214	0
17484	2	50215	6
17485	4	50220	2
17486	4	50221	2
17487	4	50222	2
17488	4	50223	2
17489	4	50224	2
17490	2	50226	0
17491	4	50227	2
17492	4	50228	5
17493	4	50229	5
17494	4	50230	-7
17495	4	50231	2
17496	4	50232	-5
17497	4	50233	-5
17498	4	50234	-7
17499	2	50235	5
17500	2	50238	0
17501	4	50239	-5
17502	4	50240	2
17503	4	50241	-5
17504	4	50242	5
17505	4	50243	-7
17506	4	50244	5
17507	2	50245	5
17508	2	50250	0
17509	4	50251	-7
17510	4	50252	-7
17511	4	50253	2
17512	4	50254	2
17513	2	50255	5
17514	2	50262	0
17515	4	50263	5
17516	4	50264	-5
17517	2	50265	5
17518	2	50274	0
17519	2	50275	5
